2025-12-19 19:22:57 - preprocess - INFO - Logging initialized. Log file: results/diffusion/unet-2000-epochs-correct-data/logs/preprocess_20251219_192257.log
2025-12-19 19:22:57 - preprocess - INFO - ============================================================
2025-12-19 19:22:57 - preprocess - INFO - Starting diffusion model training...
2025-12-19 19:22:57 - preprocess - INFO - Run name: unet-2000-epochs-correct-data
2025-12-19 19:22:57 - preprocess - INFO - Output directory: results/diffusion/unet-2000-epochs-correct-data
2025-12-19 19:22:57 - preprocess - INFO - Data directory: dataset/diffusion_dataset_urmp_inst_filtered_corrected/
2025-12-19 19:22:57 - preprocess - INFO - Model directory: results/pretrain/urmp_72h/
2025-12-19 19:22:57 - preprocess - INFO - Batch size: 16
2025-12-19 19:22:57 - preprocess - INFO - Epochs: 2000
2025-12-19 19:22:57 - preprocess - INFO - Use loudness_diff: True
2025-12-19 19:22:57 - preprocess - INFO - Use f0_diff: True
2025-12-19 19:22:57 - preprocess - INFO - ============================================================
2025-12-19 19:22:57 - preprocess - INFO - Saved Hydra config to results/diffusion/unet-2000-epochs-correct-data/hydra_config.yaml
2025-12-19 19:22:59 - preprocess - INFO - train data length: 652
2025-12-19 19:22:59 - preprocess - INFO - test data length: 253
2025-12-19 19:23:00 - preprocess - INFO - device: cuda:0
2025-12-19 19:23:00 - preprocess - INFO - epochs: 2000
2025-12-19 19:23:00 - preprocess - INFO - loudness_mean: -51.83556569773824, loudness_std: 13.820042209349094
2025-12-19 19:23:00 - preprocess - INFO - loudness_diff_mean: -6.523418458474438, loudness_diff_std: 11.09299269967169
2025-12-19 19:23:01 - preprocess - INFO - f0_mean: -0.126923, f0_std: 34.745567
2025-12-19 19:23:01 - preprocess - INFO - original_f0_mean: 478.204041, original_f0_std: 225.365356
2025-12-19 19:23:01 - preprocess - INFO - z_feature_mean: [-1.642623   -1.1363043   1.3646528  -2.5617564   0.34910133  2.4874735
 -1.61675    -1.8693314   1.0201387   0.37020814 -0.92328453 -0.20543247
  0.9462682  -1.5191687  -0.16832328  1.5967065 ], z_feature_std: [3.1070309 3.8330216 2.9165287 3.1735663 3.1901147 3.3712666 3.3692403
 3.257312  2.9745538 2.9173799 3.8456688 3.0898263 4.0050793 3.5887523
 3.5316572 3.2448287]
2025-12-19 19:23:01 - preprocess - INFO - note_mask_mean: 0.734324, note_mask_std: 0.441693
2025-12-19 19:23:01 - preprocess - INFO - TD/FD統計情報を results/diffusion/unet-2000-epochs-correct-data/statistics に保存しました
2025-12-19 19:23:01 - preprocess - INFO - f0_mean: -0.126923, f0_std: 34.745567
2025-12-19 19:23:01 - preprocess - INFO - z_feature_mean shape: torch.Size([1, 1, 16]), z_feature_std shape: torch.Size([1, 1, 16])
2025-12-19 19:23:01 - preprocess - INFO - DDSP model loaded: results/pretrain/urmp_72h/models/best_model.pth
2025-12-19 19:23:01 - preprocess - INFO - output_dir: results/diffusion/unet-2000-epochs-correct-data
2025-12-19 19:23:01 - preprocess - INFO - Saved diffusion statistics to results/diffusion/unet-2000-epochs-correct-data/statistics/diffusion_statistics.json
2025-12-19 19:23:01 - preprocess - INFO - Start training...
2025-12-19 19:23:01 - preprocess - INFO - Diffusion model parameters: 9929672
2025-12-19 19:23:01 - preprocess - INFO - loss:
MSE Loss (target=loudness)
MSE Loss (target=z_feature)
MSE Loss (target=pitch)
L2 Normalization Loss (target=loudness)
L2 Normalization Loss (target=pitch)

2025-12-19 19:23:04 - preprocess - INFO - Train Epoch 1 | Loss: 3.734832, Mean Loss: 3.734832
2025-12-19 19:23:04 - preprocess - INFO - Validation Epoch 1 | Loss: 1.768945
2025-12-19 19:23:04 - preprocess - INFO - Best model saved: results/diffusion/unet-2000-epochs-correct-data/models/best_model.pth (validation_loss: 1.768945)
2025-12-19 19:23:06 - preprocess - INFO - Train Epoch 2 | Loss: 1.882032, Mean Loss: 2.808432
2025-12-19 19:23:07 - preprocess - INFO - Validation Epoch 2 | Loss: 1.178990
2025-12-19 19:23:07 - preprocess - INFO - Best model saved: results/diffusion/unet-2000-epochs-correct-data/models/best_model.pth (validation_loss: 1.178990)
2025-12-19 19:23:09 - preprocess - INFO - Train Epoch 3 | Loss: 1.364711, Mean Loss: 2.327192
2025-12-19 19:23:09 - preprocess - INFO - Validation Epoch 3 | Loss: 0.732252
2025-12-19 19:23:09 - preprocess - INFO - Best model saved: results/diffusion/unet-2000-epochs-correct-data/models/best_model.pth (validation_loss: 0.732252)
2025-12-19 19:23:11 - preprocess - INFO - Train Epoch 4 | Loss: 1.121196, Mean Loss: 2.025693
2025-12-19 19:23:11 - preprocess - INFO - Validation Epoch 4 | Loss: 1.141914
2025-12-19 19:23:11 - preprocess - INFO - Last model saved: results/diffusion/unet-2000-epochs-correct-data/models/last_model.pth
2025-12-19 19:23:14 - preprocess - INFO - Train Epoch 5 | Loss: 1.165074, Mean Loss: 1.853569
2025-12-19 19:23:14 - preprocess - INFO - Validation Epoch 5 | Loss: 0.754171
2025-12-19 19:23:14 - preprocess - INFO - Last model saved: results/diffusion/unet-2000-epochs-correct-data/models/last_model.pth
2025-12-19 19:23:16 - preprocess - INFO - Train Epoch 6 | Loss: 0.832989, Mean Loss: 1.683472
2025-12-19 19:23:16 - preprocess - INFO - Validation Epoch 6 | Loss: 0.605364
2025-12-19 19:23:16 - preprocess - INFO - Best model saved: results/diffusion/unet-2000-epochs-correct-data/models/best_model.pth (validation_loss: 0.605364)
2025-12-19 19:23:18 - preprocess - INFO - Train Epoch 7 | Loss: 0.809582, Mean Loss: 1.558631
2025-12-19 19:23:19 - preprocess - INFO - Validation Epoch 7 | Loss: 0.611123
2025-12-19 19:23:19 - preprocess - INFO - Last model saved: results/diffusion/unet-2000-epochs-correct-data/models/last_model.pth
2025-12-19 19:23:21 - preprocess - INFO - Train Epoch 8 | Loss: 0.609279, Mean Loss: 1.439962
2025-12-19 19:23:21 - preprocess - INFO - Validation Epoch 8 | Loss: 0.581484
2025-12-19 19:23:21 - preprocess - INFO - Best model saved: results/diffusion/unet-2000-epochs-correct-data/models/best_model.pth (validation_loss: 0.581484)
2025-12-19 19:23:23 - preprocess - INFO - Train Epoch 9 | Loss: 0.562909, Mean Loss: 1.342512
2025-12-19 19:23:24 - preprocess - INFO - Validation Epoch 9 | Loss: 0.554008
2025-12-19 19:23:24 - preprocess - INFO - Best model saved: results/diffusion/unet-2000-epochs-correct-data/models/best_model.pth (validation_loss: 0.554008)
2025-12-19 19:23:26 - preprocess - INFO - Train Epoch 10 | Loss: 0.590931, Mean Loss: 1.267354
2025-12-19 19:23:26 - preprocess - INFO - Validation Epoch 10 | Loss: 0.753389
2025-12-19 19:23:26 - preprocess - INFO - Last model saved: results/diffusion/unet-2000-epochs-correct-data/models/last_model.pth
2025-12-19 19:23:49 - preprocess - INFO - Train Epoch 11 | Loss: 0.546723, Mean Loss: 0.546723
2025-12-19 19:23:50 - preprocess - INFO - Validation Epoch 11 | Loss: 0.474853
2025-12-19 19:23:50 - preprocess - INFO - Best model saved: results/diffusion/unet-2000-epochs-correct-data/models/best_model.pth (validation_loss: 0.474853)
2025-12-19 19:23:52 - preprocess - INFO - Train Epoch 12 | Loss: 0.556003, Mean Loss: 0.551363
2025-12-19 19:23:52 - preprocess - INFO - Validation Epoch 12 | Loss: 0.494007
2025-12-19 19:23:52 - preprocess - INFO - Last model saved: results/diffusion/unet-2000-epochs-correct-data/models/last_model.pth
2025-12-19 19:23:54 - preprocess - INFO - Train Epoch 13 | Loss: 0.501936, Mean Loss: 0.534888
2025-12-19 19:23:55 - preprocess - INFO - Validation Epoch 13 | Loss: 0.455147
2025-12-19 19:23:55 - preprocess - INFO - Best model saved: results/diffusion/unet-2000-epochs-correct-data/models/best_model.pth (validation_loss: 0.455147)
2025-12-19 19:23:57 - preprocess - INFO - Train Epoch 14 | Loss: 0.530986, Mean Loss: 0.533912
2025-12-19 19:23:57 - preprocess - INFO - Validation Epoch 14 | Loss: 0.484949
2025-12-19 19:23:57 - preprocess - INFO - Last model saved: results/diffusion/unet-2000-epochs-correct-data/models/last_model.pth
2025-12-19 19:23:59 - preprocess - INFO - Train Epoch 15 | Loss: 0.494297, Mean Loss: 0.525989
2025-12-19 19:23:59 - preprocess - INFO - Validation Epoch 15 | Loss: 0.481484
2025-12-19 19:23:59 - preprocess - INFO - Last model saved: results/diffusion/unet-2000-epochs-correct-data/models/last_model.pth
2025-12-19 19:24:01 - preprocess - INFO - Train Epoch 16 | Loss: 0.487790, Mean Loss: 0.519623
2025-12-19 19:24:02 - preprocess - INFO - Validation Epoch 16 | Loss: 0.551226
2025-12-19 19:24:02 - preprocess - INFO - Last model saved: results/diffusion/unet-2000-epochs-correct-data/models/last_model.pth
2025-12-19 19:24:04 - preprocess - INFO - Train Epoch 17 | Loss: 0.516543, Mean Loss: 0.519183
2025-12-19 19:24:04 - preprocess - INFO - Validation Epoch 17 | Loss: 0.562965
2025-12-19 19:24:04 - preprocess - INFO - Last model saved: results/diffusion/unet-2000-epochs-correct-data/models/last_model.pth
2025-12-19 19:24:06 - preprocess - INFO - Train Epoch 18 | Loss: 0.489126, Mean Loss: 0.515426
2025-12-19 19:24:07 - preprocess - INFO - Validation Epoch 18 | Loss: 0.426142
2025-12-19 19:24:07 - preprocess - INFO - Best model saved: results/diffusion/unet-2000-epochs-correct-data/models/best_model.pth (validation_loss: 0.426142)
2025-12-19 19:24:09 - preprocess - INFO - Train Epoch 19 | Loss: 0.480195, Mean Loss: 0.511511
2025-12-19 19:24:09 - preprocess - INFO - Validation Epoch 19 | Loss: 0.483508
2025-12-19 19:24:09 - preprocess - INFO - Last model saved: results/diffusion/unet-2000-epochs-correct-data/models/last_model.pth
2025-12-19 19:24:11 - preprocess - INFO - Train Epoch 20 | Loss: 0.522572, Mean Loss: 0.512617
2025-12-19 19:24:12 - preprocess - INFO - Validation Epoch 20 | Loss: 0.430352
2025-12-19 19:24:12 - preprocess - INFO - Last model saved: results/diffusion/unet-2000-epochs-correct-data/models/last_model.pth
2025-12-19 19:24:35 - preprocess - INFO - Train Epoch 21 | Loss: 0.491496, Mean Loss: 0.491496
2025-12-19 19:24:35 - preprocess - INFO - Validation Epoch 21 | Loss: 0.460837
2025-12-19 19:24:35 - preprocess - INFO - Last model saved: results/diffusion/unet-2000-epochs-correct-data/models/last_model.pth
2025-12-19 19:24:37 - preprocess - INFO - Train Epoch 22 | Loss: 0.478800, Mean Loss: 0.485148
2025-12-19 19:24:38 - preprocess - INFO - Validation Epoch 22 | Loss: 0.462299
2025-12-19 19:24:38 - preprocess - INFO - Last model saved: results/diffusion/unet-2000-epochs-correct-data/models/last_model.pth
2025-12-19 19:24:40 - preprocess - INFO - Train Epoch 23 | Loss: 0.445262, Mean Loss: 0.471853
2025-12-19 19:24:40 - preprocess - INFO - Validation Epoch 23 | Loss: 0.365363
2025-12-19 19:24:40 - preprocess - INFO - Best model saved: results/diffusion/unet-2000-epochs-correct-data/models/best_model.pth (validation_loss: 0.365363)
2025-12-19 19:24:42 - preprocess - INFO - Train Epoch 24 | Loss: 0.456365, Mean Loss: 0.467981
2025-12-19 19:24:43 - preprocess - INFO - Validation Epoch 24 | Loss: 0.405574
2025-12-19 19:24:43 - preprocess - INFO - Last model saved: results/diffusion/unet-2000-epochs-correct-data/models/last_model.pth
2025-12-19 19:24:45 - preprocess - INFO - Train Epoch 25 | Loss: 0.467411, Mean Loss: 0.467867
2025-12-19 19:24:45 - preprocess - INFO - Validation Epoch 25 | Loss: 0.478411
2025-12-19 19:24:45 - preprocess - INFO - Last model saved: results/diffusion/unet-2000-epochs-correct-data/models/last_model.pth
2025-12-19 19:24:47 - preprocess - INFO - Train Epoch 26 | Loss: 0.567753, Mean Loss: 0.484514
2025-12-19 19:24:47 - preprocess - INFO - Validation Epoch 26 | Loss: 0.451355
2025-12-19 19:24:47 - preprocess - INFO - Last model saved: results/diffusion/unet-2000-epochs-correct-data/models/last_model.pth
2025-12-19 19:24:50 - preprocess - INFO - Train Epoch 27 | Loss: 0.445860, Mean Loss: 0.478992
2025-12-19 19:24:50 - preprocess - INFO - Validation Epoch 27 | Loss: 0.465774
2025-12-19 19:24:50 - preprocess - INFO - Last model saved: results/diffusion/unet-2000-epochs-correct-data/models/last_model.pth
2025-12-19 19:24:52 - preprocess - INFO - Train Epoch 28 | Loss: 0.431719, Mean Loss: 0.473083
2025-12-19 19:24:52 - preprocess - INFO - Validation Epoch 28 | Loss: 0.428200
2025-12-19 19:24:52 - preprocess - INFO - Last model saved: results/diffusion/unet-2000-epochs-correct-data/models/last_model.pth
2025-12-19 19:24:54 - preprocess - INFO - Train Epoch 29 | Loss: 0.434276, Mean Loss: 0.468771
2025-12-19 19:24:55 - preprocess - INFO - Validation Epoch 29 | Loss: 0.410016
2025-12-19 19:24:55 - preprocess - INFO - Last model saved: results/diffusion/unet-2000-epochs-correct-data/models/last_model.pth
2025-12-19 19:24:57 - preprocess - INFO - Train Epoch 30 | Loss: 0.452401, Mean Loss: 0.467134
2025-12-19 19:24:57 - preprocess - INFO - Validation Epoch 30 | Loss: 0.395427
2025-12-19 19:24:57 - preprocess - INFO - Last model saved: results/diffusion/unet-2000-epochs-correct-data/models/last_model.pth
2025-12-19 19:25:20 - preprocess - INFO - Train Epoch 31 | Loss: 0.421583, Mean Loss: 0.421583
2025-12-19 19:25:21 - preprocess - INFO - Validation Epoch 31 | Loss: 0.406140
2025-12-19 19:25:21 - preprocess - INFO - Last model saved: results/diffusion/unet-2000-epochs-correct-data/models/last_model.pth
2025-12-19 19:25:23 - preprocess - INFO - Train Epoch 32 | Loss: 0.429773, Mean Loss: 0.425678
2025-12-19 19:25:23 - preprocess - INFO - Validation Epoch 32 | Loss: 0.390896
2025-12-19 19:25:23 - preprocess - INFO - Last model saved: results/diffusion/unet-2000-epochs-correct-data/models/last_model.pth
2025-12-19 19:25:25 - preprocess - INFO - Train Epoch 33 | Loss: 0.414842, Mean Loss: 0.422066
2025-12-19 19:25:26 - preprocess - INFO - Validation Epoch 33 | Loss: 0.490066
2025-12-19 19:25:26 - preprocess - INFO - Last model saved: results/diffusion/unet-2000-epochs-correct-data/models/last_model.pth
2025-12-19 19:25:28 - preprocess - INFO - Train Epoch 34 | Loss: 0.398668, Mean Loss: 0.416216
2025-12-19 19:25:28 - preprocess - INFO - Validation Epoch 34 | Loss: 0.435860
2025-12-19 19:25:28 - preprocess - INFO - Last model saved: results/diffusion/unet-2000-epochs-correct-data/models/last_model.pth
2025-12-19 19:25:30 - preprocess - INFO - Train Epoch 35 | Loss: 0.423069, Mean Loss: 0.417587
2025-12-19 19:25:30 - preprocess - INFO - Validation Epoch 35 | Loss: 0.481538
2025-12-19 19:25:30 - preprocess - INFO - Last model saved: results/diffusion/unet-2000-epochs-correct-data/models/last_model.pth
2025-12-19 19:25:33 - preprocess - INFO - Train Epoch 36 | Loss: 0.541043, Mean Loss: 0.438163
2025-12-19 19:25:33 - preprocess - INFO - Validation Epoch 36 | Loss: 0.449080
2025-12-19 19:25:33 - preprocess - INFO - Last model saved: results/diffusion/unet-2000-epochs-correct-data/models/last_model.pth
2025-12-19 19:25:35 - preprocess - INFO - Train Epoch 37 | Loss: 0.466374, Mean Loss: 0.442193
2025-12-19 19:25:35 - preprocess - INFO - Validation Epoch 37 | Loss: 0.509727
2025-12-19 19:25:35 - preprocess - INFO - Last model saved: results/diffusion/unet-2000-epochs-correct-data/models/last_model.pth
2025-12-19 19:25:37 - preprocess - INFO - Train Epoch 38 | Loss: 0.475163, Mean Loss: 0.446314
2025-12-19 19:25:38 - preprocess - INFO - Validation Epoch 38 | Loss: 0.442268
2025-12-19 19:25:38 - preprocess - INFO - Last model saved: results/diffusion/unet-2000-epochs-correct-data/models/last_model.pth
2025-12-19 19:25:40 - preprocess - INFO - Train Epoch 39 | Loss: 0.444198, Mean Loss: 0.446079
2025-12-19 19:25:40 - preprocess - INFO - Validation Epoch 39 | Loss: 0.342429
2025-12-19 19:25:40 - preprocess - INFO - Best model saved: results/diffusion/unet-2000-epochs-correct-data/models/best_model.pth (validation_loss: 0.342429)
2025-12-19 19:25:42 - preprocess - INFO - Train Epoch 40 | Loss: 0.418040, Mean Loss: 0.443275
2025-12-19 19:25:43 - preprocess - INFO - Validation Epoch 40 | Loss: 0.421103
2025-12-19 19:25:43 - preprocess - INFO - Last model saved: results/diffusion/unet-2000-epochs-correct-data/models/last_model.pth
2025-12-19 19:26:06 - preprocess - INFO - Train Epoch 41 | Loss: 0.401026, Mean Loss: 0.401026
2025-12-19 19:26:06 - preprocess - INFO - Validation Epoch 41 | Loss: 0.431005
2025-12-19 19:26:06 - preprocess - INFO - Last model saved: results/diffusion/unet-2000-epochs-correct-data/models/last_model.pth
2025-12-19 19:26:08 - preprocess - INFO - Train Epoch 42 | Loss: 0.408111, Mean Loss: 0.404569
2025-12-19 19:26:09 - preprocess - INFO - Validation Epoch 42 | Loss: 0.370116
2025-12-19 19:26:09 - preprocess - INFO - Last model saved: results/diffusion/unet-2000-epochs-correct-data/models/last_model.pth
2025-12-19 19:26:11 - preprocess - INFO - Train Epoch 43 | Loss: 0.403090, Mean Loss: 0.404076
2025-12-19 19:26:11 - preprocess - INFO - Validation Epoch 43 | Loss: 0.399271
2025-12-19 19:26:11 - preprocess - INFO - Last model saved: results/diffusion/unet-2000-epochs-correct-data/models/last_model.pth
2025-12-19 19:26:13 - preprocess - INFO - Train Epoch 44 | Loss: 0.419922, Mean Loss: 0.408037
2025-12-19 19:26:13 - preprocess - INFO - Validation Epoch 44 | Loss: 0.445581
2025-12-19 19:26:13 - preprocess - INFO - Last model saved: results/diffusion/unet-2000-epochs-correct-data/models/last_model.pth
2025-12-19 19:26:15 - preprocess - INFO - Train Epoch 45 | Loss: 0.386169, Mean Loss: 0.403664
2025-12-19 19:26:16 - preprocess - INFO - Validation Epoch 45 | Loss: 0.462832
2025-12-19 19:26:16 - preprocess - INFO - Last model saved: results/diffusion/unet-2000-epochs-correct-data/models/last_model.pth
2025-12-19 19:26:18 - preprocess - INFO - Train Epoch 46 | Loss: 0.405767, Mean Loss: 0.404014
2025-12-19 19:26:18 - preprocess - INFO - Validation Epoch 46 | Loss: 0.430286
2025-12-19 19:26:18 - preprocess - INFO - Last model saved: results/diffusion/unet-2000-epochs-correct-data/models/last_model.pth
2025-12-19 19:26:20 - preprocess - INFO - Train Epoch 47 | Loss: 0.475200, Mean Loss: 0.414184
2025-12-19 19:26:21 - preprocess - INFO - Validation Epoch 47 | Loss: 0.382773
2025-12-19 19:26:21 - preprocess - INFO - Last model saved: results/diffusion/unet-2000-epochs-correct-data/models/last_model.pth
2025-12-19 19:26:23 - preprocess - INFO - Train Epoch 48 | Loss: 0.405684, Mean Loss: 0.413121
2025-12-19 19:26:23 - preprocess - INFO - Validation Epoch 48 | Loss: 0.448428
2025-12-19 19:26:23 - preprocess - INFO - Last model saved: results/diffusion/unet-2000-epochs-correct-data/models/last_model.pth
2025-12-19 19:26:25 - preprocess - INFO - Train Epoch 49 | Loss: 0.450925, Mean Loss: 0.417322
2025-12-19 19:26:25 - preprocess - INFO - Validation Epoch 49 | Loss: 0.429617
2025-12-19 19:26:26 - preprocess - INFO - Last model saved: results/diffusion/unet-2000-epochs-correct-data/models/last_model.pth
2025-12-19 19:26:28 - preprocess - INFO - Train Epoch 50 | Loss: 0.411530, Mean Loss: 0.416742
2025-12-19 19:26:28 - preprocess - INFO - Validation Epoch 50 | Loss: 0.376572
2025-12-19 19:26:28 - preprocess - INFO - Last model saved: results/diffusion/unet-2000-epochs-correct-data/models/last_model.pth
2025-12-19 19:26:51 - preprocess - INFO - Train Epoch 51 | Loss: 0.459551, Mean Loss: 0.459551
2025-12-19 19:26:52 - preprocess - INFO - Validation Epoch 51 | Loss: 0.419860
2025-12-19 19:26:52 - preprocess - INFO - Last model saved: results/diffusion/unet-2000-epochs-correct-data/models/last_model.pth
2025-12-19 19:26:54 - preprocess - INFO - Train Epoch 52 | Loss: 0.455644, Mean Loss: 0.457597
2025-12-19 19:26:54 - preprocess - INFO - Validation Epoch 52 | Loss: 0.524516
2025-12-19 19:26:54 - preprocess - INFO - Last model saved: results/diffusion/unet-2000-epochs-correct-data/models/last_model.pth
2025-12-19 19:26:56 - preprocess - INFO - Train Epoch 53 | Loss: 0.432329, Mean Loss: 0.449174
2025-12-19 19:26:56 - preprocess - INFO - Validation Epoch 53 | Loss: 0.430440
2025-12-19 19:26:57 - preprocess - INFO - Last model saved: results/diffusion/unet-2000-epochs-correct-data/models/last_model.pth
2025-12-19 19:26:59 - preprocess - INFO - Train Epoch 54 | Loss: 0.379868, Mean Loss: 0.431848
2025-12-19 19:26:59 - preprocess - INFO - Validation Epoch 54 | Loss: 0.483450
2025-12-19 19:26:59 - preprocess - INFO - Last model saved: results/diffusion/unet-2000-epochs-correct-data/models/last_model.pth
2025-12-19 19:27:01 - preprocess - INFO - Train Epoch 55 | Loss: 0.396360, Mean Loss: 0.424750
2025-12-19 19:27:01 - preprocess - INFO - Validation Epoch 55 | Loss: 0.363080
2025-12-19 19:27:01 - preprocess - INFO - Last model saved: results/diffusion/unet-2000-epochs-correct-data/models/last_model.pth
2025-12-19 19:27:04 - preprocess - INFO - Train Epoch 56 | Loss: 0.377166, Mean Loss: 0.416820
2025-12-19 19:27:04 - preprocess - INFO - Validation Epoch 56 | Loss: 0.389206
2025-12-19 19:27:04 - preprocess - INFO - Last model saved: results/diffusion/unet-2000-epochs-correct-data/models/last_model.pth
2025-12-19 19:27:07 - preprocess - INFO - Train Epoch 57 | Loss: 0.414657, Mean Loss: 0.416511
2025-12-19 19:27:07 - preprocess - INFO - Validation Epoch 57 | Loss: 0.401273
2025-12-19 19:27:07 - preprocess - INFO - Last model saved: results/diffusion/unet-2000-epochs-correct-data/models/last_model.pth
2025-12-19 19:27:10 - preprocess - INFO - Train Epoch 58 | Loss: 0.466065, Mean Loss: 0.422705
2025-12-19 19:27:10 - preprocess - INFO - Validation Epoch 58 | Loss: 0.480578
2025-12-19 19:27:10 - preprocess - INFO - Last model saved: results/diffusion/unet-2000-epochs-correct-data/models/last_model.pth
2025-12-19 19:27:12 - preprocess - INFO - Train Epoch 59 | Loss: 0.410847, Mean Loss: 0.421387
2025-12-19 19:27:13 - preprocess - INFO - Validation Epoch 59 | Loss: 0.399432
2025-12-19 19:27:13 - preprocess - INFO - Last model saved: results/diffusion/unet-2000-epochs-correct-data/models/last_model.pth
2025-12-19 19:27:15 - preprocess - INFO - Train Epoch 60 | Loss: 0.440072, Mean Loss: 0.423256
2025-12-19 19:27:15 - preprocess - INFO - Validation Epoch 60 | Loss: 0.411685
2025-12-19 19:27:15 - preprocess - INFO - Last model saved: results/diffusion/unet-2000-epochs-correct-data/models/last_model.pth
2025-12-19 19:27:43 - preprocess - INFO - Train Epoch 61 | Loss: 0.351163, Mean Loss: 0.351163
2025-12-19 19:27:43 - preprocess - INFO - Validation Epoch 61 | Loss: 0.374295
2025-12-19 19:27:43 - preprocess - INFO - Last model saved: results/diffusion/unet-2000-epochs-correct-data/models/last_model.pth
2025-12-19 19:27:45 - preprocess - INFO - Train Epoch 62 | Loss: 0.351727, Mean Loss: 0.351445
2025-12-19 19:27:46 - preprocess - INFO - Validation Epoch 62 | Loss: 0.359509
2025-12-19 19:27:46 - preprocess - INFO - Last model saved: results/diffusion/unet-2000-epochs-correct-data/models/last_model.pth
2025-12-19 19:27:48 - preprocess - INFO - Train Epoch 63 | Loss: 0.360931, Mean Loss: 0.354607
2025-12-19 19:27:49 - preprocess - INFO - Validation Epoch 63 | Loss: 0.344984
2025-12-19 19:27:49 - preprocess - INFO - Last model saved: results/diffusion/unet-2000-epochs-correct-data/models/last_model.pth
2025-12-19 19:27:51 - preprocess - INFO - Train Epoch 64 | Loss: 0.382341, Mean Loss: 0.361541
2025-12-19 19:27:51 - preprocess - INFO - Validation Epoch 64 | Loss: 0.364127
2025-12-19 19:27:51 - preprocess - INFO - Last model saved: results/diffusion/unet-2000-epochs-correct-data/models/last_model.pth
2025-12-19 19:27:53 - preprocess - INFO - Train Epoch 65 | Loss: 0.382528, Mean Loss: 0.365738
2025-12-19 19:27:54 - preprocess - INFO - Validation Epoch 65 | Loss: 0.369149
2025-12-19 19:27:54 - preprocess - INFO - Last model saved: results/diffusion/unet-2000-epochs-correct-data/models/last_model.pth
2025-12-19 19:27:56 - preprocess - INFO - Train Epoch 66 | Loss: 0.365269, Mean Loss: 0.365660
2025-12-19 19:27:56 - preprocess - INFO - Validation Epoch 66 | Loss: 0.356994
2025-12-19 19:27:56 - preprocess - INFO - Last model saved: results/diffusion/unet-2000-epochs-correct-data/models/last_model.pth
2025-12-19 19:27:59 - preprocess - INFO - Train Epoch 67 | Loss: 0.377308, Mean Loss: 0.367324
2025-12-19 19:27:59 - preprocess - INFO - Validation Epoch 67 | Loss: 0.343595
2025-12-19 19:27:59 - preprocess - INFO - Last model saved: results/diffusion/unet-2000-epochs-correct-data/models/last_model.pth
2025-12-19 19:28:02 - preprocess - INFO - Train Epoch 68 | Loss: 0.372046, Mean Loss: 0.367914
2025-12-19 19:28:02 - preprocess - INFO - Validation Epoch 68 | Loss: 0.380827
2025-12-19 19:28:02 - preprocess - INFO - Last model saved: results/diffusion/unet-2000-epochs-correct-data/models/last_model.pth
2025-12-19 19:28:04 - preprocess - INFO - Train Epoch 69 | Loss: 0.363885, Mean Loss: 0.367467
2025-12-19 19:28:05 - preprocess - INFO - Validation Epoch 69 | Loss: 0.371955
2025-12-19 19:28:05 - preprocess - INFO - Last model saved: results/diffusion/unet-2000-epochs-correct-data/models/last_model.pth
2025-12-19 19:28:07 - preprocess - INFO - Train Epoch 70 | Loss: 0.368365, Mean Loss: 0.367556
2025-12-19 19:28:08 - preprocess - INFO - Validation Epoch 70 | Loss: 0.389405
2025-12-19 19:28:08 - preprocess - INFO - Last model saved: results/diffusion/unet-2000-epochs-correct-data/models/last_model.pth
2025-12-19 19:28:34 - preprocess - INFO - Train Epoch 71 | Loss: 0.367369, Mean Loss: 0.367369
2025-12-19 19:28:35 - preprocess - INFO - Validation Epoch 71 | Loss: 0.392675
2025-12-19 19:28:35 - preprocess - INFO - Last model saved: results/diffusion/unet-2000-epochs-correct-data/models/last_model.pth
2025-12-19 19:28:37 - preprocess - INFO - Train Epoch 72 | Loss: 0.384491, Mean Loss: 0.375930
2025-12-19 19:28:37 - preprocess - INFO - Validation Epoch 72 | Loss: 0.334555
2025-12-19 19:28:38 - preprocess - INFO - Best model saved: results/diffusion/unet-2000-epochs-correct-data/models/best_model.pth (validation_loss: 0.334555)
2025-12-19 19:28:40 - preprocess - INFO - Train Epoch 73 | Loss: 0.386637, Mean Loss: 0.379499
2025-12-19 19:28:40 - preprocess - INFO - Validation Epoch 73 | Loss: 0.428533
2025-12-19 19:28:40 - preprocess - INFO - Last model saved: results/diffusion/unet-2000-epochs-correct-data/models/last_model.pth
2025-12-19 19:28:43 - preprocess - INFO - Train Epoch 74 | Loss: 0.377772, Mean Loss: 0.379067
2025-12-19 19:28:43 - preprocess - INFO - Validation Epoch 74 | Loss: 0.413010
2025-12-19 19:28:43 - preprocess - INFO - Last model saved: results/diffusion/unet-2000-epochs-correct-data/models/last_model.pth
2025-12-19 19:28:46 - preprocess - INFO - Train Epoch 75 | Loss: 0.406498, Mean Loss: 0.384553
2025-12-19 19:28:46 - preprocess - INFO - Validation Epoch 75 | Loss: 0.364887
2025-12-19 19:28:46 - preprocess - INFO - Last model saved: results/diffusion/unet-2000-epochs-correct-data/models/last_model.pth
2025-12-19 19:28:48 - preprocess - INFO - Train Epoch 76 | Loss: 0.378525, Mean Loss: 0.383549
2025-12-19 19:28:48 - preprocess - INFO - Validation Epoch 76 | Loss: 0.437438
2025-12-19 19:28:48 - preprocess - INFO - Last model saved: results/diffusion/unet-2000-epochs-correct-data/models/last_model.pth
2025-12-19 19:28:51 - preprocess - INFO - Train Epoch 77 | Loss: 0.373528, Mean Loss: 0.382117
2025-12-19 19:28:51 - preprocess - INFO - Validation Epoch 77 | Loss: 0.459599
2025-12-19 19:28:51 - preprocess - INFO - Last model saved: results/diffusion/unet-2000-epochs-correct-data/models/last_model.pth
2025-12-19 19:28:54 - preprocess - INFO - Train Epoch 78 | Loss: 0.410988, Mean Loss: 0.385726
2025-12-19 19:28:54 - preprocess - INFO - Validation Epoch 78 | Loss: 0.420965
2025-12-19 19:28:54 - preprocess - INFO - Last model saved: results/diffusion/unet-2000-epochs-correct-data/models/last_model.pth
2025-12-19 19:28:56 - preprocess - INFO - Train Epoch 79 | Loss: 0.366663, Mean Loss: 0.383608
2025-12-19 19:28:57 - preprocess - INFO - Validation Epoch 79 | Loss: 0.354264
2025-12-19 19:28:57 - preprocess - INFO - Last model saved: results/diffusion/unet-2000-epochs-correct-data/models/last_model.pth
2025-12-19 19:28:59 - preprocess - INFO - Train Epoch 80 | Loss: 0.371925, Mean Loss: 0.382440
2025-12-19 19:28:59 - preprocess - INFO - Validation Epoch 80 | Loss: 0.372368
2025-12-19 19:28:59 - preprocess - INFO - Last model saved: results/diffusion/unet-2000-epochs-correct-data/models/last_model.pth
2025-12-19 19:29:26 - preprocess - INFO - Train Epoch 81 | Loss: 0.354482, Mean Loss: 0.354482
2025-12-19 19:29:27 - preprocess - INFO - Validation Epoch 81 | Loss: 0.360222
2025-12-19 19:29:27 - preprocess - INFO - Last model saved: results/diffusion/unet-2000-epochs-correct-data/models/last_model.pth
2025-12-19 19:29:29 - preprocess - INFO - Train Epoch 82 | Loss: 0.347623, Mean Loss: 0.351052
2025-12-19 19:29:29 - preprocess - INFO - Validation Epoch 82 | Loss: 0.358241
2025-12-19 19:29:29 - preprocess - INFO - Last model saved: results/diffusion/unet-2000-epochs-correct-data/models/last_model.pth
2025-12-19 19:29:32 - preprocess - INFO - Train Epoch 83 | Loss: 0.348582, Mean Loss: 0.350229
2025-12-19 19:29:32 - preprocess - INFO - Validation Epoch 83 | Loss: 0.334118
2025-12-19 19:29:32 - preprocess - INFO - Best model saved: results/diffusion/unet-2000-epochs-correct-data/models/best_model.pth (validation_loss: 0.334118)
2025-12-19 19:29:34 - preprocess - INFO - Train Epoch 84 | Loss: 0.367680, Mean Loss: 0.354592
2025-12-19 19:29:35 - preprocess - INFO - Validation Epoch 84 | Loss: 0.307949
2025-12-19 19:29:35 - preprocess - INFO - Best model saved: results/diffusion/unet-2000-epochs-correct-data/models/best_model.pth (validation_loss: 0.307949)
2025-12-19 19:29:37 - preprocess - INFO - Train Epoch 85 | Loss: 0.328310, Mean Loss: 0.349335
2025-12-19 19:29:37 - preprocess - INFO - Validation Epoch 85 | Loss: 0.351204
2025-12-19 19:29:38 - preprocess - INFO - Last model saved: results/diffusion/unet-2000-epochs-correct-data/models/last_model.pth
2025-12-19 19:29:40 - preprocess - INFO - Train Epoch 86 | Loss: 0.342701, Mean Loss: 0.348230
2025-12-19 19:29:40 - preprocess - INFO - Validation Epoch 86 | Loss: 0.364680
2025-12-19 19:29:40 - preprocess - INFO - Last model saved: results/diffusion/unet-2000-epochs-correct-data/models/last_model.pth
2025-12-19 19:29:42 - preprocess - INFO - Train Epoch 87 | Loss: 0.316168, Mean Loss: 0.343649
2025-12-19 19:29:43 - preprocess - INFO - Validation Epoch 87 | Loss: 0.326613
2025-12-19 19:29:43 - preprocess - INFO - Last model saved: results/diffusion/unet-2000-epochs-correct-data/models/last_model.pth
2025-12-19 19:29:45 - preprocess - INFO - Train Epoch 88 | Loss: 0.332223, Mean Loss: 0.342221
2025-12-19 19:29:45 - preprocess - INFO - Validation Epoch 88 | Loss: 0.371579
2025-12-19 19:29:45 - preprocess - INFO - Last model saved: results/diffusion/unet-2000-epochs-correct-data/models/last_model.pth
2025-12-19 19:29:48 - preprocess - INFO - Train Epoch 89 | Loss: 0.380924, Mean Loss: 0.346521
2025-12-19 19:29:48 - preprocess - INFO - Validation Epoch 89 | Loss: 0.351650
2025-12-19 19:29:48 - preprocess - INFO - Last model saved: results/diffusion/unet-2000-epochs-correct-data/models/last_model.pth
2025-12-19 19:29:51 - preprocess - INFO - Train Epoch 90 | Loss: 0.351001, Mean Loss: 0.346969
2025-12-19 19:29:51 - preprocess - INFO - Validation Epoch 90 | Loss: 0.361627
2025-12-19 19:29:51 - preprocess - INFO - Last model saved: results/diffusion/unet-2000-epochs-correct-data/models/last_model.pth
2025-12-19 19:30:18 - preprocess - INFO - Train Epoch 91 | Loss: 0.364859, Mean Loss: 0.364859
2025-12-19 19:30:18 - preprocess - INFO - Validation Epoch 91 | Loss: 0.342200
2025-12-19 19:30:18 - preprocess - INFO - Last model saved: results/diffusion/unet-2000-epochs-correct-data/models/last_model.pth
2025-12-19 19:30:21 - preprocess - INFO - Train Epoch 92 | Loss: 0.336407, Mean Loss: 0.350633
2025-12-19 19:30:21 - preprocess - INFO - Validation Epoch 92 | Loss: 0.323615
2025-12-19 19:30:21 - preprocess - INFO - Last model saved: results/diffusion/unet-2000-epochs-correct-data/models/last_model.pth
2025-12-19 19:30:23 - preprocess - INFO - Train Epoch 93 | Loss: 0.338868, Mean Loss: 0.346711
2025-12-19 19:30:24 - preprocess - INFO - Validation Epoch 93 | Loss: 0.352857
2025-12-19 19:30:24 - preprocess - INFO - Last model saved: results/diffusion/unet-2000-epochs-correct-data/models/last_model.pth
2025-12-19 19:30:26 - preprocess - INFO - Train Epoch 94 | Loss: 0.315100, Mean Loss: 0.338808
2025-12-19 19:30:26 - preprocess - INFO - Validation Epoch 94 | Loss: 0.326177
2025-12-19 19:30:26 - preprocess - INFO - Last model saved: results/diffusion/unet-2000-epochs-correct-data/models/last_model.pth
2025-12-19 19:30:29 - preprocess - INFO - Train Epoch 95 | Loss: 0.361639, Mean Loss: 0.343375
2025-12-19 19:30:29 - preprocess - INFO - Validation Epoch 95 | Loss: 0.380343
2025-12-19 19:30:29 - preprocess - INFO - Last model saved: results/diffusion/unet-2000-epochs-correct-data/models/last_model.pth
2025-12-19 19:30:31 - preprocess - INFO - Train Epoch 96 | Loss: 0.339511, Mean Loss: 0.342731
2025-12-19 19:30:32 - preprocess - INFO - Validation Epoch 96 | Loss: 0.358225
2025-12-19 19:30:32 - preprocess - INFO - Last model saved: results/diffusion/unet-2000-epochs-correct-data/models/last_model.pth
2025-12-19 19:30:34 - preprocess - INFO - Train Epoch 97 | Loss: 0.366065, Mean Loss: 0.346064
2025-12-19 19:30:35 - preprocess - INFO - Validation Epoch 97 | Loss: 0.294728
2025-12-19 19:30:35 - preprocess - INFO - Best model saved: results/diffusion/unet-2000-epochs-correct-data/models/best_model.pth (validation_loss: 0.294728)
2025-12-19 19:30:37 - preprocess - INFO - Train Epoch 98 | Loss: 0.329636, Mean Loss: 0.344011
2025-12-19 19:30:37 - preprocess - INFO - Validation Epoch 98 | Loss: 0.378341
2025-12-19 19:30:37 - preprocess - INFO - Last model saved: results/diffusion/unet-2000-epochs-correct-data/models/last_model.pth
2025-12-19 19:30:40 - preprocess - INFO - Train Epoch 99 | Loss: 0.355085, Mean Loss: 0.345241
2025-12-19 19:30:40 - preprocess - INFO - Validation Epoch 99 | Loss: 0.363366
2025-12-19 19:30:40 - preprocess - INFO - Last model saved: results/diffusion/unet-2000-epochs-correct-data/models/last_model.pth
2025-12-19 19:30:42 - preprocess - INFO - Train Epoch 100 | Loss: 0.365224, Mean Loss: 0.347239
2025-12-19 19:30:43 - preprocess - INFO - Validation Epoch 100 | Loss: 0.296702
2025-12-19 19:30:43 - preprocess - INFO - Last model saved: results/diffusion/unet-2000-epochs-correct-data/models/last_model.pth
2025-12-19 19:31:10 - preprocess - INFO - Train Epoch 101 | Loss: 0.329658, Mean Loss: 0.329658
2025-12-19 19:31:10 - preprocess - INFO - Validation Epoch 101 | Loss: 0.328644
2025-12-19 19:31:10 - preprocess - INFO - Last model saved: results/diffusion/unet-2000-epochs-correct-data/models/last_model.pth
2025-12-19 19:31:12 - preprocess - INFO - Train Epoch 102 | Loss: 0.352386, Mean Loss: 0.341022
2025-12-19 19:31:13 - preprocess - INFO - Validation Epoch 102 | Loss: 0.500868
2025-12-19 19:31:13 - preprocess - INFO - Last model saved: results/diffusion/unet-2000-epochs-correct-data/models/last_model.pth
2025-12-19 19:31:15 - preprocess - INFO - Train Epoch 103 | Loss: 0.420587, Mean Loss: 0.367544
2025-12-19 19:31:15 - preprocess - INFO - Validation Epoch 103 | Loss: 0.402032
2025-12-19 19:31:15 - preprocess - INFO - Last model saved: results/diffusion/unet-2000-epochs-correct-data/models/last_model.pth
2025-12-19 19:31:18 - preprocess - INFO - Train Epoch 104 | Loss: 0.321074, Mean Loss: 0.355926
2025-12-19 19:31:18 - preprocess - INFO - Validation Epoch 104 | Loss: 0.300624
2025-12-19 19:31:18 - preprocess - INFO - Last model saved: results/diffusion/unet-2000-epochs-correct-data/models/last_model.pth
2025-12-19 19:31:20 - preprocess - INFO - Train Epoch 105 | Loss: 0.340051, Mean Loss: 0.352751
2025-12-19 19:31:21 - preprocess - INFO - Validation Epoch 105 | Loss: 0.343822
2025-12-19 19:31:21 - preprocess - INFO - Last model saved: results/diffusion/unet-2000-epochs-correct-data/models/last_model.pth
2025-12-19 19:31:23 - preprocess - INFO - Train Epoch 106 | Loss: 0.329279, Mean Loss: 0.348839
2025-12-19 19:31:23 - preprocess - INFO - Validation Epoch 106 | Loss: 0.344317
2025-12-19 19:31:24 - preprocess - INFO - Last model saved: results/diffusion/unet-2000-epochs-correct-data/models/last_model.pth
2025-12-19 19:31:26 - preprocess - INFO - Train Epoch 107 | Loss: 0.326529, Mean Loss: 0.345652
2025-12-19 19:31:26 - preprocess - INFO - Validation Epoch 107 | Loss: 0.303539
2025-12-19 19:31:26 - preprocess - INFO - Last model saved: results/diffusion/unet-2000-epochs-correct-data/models/last_model.pth
2025-12-19 19:31:29 - preprocess - INFO - Train Epoch 108 | Loss: 0.318658, Mean Loss: 0.342278
2025-12-19 19:31:29 - preprocess - INFO - Validation Epoch 108 | Loss: 0.309317
2025-12-19 19:31:29 - preprocess - INFO - Last model saved: results/diffusion/unet-2000-epochs-correct-data/models/last_model.pth
2025-12-19 19:31:31 - preprocess - INFO - Train Epoch 109 | Loss: 0.309457, Mean Loss: 0.338631
2025-12-19 19:31:32 - preprocess - INFO - Validation Epoch 109 | Loss: 0.326336
2025-12-19 19:31:32 - preprocess - INFO - Last model saved: results/diffusion/unet-2000-epochs-correct-data/models/last_model.pth
2025-12-19 19:31:34 - preprocess - INFO - Train Epoch 110 | Loss: 0.318823, Mean Loss: 0.336650
2025-12-19 19:31:34 - preprocess - INFO - Validation Epoch 110 | Loss: 0.291712
2025-12-19 19:31:35 - preprocess - INFO - Best model saved: results/diffusion/unet-2000-epochs-correct-data/models/best_model.pth (validation_loss: 0.291712)
2025-12-19 19:32:02 - preprocess - INFO - Train Epoch 111 | Loss: 0.303516, Mean Loss: 0.303516
2025-12-19 19:32:02 - preprocess - INFO - Validation Epoch 111 | Loss: 0.349548
2025-12-19 19:32:02 - preprocess - INFO - Last model saved: results/diffusion/unet-2000-epochs-correct-data/models/last_model.pth
2025-12-19 19:32:04 - preprocess - INFO - Train Epoch 112 | Loss: 0.294272, Mean Loss: 0.298894
2025-12-19 19:32:05 - preprocess - INFO - Validation Epoch 112 | Loss: 0.418155
2025-12-19 19:32:05 - preprocess - INFO - Last model saved: results/diffusion/unet-2000-epochs-correct-data/models/last_model.pth
2025-12-19 19:32:07 - preprocess - INFO - Train Epoch 113 | Loss: 0.343583, Mean Loss: 0.313790
2025-12-19 19:32:07 - preprocess - INFO - Validation Epoch 113 | Loss: 0.326817
2025-12-19 19:32:07 - preprocess - INFO - Last model saved: results/diffusion/unet-2000-epochs-correct-data/models/last_model.pth
2025-12-19 19:32:10 - preprocess - INFO - Train Epoch 114 | Loss: 0.298800, Mean Loss: 0.310043
2025-12-19 19:32:10 - preprocess - INFO - Validation Epoch 114 | Loss: 0.335437
2025-12-19 19:32:10 - preprocess - INFO - Last model saved: results/diffusion/unet-2000-epochs-correct-data/models/last_model.pth
2025-12-19 19:32:12 - preprocess - INFO - Train Epoch 115 | Loss: 0.318795, Mean Loss: 0.311793
2025-12-19 19:32:12 - preprocess - INFO - Validation Epoch 115 | Loss: 0.320146
2025-12-19 19:32:12 - preprocess - INFO - Last model saved: results/diffusion/unet-2000-epochs-correct-data/models/last_model.pth
2025-12-19 19:32:15 - preprocess - INFO - Train Epoch 116 | Loss: 0.298793, Mean Loss: 0.309627
2025-12-19 19:32:15 - preprocess - INFO - Validation Epoch 116 | Loss: 0.339881
2025-12-19 19:32:15 - preprocess - INFO - Last model saved: results/diffusion/unet-2000-epochs-correct-data/models/last_model.pth
2025-12-19 19:32:17 - preprocess - INFO - Train Epoch 117 | Loss: 0.311470, Mean Loss: 0.309890
2025-12-19 19:32:17 - preprocess - INFO - Validation Epoch 117 | Loss: 0.315878
2025-12-19 19:32:17 - preprocess - INFO - Last model saved: results/diffusion/unet-2000-epochs-correct-data/models/last_model.pth
2025-12-19 19:32:19 - preprocess - INFO - Train Epoch 118 | Loss: 0.298656, Mean Loss: 0.308486
2025-12-19 19:32:20 - preprocess - INFO - Validation Epoch 118 | Loss: 0.293837
2025-12-19 19:32:20 - preprocess - INFO - Last model saved: results/diffusion/unet-2000-epochs-correct-data/models/last_model.pth
2025-12-19 19:32:22 - preprocess - INFO - Train Epoch 119 | Loss: 0.314110, Mean Loss: 0.309111
2025-12-19 19:32:22 - preprocess - INFO - Validation Epoch 119 | Loss: 0.269954
2025-12-19 19:32:22 - preprocess - INFO - Best model saved: results/diffusion/unet-2000-epochs-correct-data/models/best_model.pth (validation_loss: 0.269954)
2025-12-19 19:32:24 - preprocess - INFO - Train Epoch 120 | Loss: 0.294546, Mean Loss: 0.307654
2025-12-19 19:32:25 - preprocess - INFO - Validation Epoch 120 | Loss: 0.358636
2025-12-19 19:32:25 - preprocess - INFO - Last model saved: results/diffusion/unet-2000-epochs-correct-data/models/last_model.pth
2025-12-19 19:32:48 - preprocess - INFO - Train Epoch 121 | Loss: 0.313827, Mean Loss: 0.313827
2025-12-19 19:32:48 - preprocess - INFO - Validation Epoch 121 | Loss: 0.281223
2025-12-19 19:32:48 - preprocess - INFO - Last model saved: results/diffusion/unet-2000-epochs-correct-data/models/last_model.pth
2025-12-19 19:32:50 - preprocess - INFO - Train Epoch 122 | Loss: 0.295043, Mean Loss: 0.304435
2025-12-19 19:32:51 - preprocess - INFO - Validation Epoch 122 | Loss: 0.333029
2025-12-19 19:32:51 - preprocess - INFO - Last model saved: results/diffusion/unet-2000-epochs-correct-data/models/last_model.pth
2025-12-19 19:32:53 - preprocess - INFO - Train Epoch 123 | Loss: 0.348305, Mean Loss: 0.319059
2025-12-19 19:32:53 - preprocess - INFO - Validation Epoch 123 | Loss: 0.345375
2025-12-19 19:32:53 - preprocess - INFO - Last model saved: results/diffusion/unet-2000-epochs-correct-data/models/last_model.pth
2025-12-19 19:32:55 - preprocess - INFO - Train Epoch 124 | Loss: 0.385361, Mean Loss: 0.335634
2025-12-19 19:32:56 - preprocess - INFO - Validation Epoch 124 | Loss: 0.400580
2025-12-19 19:32:56 - preprocess - INFO - Last model saved: results/diffusion/unet-2000-epochs-correct-data/models/last_model.pth
2025-12-19 19:32:58 - preprocess - INFO - Train Epoch 125 | Loss: 0.338867, Mean Loss: 0.336281
2025-12-19 19:32:58 - preprocess - INFO - Validation Epoch 125 | Loss: 0.367278
2025-12-19 19:32:58 - preprocess - INFO - Last model saved: results/diffusion/unet-2000-epochs-correct-data/models/last_model.pth
2025-12-19 19:33:00 - preprocess - INFO - Train Epoch 126 | Loss: 0.325975, Mean Loss: 0.334563
2025-12-19 19:33:01 - preprocess - INFO - Validation Epoch 126 | Loss: 0.289202
2025-12-19 19:33:01 - preprocess - INFO - Last model saved: results/diffusion/unet-2000-epochs-correct-data/models/last_model.pth
2025-12-19 19:33:03 - preprocess - INFO - Train Epoch 127 | Loss: 0.320638, Mean Loss: 0.332574
2025-12-19 19:33:03 - preprocess - INFO - Validation Epoch 127 | Loss: 0.350481
2025-12-19 19:33:03 - preprocess - INFO - Last model saved: results/diffusion/unet-2000-epochs-correct-data/models/last_model.pth
2025-12-19 19:33:05 - preprocess - INFO - Train Epoch 128 | Loss: 0.308381, Mean Loss: 0.329550
2025-12-19 19:33:05 - preprocess - INFO - Validation Epoch 128 | Loss: 0.285892
2025-12-19 19:33:05 - preprocess - INFO - Last model saved: results/diffusion/unet-2000-epochs-correct-data/models/last_model.pth
2025-12-19 19:33:07 - preprocess - INFO - Train Epoch 129 | Loss: 0.285892, Mean Loss: 0.324699
2025-12-19 19:33:08 - preprocess - INFO - Validation Epoch 129 | Loss: 0.394269
2025-12-19 19:33:08 - preprocess - INFO - Last model saved: results/diffusion/unet-2000-epochs-correct-data/models/last_model.pth
2025-12-19 19:33:10 - preprocess - INFO - Train Epoch 130 | Loss: 0.307394, Mean Loss: 0.322968
2025-12-19 19:33:10 - preprocess - INFO - Validation Epoch 130 | Loss: 0.307555
2025-12-19 19:33:10 - preprocess - INFO - Last model saved: results/diffusion/unet-2000-epochs-correct-data/models/last_model.pth
2025-12-19 19:33:34 - preprocess - INFO - Train Epoch 131 | Loss: 0.302385, Mean Loss: 0.302385
2025-12-19 19:33:34 - preprocess - INFO - Validation Epoch 131 | Loss: 0.303251
2025-12-19 19:33:34 - preprocess - INFO - Last model saved: results/diffusion/unet-2000-epochs-correct-data/models/last_model.pth
2025-12-19 19:33:36 - preprocess - INFO - Train Epoch 132 | Loss: 0.331355, Mean Loss: 0.316870
2025-12-19 19:33:36 - preprocess - INFO - Validation Epoch 132 | Loss: 0.329756
2025-12-19 19:33:37 - preprocess - INFO - Last model saved: results/diffusion/unet-2000-epochs-correct-data/models/last_model.pth
2025-12-19 19:33:39 - preprocess - INFO - Train Epoch 133 | Loss: 0.361328, Mean Loss: 0.331689
2025-12-19 19:33:39 - preprocess - INFO - Validation Epoch 133 | Loss: 0.274790
2025-12-19 19:33:39 - preprocess - INFO - Last model saved: results/diffusion/unet-2000-epochs-correct-data/models/last_model.pth
2025-12-19 19:33:41 - preprocess - INFO - Train Epoch 134 | Loss: 0.303690, Mean Loss: 0.324690
2025-12-19 19:33:41 - preprocess - INFO - Validation Epoch 134 | Loss: 0.332616
2025-12-19 19:33:41 - preprocess - INFO - Last model saved: results/diffusion/unet-2000-epochs-correct-data/models/last_model.pth
2025-12-19 19:33:43 - preprocess - INFO - Train Epoch 135 | Loss: 0.313607, Mean Loss: 0.322473
2025-12-19 19:33:44 - preprocess - INFO - Validation Epoch 135 | Loss: 0.328516
2025-12-19 19:33:44 - preprocess - INFO - Last model saved: results/diffusion/unet-2000-epochs-correct-data/models/last_model.pth
2025-12-19 19:33:46 - preprocess - INFO - Train Epoch 136 | Loss: 0.277955, Mean Loss: 0.315053
2025-12-19 19:33:46 - preprocess - INFO - Validation Epoch 136 | Loss: 0.327857
2025-12-19 19:33:46 - preprocess - INFO - Last model saved: results/diffusion/unet-2000-epochs-correct-data/models/last_model.pth
2025-12-19 19:33:48 - preprocess - INFO - Train Epoch 137 | Loss: 0.297097, Mean Loss: 0.312488
2025-12-19 19:33:49 - preprocess - INFO - Validation Epoch 137 | Loss: 0.309078
2025-12-19 19:33:49 - preprocess - INFO - Last model saved: results/diffusion/unet-2000-epochs-correct-data/models/last_model.pth
2025-12-19 19:33:51 - preprocess - INFO - Train Epoch 138 | Loss: 0.299152, Mean Loss: 0.310821
2025-12-19 19:33:51 - preprocess - INFO - Validation Epoch 138 | Loss: 0.315128
2025-12-19 19:33:51 - preprocess - INFO - Last model saved: results/diffusion/unet-2000-epochs-correct-data/models/last_model.pth
2025-12-19 19:33:53 - preprocess - INFO - Train Epoch 139 | Loss: 0.285805, Mean Loss: 0.308042
2025-12-19 19:33:53 - preprocess - INFO - Validation Epoch 139 | Loss: 0.398865
2025-12-19 19:33:54 - preprocess - INFO - Last model saved: results/diffusion/unet-2000-epochs-correct-data/models/last_model.pth
2025-12-19 19:33:56 - preprocess - INFO - Train Epoch 140 | Loss: 0.268844, Mean Loss: 0.304122
2025-12-19 19:33:56 - preprocess - INFO - Validation Epoch 140 | Loss: 0.340624
2025-12-19 19:33:56 - preprocess - INFO - Last model saved: results/diffusion/unet-2000-epochs-correct-data/models/last_model.pth
2025-12-19 19:34:19 - preprocess - INFO - Train Epoch 141 | Loss: 0.288756, Mean Loss: 0.288756
2025-12-19 19:34:20 - preprocess - INFO - Validation Epoch 141 | Loss: 0.357117
2025-12-19 19:34:20 - preprocess - INFO - Last model saved: results/diffusion/unet-2000-epochs-correct-data/models/last_model.pth
2025-12-19 19:34:22 - preprocess - INFO - Train Epoch 142 | Loss: 0.327377, Mean Loss: 0.308067
2025-12-19 19:34:22 - preprocess - INFO - Validation Epoch 142 | Loss: 0.288646
2025-12-19 19:34:22 - preprocess - INFO - Last model saved: results/diffusion/unet-2000-epochs-correct-data/models/last_model.pth
2025-12-19 19:34:24 - preprocess - INFO - Train Epoch 143 | Loss: 0.294387, Mean Loss: 0.303507
2025-12-19 19:34:24 - preprocess - INFO - Validation Epoch 143 | Loss: 0.259147
2025-12-19 19:34:24 - preprocess - INFO - Best model saved: results/diffusion/unet-2000-epochs-correct-data/models/best_model.pth (validation_loss: 0.259147)
2025-12-19 19:34:26 - preprocess - INFO - Train Epoch 144 | Loss: 0.296513, Mean Loss: 0.301758
2025-12-19 19:34:27 - preprocess - INFO - Validation Epoch 144 | Loss: 0.271054
2025-12-19 19:34:27 - preprocess - INFO - Last model saved: results/diffusion/unet-2000-epochs-correct-data/models/last_model.pth
2025-12-19 19:34:29 - preprocess - INFO - Train Epoch 145 | Loss: 0.312991, Mean Loss: 0.304005
2025-12-19 19:34:29 - preprocess - INFO - Validation Epoch 145 | Loss: 0.305957
2025-12-19 19:34:29 - preprocess - INFO - Last model saved: results/diffusion/unet-2000-epochs-correct-data/models/last_model.pth
2025-12-19 19:34:31 - preprocess - INFO - Train Epoch 146 | Loss: 0.312527, Mean Loss: 0.305425
2025-12-19 19:34:32 - preprocess - INFO - Validation Epoch 146 | Loss: 0.305710
2025-12-19 19:34:32 - preprocess - INFO - Last model saved: results/diffusion/unet-2000-epochs-correct-data/models/last_model.pth
2025-12-19 19:34:34 - preprocess - INFO - Train Epoch 147 | Loss: 0.326055, Mean Loss: 0.308372
2025-12-19 19:34:34 - preprocess - INFO - Validation Epoch 147 | Loss: 0.260662
2025-12-19 19:34:34 - preprocess - INFO - Last model saved: results/diffusion/unet-2000-epochs-correct-data/models/last_model.pth
2025-12-19 19:34:36 - preprocess - INFO - Train Epoch 148 | Loss: 0.309579, Mean Loss: 0.308523
2025-12-19 19:34:37 - preprocess - INFO - Validation Epoch 148 | Loss: 0.291947
2025-12-19 19:34:37 - preprocess - INFO - Last model saved: results/diffusion/unet-2000-epochs-correct-data/models/last_model.pth
2025-12-19 19:34:39 - preprocess - INFO - Train Epoch 149 | Loss: 0.331719, Mean Loss: 0.311100
2025-12-19 19:34:39 - preprocess - INFO - Validation Epoch 149 | Loss: 0.321297
2025-12-19 19:34:39 - preprocess - INFO - Last model saved: results/diffusion/unet-2000-epochs-correct-data/models/last_model.pth
2025-12-19 19:34:41 - preprocess - INFO - Train Epoch 150 | Loss: 0.291924, Mean Loss: 0.309183
2025-12-19 19:34:41 - preprocess - INFO - Validation Epoch 150 | Loss: 0.290370
2025-12-19 19:34:41 - preprocess - INFO - Last model saved: results/diffusion/unet-2000-epochs-correct-data/models/last_model.pth
2025-12-19 19:35:05 - preprocess - INFO - Train Epoch 151 | Loss: 0.331023, Mean Loss: 0.331023
2025-12-19 19:35:05 - preprocess - INFO - Validation Epoch 151 | Loss: 0.319620
2025-12-19 19:35:05 - preprocess - INFO - Last model saved: results/diffusion/unet-2000-epochs-correct-data/models/last_model.pth
2025-12-19 19:35:07 - preprocess - INFO - Train Epoch 152 | Loss: 0.309267, Mean Loss: 0.320145
2025-12-19 19:35:07 - preprocess - INFO - Validation Epoch 152 | Loss: 0.254519
2025-12-19 19:35:07 - preprocess - INFO - Best model saved: results/diffusion/unet-2000-epochs-correct-data/models/best_model.pth (validation_loss: 0.254519)
2025-12-19 19:35:10 - preprocess - INFO - Train Epoch 153 | Loss: 0.327024, Mean Loss: 0.322438
2025-12-19 19:35:10 - preprocess - INFO - Validation Epoch 153 | Loss: 0.325151
2025-12-19 19:35:10 - preprocess - INFO - Last model saved: results/diffusion/unet-2000-epochs-correct-data/models/last_model.pth
2025-12-19 19:35:12 - preprocess - INFO - Train Epoch 154 | Loss: 0.333259, Mean Loss: 0.325144
2025-12-19 19:35:12 - preprocess - INFO - Validation Epoch 154 | Loss: 0.293958
2025-12-19 19:35:12 - preprocess - INFO - Last model saved: results/diffusion/unet-2000-epochs-correct-data/models/last_model.pth
2025-12-19 19:35:14 - preprocess - INFO - Train Epoch 155 | Loss: 0.275313, Mean Loss: 0.315178
2025-12-19 19:35:15 - preprocess - INFO - Validation Epoch 155 | Loss: 0.305914
2025-12-19 19:35:15 - preprocess - INFO - Last model saved: results/diffusion/unet-2000-epochs-correct-data/models/last_model.pth
2025-12-19 19:35:17 - preprocess - INFO - Train Epoch 156 | Loss: 0.300375, Mean Loss: 0.312710
2025-12-19 19:35:17 - preprocess - INFO - Validation Epoch 156 | Loss: 0.251789
2025-12-19 19:35:17 - preprocess - INFO - Best model saved: results/diffusion/unet-2000-epochs-correct-data/models/best_model.pth (validation_loss: 0.251789)
2025-12-19 19:35:19 - preprocess - INFO - Train Epoch 157 | Loss: 0.315171, Mean Loss: 0.313062
2025-12-19 19:35:20 - preprocess - INFO - Validation Epoch 157 | Loss: 0.307505
2025-12-19 19:35:20 - preprocess - INFO - Last model saved: results/diffusion/unet-2000-epochs-correct-data/models/last_model.pth
2025-12-19 19:35:22 - preprocess - INFO - Train Epoch 158 | Loss: 0.308622, Mean Loss: 0.312507
2025-12-19 19:35:22 - preprocess - INFO - Validation Epoch 158 | Loss: 0.321897
2025-12-19 19:35:22 - preprocess - INFO - Last model saved: results/diffusion/unet-2000-epochs-correct-data/models/last_model.pth
2025-12-19 19:35:24 - preprocess - INFO - Train Epoch 159 | Loss: 0.325572, Mean Loss: 0.313959
2025-12-19 19:35:24 - preprocess - INFO - Validation Epoch 159 | Loss: 0.336810
2025-12-19 19:35:24 - preprocess - INFO - Last model saved: results/diffusion/unet-2000-epochs-correct-data/models/last_model.pth
2025-12-19 19:35:27 - preprocess - INFO - Train Epoch 160 | Loss: 0.301541, Mean Loss: 0.312717
2025-12-19 19:35:27 - preprocess - INFO - Validation Epoch 160 | Loss: 0.321863
2025-12-19 19:35:27 - preprocess - INFO - Last model saved: results/diffusion/unet-2000-epochs-correct-data/models/last_model.pth
2025-12-19 19:35:50 - preprocess - INFO - Train Epoch 161 | Loss: 0.272716, Mean Loss: 0.272716
2025-12-19 19:35:51 - preprocess - INFO - Validation Epoch 161 | Loss: 0.209446
2025-12-19 19:35:51 - preprocess - INFO - Best model saved: results/diffusion/unet-2000-epochs-correct-data/models/best_model.pth (validation_loss: 0.209446)
2025-12-19 19:35:53 - preprocess - INFO - Train Epoch 162 | Loss: 0.305299, Mean Loss: 0.289008
2025-12-19 19:35:53 - preprocess - INFO - Validation Epoch 162 | Loss: 0.334099
2025-12-19 19:35:53 - preprocess - INFO - Last model saved: results/diffusion/unet-2000-epochs-correct-data/models/last_model.pth
2025-12-19 19:35:55 - preprocess - INFO - Train Epoch 163 | Loss: 0.275017, Mean Loss: 0.284344
2025-12-19 19:35:55 - preprocess - INFO - Validation Epoch 163 | Loss: 0.355173
2025-12-19 19:35:55 - preprocess - INFO - Last model saved: results/diffusion/unet-2000-epochs-correct-data/models/last_model.pth
2025-12-19 19:35:57 - preprocess - INFO - Train Epoch 164 | Loss: 0.296858, Mean Loss: 0.287473
2025-12-19 19:35:58 - preprocess - INFO - Validation Epoch 164 | Loss: 0.269988
2025-12-19 19:35:58 - preprocess - INFO - Last model saved: results/diffusion/unet-2000-epochs-correct-data/models/last_model.pth
2025-12-19 19:36:00 - preprocess - INFO - Train Epoch 165 | Loss: 0.244235, Mean Loss: 0.278825
2025-12-19 19:36:00 - preprocess - INFO - Validation Epoch 165 | Loss: 0.407665
2025-12-19 19:36:00 - preprocess - INFO - Last model saved: results/diffusion/unet-2000-epochs-correct-data/models/last_model.pth
2025-12-19 19:36:02 - preprocess - INFO - Train Epoch 166 | Loss: 0.300758, Mean Loss: 0.282481
2025-12-19 19:36:03 - preprocess - INFO - Validation Epoch 166 | Loss: 0.326301
2025-12-19 19:36:03 - preprocess - INFO - Last model saved: results/diffusion/unet-2000-epochs-correct-data/models/last_model.pth
2025-12-19 19:36:05 - preprocess - INFO - Train Epoch 167 | Loss: 0.294646, Mean Loss: 0.284218
2025-12-19 19:36:05 - preprocess - INFO - Validation Epoch 167 | Loss: 0.280807
2025-12-19 19:36:05 - preprocess - INFO - Last model saved: results/diffusion/unet-2000-epochs-correct-data/models/last_model.pth
2025-12-19 19:36:07 - preprocess - INFO - Train Epoch 168 | Loss: 0.340093, Mean Loss: 0.291203
2025-12-19 19:36:07 - preprocess - INFO - Validation Epoch 168 | Loss: 0.327698
2025-12-19 19:36:08 - preprocess - INFO - Last model saved: results/diffusion/unet-2000-epochs-correct-data/models/last_model.pth
2025-12-19 19:36:10 - preprocess - INFO - Train Epoch 169 | Loss: 0.275935, Mean Loss: 0.289506
2025-12-19 19:36:10 - preprocess - INFO - Validation Epoch 169 | Loss: 0.317179
2025-12-19 19:36:10 - preprocess - INFO - Last model saved: results/diffusion/unet-2000-epochs-correct-data/models/last_model.pth
2025-12-19 19:36:12 - preprocess - INFO - Train Epoch 170 | Loss: 0.335063, Mean Loss: 0.294062
2025-12-19 19:36:12 - preprocess - INFO - Validation Epoch 170 | Loss: 0.350172
2025-12-19 19:36:12 - preprocess - INFO - Last model saved: results/diffusion/unet-2000-epochs-correct-data/models/last_model.pth
2025-12-19 19:36:36 - preprocess - INFO - Train Epoch 171 | Loss: 0.308121, Mean Loss: 0.308121
2025-12-19 19:36:36 - preprocess - INFO - Validation Epoch 171 | Loss: 0.338628
2025-12-19 19:36:36 - preprocess - INFO - Last model saved: results/diffusion/unet-2000-epochs-correct-data/models/last_model.pth
2025-12-19 19:36:38 - preprocess - INFO - Train Epoch 172 | Loss: 0.280629, Mean Loss: 0.294375
2025-12-19 19:36:39 - preprocess - INFO - Validation Epoch 172 | Loss: 0.315505
2025-12-19 19:36:39 - preprocess - INFO - Last model saved: results/diffusion/unet-2000-epochs-correct-data/models/last_model.pth
2025-12-19 19:36:41 - preprocess - INFO - Train Epoch 173 | Loss: 0.286838, Mean Loss: 0.291863
2025-12-19 19:36:41 - preprocess - INFO - Validation Epoch 173 | Loss: 0.295303
2025-12-19 19:36:41 - preprocess - INFO - Last model saved: results/diffusion/unet-2000-epochs-correct-data/models/last_model.pth
2025-12-19 19:36:44 - preprocess - INFO - Train Epoch 174 | Loss: 0.309100, Mean Loss: 0.296172
2025-12-19 19:36:44 - preprocess - INFO - Validation Epoch 174 | Loss: 0.286152
2025-12-19 19:36:44 - preprocess - INFO - Last model saved: results/diffusion/unet-2000-epochs-correct-data/models/last_model.pth
2025-12-19 19:36:47 - preprocess - INFO - Train Epoch 175 | Loss: 0.289136, Mean Loss: 0.294765
2025-12-19 19:36:47 - preprocess - INFO - Validation Epoch 175 | Loss: 0.297276
2025-12-19 19:36:47 - preprocess - INFO - Last model saved: results/diffusion/unet-2000-epochs-correct-data/models/last_model.pth
2025-12-19 19:36:50 - preprocess - INFO - Train Epoch 176 | Loss: 0.261336, Mean Loss: 0.289193
2025-12-19 19:36:50 - preprocess - INFO - Validation Epoch 176 | Loss: 0.226502
2025-12-19 19:36:50 - preprocess - INFO - Last model saved: results/diffusion/unet-2000-epochs-correct-data/models/last_model.pth
2025-12-19 19:36:52 - preprocess - INFO - Train Epoch 177 | Loss: 0.259100, Mean Loss: 0.284894
2025-12-19 19:36:53 - preprocess - INFO - Validation Epoch 177 | Loss: 0.295282
2025-12-19 19:36:53 - preprocess - INFO - Last model saved: results/diffusion/unet-2000-epochs-correct-data/models/last_model.pth
2025-12-19 19:36:55 - preprocess - INFO - Train Epoch 178 | Loss: 0.282823, Mean Loss: 0.284635
2025-12-19 19:36:56 - preprocess - INFO - Validation Epoch 178 | Loss: 0.230174
2025-12-19 19:36:56 - preprocess - INFO - Last model saved: results/diffusion/unet-2000-epochs-correct-data/models/last_model.pth
2025-12-19 19:36:58 - preprocess - INFO - Train Epoch 179 | Loss: 0.336052, Mean Loss: 0.290348
2025-12-19 19:36:58 - preprocess - INFO - Validation Epoch 179 | Loss: 0.281589
2025-12-19 19:36:58 - preprocess - INFO - Last model saved: results/diffusion/unet-2000-epochs-correct-data/models/last_model.pth
2025-12-19 19:37:01 - preprocess - INFO - Train Epoch 180 | Loss: 0.284226, Mean Loss: 0.289736
2025-12-19 19:37:01 - preprocess - INFO - Validation Epoch 180 | Loss: 0.277941
2025-12-19 19:37:01 - preprocess - INFO - Last model saved: results/diffusion/unet-2000-epochs-correct-data/models/last_model.pth
2025-12-19 19:37:28 - preprocess - INFO - Train Epoch 181 | Loss: 0.304624, Mean Loss: 0.304624
2025-12-19 19:37:29 - preprocess - INFO - Validation Epoch 181 | Loss: 0.285882
2025-12-19 19:37:29 - preprocess - INFO - Last model saved: results/diffusion/unet-2000-epochs-correct-data/models/last_model.pth
2025-12-19 19:37:31 - preprocess - INFO - Train Epoch 182 | Loss: 0.299916, Mean Loss: 0.302270
2025-12-19 19:37:31 - preprocess - INFO - Validation Epoch 182 | Loss: 0.287963
2025-12-19 19:37:31 - preprocess - INFO - Last model saved: results/diffusion/unet-2000-epochs-correct-data/models/last_model.pth
2025-12-19 19:37:34 - preprocess - INFO - Train Epoch 183 | Loss: 0.308400, Mean Loss: 0.304313
2025-12-19 19:37:34 - preprocess - INFO - Validation Epoch 183 | Loss: 0.272305
2025-12-19 19:37:34 - preprocess - INFO - Last model saved: results/diffusion/unet-2000-epochs-correct-data/models/last_model.pth
2025-12-19 19:37:36 - preprocess - INFO - Train Epoch 184 | Loss: 0.281969, Mean Loss: 0.298727
2025-12-19 19:37:37 - preprocess - INFO - Validation Epoch 184 | Loss: 0.286370
2025-12-19 19:37:37 - preprocess - INFO - Last model saved: results/diffusion/unet-2000-epochs-correct-data/models/last_model.pth
2025-12-19 19:37:39 - preprocess - INFO - Train Epoch 185 | Loss: 0.281297, Mean Loss: 0.295241
2025-12-19 19:37:39 - preprocess - INFO - Validation Epoch 185 | Loss: 0.230005
2025-12-19 19:37:39 - preprocess - INFO - Last model saved: results/diffusion/unet-2000-epochs-correct-data/models/last_model.pth
2025-12-19 19:37:42 - preprocess - INFO - Train Epoch 186 | Loss: 0.315769, Mean Loss: 0.298663
2025-12-19 19:37:42 - preprocess - INFO - Validation Epoch 186 | Loss: 0.271860
2025-12-19 19:37:42 - preprocess - INFO - Last model saved: results/diffusion/unet-2000-epochs-correct-data/models/last_model.pth
2025-12-19 19:37:45 - preprocess - INFO - Train Epoch 187 | Loss: 0.290361, Mean Loss: 0.297477
2025-12-19 19:37:45 - preprocess - INFO - Validation Epoch 187 | Loss: 0.287179
2025-12-19 19:37:45 - preprocess - INFO - Last model saved: results/diffusion/unet-2000-epochs-correct-data/models/last_model.pth
2025-12-19 19:37:47 - preprocess - INFO - Train Epoch 188 | Loss: 0.252317, Mean Loss: 0.291832
2025-12-19 19:37:48 - preprocess - INFO - Validation Epoch 188 | Loss: 0.232970
2025-12-19 19:37:48 - preprocess - INFO - Last model saved: results/diffusion/unet-2000-epochs-correct-data/models/last_model.pth
2025-12-19 19:37:50 - preprocess - INFO - Train Epoch 189 | Loss: 0.286581, Mean Loss: 0.291248
2025-12-19 19:37:50 - preprocess - INFO - Validation Epoch 189 | Loss: 0.320015
2025-12-19 19:37:50 - preprocess - INFO - Last model saved: results/diffusion/unet-2000-epochs-correct-data/models/last_model.pth
2025-12-19 19:37:53 - preprocess - INFO - Train Epoch 190 | Loss: 0.286664, Mean Loss: 0.290790
2025-12-19 19:37:53 - preprocess - INFO - Validation Epoch 190 | Loss: 0.269686
2025-12-19 19:37:53 - preprocess - INFO - Last model saved: results/diffusion/unet-2000-epochs-correct-data/models/last_model.pth
2025-12-19 19:38:20 - preprocess - INFO - Train Epoch 191 | Loss: 0.273117, Mean Loss: 0.273117
2025-12-19 19:38:20 - preprocess - INFO - Validation Epoch 191 | Loss: 0.291195
2025-12-19 19:38:20 - preprocess - INFO - Last model saved: results/diffusion/unet-2000-epochs-correct-data/models/last_model.pth
2025-12-19 19:38:23 - preprocess - INFO - Train Epoch 192 | Loss: 0.272871, Mean Loss: 0.272994
2025-12-19 19:38:23 - preprocess - INFO - Validation Epoch 192 | Loss: 0.305965
2025-12-19 19:38:23 - preprocess - INFO - Last model saved: results/diffusion/unet-2000-epochs-correct-data/models/last_model.pth
2025-12-19 19:38:25 - preprocess - INFO - Train Epoch 193 | Loss: 0.282980, Mean Loss: 0.276323
2025-12-19 19:38:26 - preprocess - INFO - Validation Epoch 193 | Loss: 0.257488
2025-12-19 19:38:26 - preprocess - INFO - Last model saved: results/diffusion/unet-2000-epochs-correct-data/models/last_model.pth
2025-12-19 19:38:28 - preprocess - INFO - Train Epoch 194 | Loss: 0.271212, Mean Loss: 0.275045
2025-12-19 19:38:28 - preprocess - INFO - Validation Epoch 194 | Loss: 0.306107
2025-12-19 19:38:28 - preprocess - INFO - Last model saved: results/diffusion/unet-2000-epochs-correct-data/models/last_model.pth
2025-12-19 19:38:31 - preprocess - INFO - Train Epoch 195 | Loss: 0.274333, Mean Loss: 0.274903
2025-12-19 19:38:31 - preprocess - INFO - Validation Epoch 195 | Loss: 0.270836
2025-12-19 19:38:31 - preprocess - INFO - Last model saved: results/diffusion/unet-2000-epochs-correct-data/models/last_model.pth
2025-12-19 19:38:34 - preprocess - INFO - Train Epoch 196 | Loss: 0.257576, Mean Loss: 0.272015
2025-12-19 19:38:34 - preprocess - INFO - Validation Epoch 196 | Loss: 0.278152
2025-12-19 19:38:34 - preprocess - INFO - Last model saved: results/diffusion/unet-2000-epochs-correct-data/models/last_model.pth
2025-12-19 19:38:36 - preprocess - INFO - Train Epoch 197 | Loss: 0.279233, Mean Loss: 0.273046
2025-12-19 19:38:37 - preprocess - INFO - Validation Epoch 197 | Loss: 0.260977
2025-12-19 19:38:37 - preprocess - INFO - Last model saved: results/diffusion/unet-2000-epochs-correct-data/models/last_model.pth
2025-12-19 19:38:39 - preprocess - INFO - Train Epoch 198 | Loss: 0.267906, Mean Loss: 0.272403
2025-12-19 19:38:39 - preprocess - INFO - Validation Epoch 198 | Loss: 0.294671
2025-12-19 19:38:39 - preprocess - INFO - Last model saved: results/diffusion/unet-2000-epochs-correct-data/models/last_model.pth
2025-12-19 19:38:42 - preprocess - INFO - Train Epoch 199 | Loss: 0.267598, Mean Loss: 0.271870
2025-12-19 19:38:42 - preprocess - INFO - Validation Epoch 199 | Loss: 0.288678
2025-12-19 19:38:42 - preprocess - INFO - Last model saved: results/diffusion/unet-2000-epochs-correct-data/models/last_model.pth
2025-12-19 19:38:44 - preprocess - INFO - Train Epoch 200 | Loss: 0.277077, Mean Loss: 0.272390
2025-12-19 19:38:45 - preprocess - INFO - Validation Epoch 200 | Loss: 0.306389
2025-12-19 19:38:45 - preprocess - INFO - Last model saved: results/diffusion/unet-2000-epochs-correct-data/models/last_model.pth
2025-12-19 19:39:12 - preprocess - INFO - Train Epoch 201 | Loss: 0.276289, Mean Loss: 0.276289
2025-12-19 19:39:12 - preprocess - INFO - Validation Epoch 201 | Loss: 0.312111
2025-12-19 19:39:12 - preprocess - INFO - Last model saved: results/diffusion/unet-2000-epochs-correct-data/models/last_model.pth
2025-12-19 19:39:15 - preprocess - INFO - Train Epoch 202 | Loss: 0.261876, Mean Loss: 0.269082
2025-12-19 19:39:15 - preprocess - INFO - Validation Epoch 202 | Loss: 0.317802
2025-12-19 19:39:15 - preprocess - INFO - Last model saved: results/diffusion/unet-2000-epochs-correct-data/models/last_model.pth
2025-12-19 19:39:18 - preprocess - INFO - Train Epoch 203 | Loss: 0.257850, Mean Loss: 0.265338
2025-12-19 19:39:18 - preprocess - INFO - Validation Epoch 203 | Loss: 0.334828
2025-12-19 19:39:18 - preprocess - INFO - Last model saved: results/diffusion/unet-2000-epochs-correct-data/models/last_model.pth
2025-12-19 19:39:20 - preprocess - INFO - Train Epoch 204 | Loss: 0.261955, Mean Loss: 0.264492
2025-12-19 19:39:20 - preprocess - INFO - Validation Epoch 204 | Loss: 0.296833
2025-12-19 19:39:20 - preprocess - INFO - Last model saved: results/diffusion/unet-2000-epochs-correct-data/models/last_model.pth
2025-12-19 19:39:23 - preprocess - INFO - Train Epoch 205 | Loss: 0.269017, Mean Loss: 0.265397
2025-12-19 19:39:23 - preprocess - INFO - Validation Epoch 205 | Loss: 0.275615
2025-12-19 19:39:23 - preprocess - INFO - Last model saved: results/diffusion/unet-2000-epochs-correct-data/models/last_model.pth
2025-12-19 19:39:26 - preprocess - INFO - Train Epoch 206 | Loss: 0.293643, Mean Loss: 0.270105
2025-12-19 19:39:26 - preprocess - INFO - Validation Epoch 206 | Loss: 0.320862
2025-12-19 19:39:26 - preprocess - INFO - Last model saved: results/diffusion/unet-2000-epochs-correct-data/models/last_model.pth
2025-12-19 19:39:28 - preprocess - INFO - Train Epoch 207 | Loss: 0.270712, Mean Loss: 0.270192
2025-12-19 19:39:29 - preprocess - INFO - Validation Epoch 207 | Loss: 0.290900
2025-12-19 19:39:29 - preprocess - INFO - Last model saved: results/diffusion/unet-2000-epochs-correct-data/models/last_model.pth
2025-12-19 19:39:31 - preprocess - INFO - Train Epoch 208 | Loss: 0.261441, Mean Loss: 0.269098
2025-12-19 19:39:31 - preprocess - INFO - Validation Epoch 208 | Loss: 0.279656
2025-12-19 19:39:31 - preprocess - INFO - Last model saved: results/diffusion/unet-2000-epochs-correct-data/models/last_model.pth
2025-12-19 19:39:34 - preprocess - INFO - Train Epoch 209 | Loss: 0.296443, Mean Loss: 0.272136
2025-12-19 19:39:34 - preprocess - INFO - Validation Epoch 209 | Loss: 0.274697
2025-12-19 19:39:34 - preprocess - INFO - Last model saved: results/diffusion/unet-2000-epochs-correct-data/models/last_model.pth
2025-12-19 19:39:36 - preprocess - INFO - Train Epoch 210 | Loss: 0.277429, Mean Loss: 0.272665
2025-12-19 19:39:37 - preprocess - INFO - Validation Epoch 210 | Loss: 0.292885
2025-12-19 19:39:37 - preprocess - INFO - Last model saved: results/diffusion/unet-2000-epochs-correct-data/models/last_model.pth
2025-12-19 19:40:03 - preprocess - INFO - Train Epoch 211 | Loss: 0.294838, Mean Loss: 0.294838
2025-12-19 19:40:04 - preprocess - INFO - Validation Epoch 211 | Loss: 0.298137
2025-12-19 19:40:04 - preprocess - INFO - Last model saved: results/diffusion/unet-2000-epochs-correct-data/models/last_model.pth
2025-12-19 19:40:06 - preprocess - INFO - Train Epoch 212 | Loss: 0.270926, Mean Loss: 0.282882
2025-12-19 19:40:06 - preprocess - INFO - Validation Epoch 212 | Loss: 0.270626
2025-12-19 19:40:06 - preprocess - INFO - Last model saved: results/diffusion/unet-2000-epochs-correct-data/models/last_model.pth
2025-12-19 19:40:08 - preprocess - INFO - Train Epoch 213 | Loss: 0.250841, Mean Loss: 0.272202
2025-12-19 19:40:09 - preprocess - INFO - Validation Epoch 213 | Loss: 0.296719
2025-12-19 19:40:09 - preprocess - INFO - Last model saved: results/diffusion/unet-2000-epochs-correct-data/models/last_model.pth
2025-12-19 19:40:11 - preprocess - INFO - Train Epoch 214 | Loss: 0.276710, Mean Loss: 0.273329
2025-12-19 19:40:11 - preprocess - INFO - Validation Epoch 214 | Loss: 0.289892
2025-12-19 19:40:11 - preprocess - INFO - Last model saved: results/diffusion/unet-2000-epochs-correct-data/models/last_model.pth
2025-12-19 19:40:13 - preprocess - INFO - Train Epoch 215 | Loss: 0.301655, Mean Loss: 0.278994
2025-12-19 19:40:13 - preprocess - INFO - Validation Epoch 215 | Loss: 0.306327
2025-12-19 19:40:13 - preprocess - INFO - Last model saved: results/diffusion/unet-2000-epochs-correct-data/models/last_model.pth
2025-12-19 19:40:16 - preprocess - INFO - Train Epoch 216 | Loss: 0.274051, Mean Loss: 0.278170
2025-12-19 19:40:16 - preprocess - INFO - Validation Epoch 216 | Loss: 0.283898
2025-12-19 19:40:16 - preprocess - INFO - Last model saved: results/diffusion/unet-2000-epochs-correct-data/models/last_model.pth
2025-12-19 19:40:18 - preprocess - INFO - Train Epoch 217 | Loss: 0.249857, Mean Loss: 0.274125
2025-12-19 19:40:18 - preprocess - INFO - Validation Epoch 217 | Loss: 0.255432
2025-12-19 19:40:18 - preprocess - INFO - Last model saved: results/diffusion/unet-2000-epochs-correct-data/models/last_model.pth
2025-12-19 19:40:20 - preprocess - INFO - Train Epoch 218 | Loss: 0.280339, Mean Loss: 0.274902
2025-12-19 19:40:21 - preprocess - INFO - Validation Epoch 218 | Loss: 0.303047
2025-12-19 19:40:21 - preprocess - INFO - Last model saved: results/diffusion/unet-2000-epochs-correct-data/models/last_model.pth
2025-12-19 19:40:23 - preprocess - INFO - Train Epoch 219 | Loss: 0.259678, Mean Loss: 0.273211
2025-12-19 19:40:23 - preprocess - INFO - Validation Epoch 219 | Loss: 0.238128
2025-12-19 19:40:23 - preprocess - INFO - Last model saved: results/diffusion/unet-2000-epochs-correct-data/models/last_model.pth
2025-12-19 19:40:25 - preprocess - INFO - Train Epoch 220 | Loss: 0.279953, Mean Loss: 0.273885
2025-12-19 19:40:26 - preprocess - INFO - Validation Epoch 220 | Loss: 0.288471
2025-12-19 19:40:26 - preprocess - INFO - Last model saved: results/diffusion/unet-2000-epochs-correct-data/models/last_model.pth
2025-12-19 19:40:49 - preprocess - INFO - Train Epoch 221 | Loss: 0.261670, Mean Loss: 0.261670
2025-12-19 19:40:49 - preprocess - INFO - Validation Epoch 221 | Loss: 0.258778
2025-12-19 19:40:49 - preprocess - INFO - Last model saved: results/diffusion/unet-2000-epochs-correct-data/models/last_model.pth
2025-12-19 19:40:51 - preprocess - INFO - Train Epoch 222 | Loss: 0.288808, Mean Loss: 0.275239
2025-12-19 19:40:52 - preprocess - INFO - Validation Epoch 222 | Loss: 0.274604
2025-12-19 19:40:52 - preprocess - INFO - Last model saved: results/diffusion/unet-2000-epochs-correct-data/models/last_model.pth
2025-12-19 19:40:54 - preprocess - INFO - Train Epoch 223 | Loss: 0.288319, Mean Loss: 0.279599
2025-12-19 19:40:54 - preprocess - INFO - Validation Epoch 223 | Loss: 0.273724
2025-12-19 19:40:54 - preprocess - INFO - Last model saved: results/diffusion/unet-2000-epochs-correct-data/models/last_model.pth
2025-12-19 19:40:56 - preprocess - INFO - Train Epoch 224 | Loss: 0.278840, Mean Loss: 0.279409
2025-12-19 19:40:57 - preprocess - INFO - Validation Epoch 224 | Loss: 0.257504
2025-12-19 19:40:57 - preprocess - INFO - Last model saved: results/diffusion/unet-2000-epochs-correct-data/models/last_model.pth
2025-12-19 19:40:59 - preprocess - INFO - Train Epoch 225 | Loss: 0.275832, Mean Loss: 0.278694
2025-12-19 19:40:59 - preprocess - INFO - Validation Epoch 225 | Loss: 0.269983
2025-12-19 19:40:59 - preprocess - INFO - Last model saved: results/diffusion/unet-2000-epochs-correct-data/models/last_model.pth
2025-12-19 19:41:01 - preprocess - INFO - Train Epoch 226 | Loss: 0.303175, Mean Loss: 0.282774
2025-12-19 19:41:02 - preprocess - INFO - Validation Epoch 226 | Loss: 0.260370
2025-12-19 19:41:02 - preprocess - INFO - Last model saved: results/diffusion/unet-2000-epochs-correct-data/models/last_model.pth
2025-12-19 19:41:04 - preprocess - INFO - Train Epoch 227 | Loss: 0.272825, Mean Loss: 0.281353
2025-12-19 19:41:04 - preprocess - INFO - Validation Epoch 227 | Loss: 0.271007
2025-12-19 19:41:04 - preprocess - INFO - Last model saved: results/diffusion/unet-2000-epochs-correct-data/models/last_model.pth
2025-12-19 19:41:06 - preprocess - INFO - Train Epoch 228 | Loss: 0.246082, Mean Loss: 0.276944
2025-12-19 19:41:06 - preprocess - INFO - Validation Epoch 228 | Loss: 0.270404
2025-12-19 19:41:06 - preprocess - INFO - Last model saved: results/diffusion/unet-2000-epochs-correct-data/models/last_model.pth
2025-12-19 19:41:08 - preprocess - INFO - Train Epoch 229 | Loss: 0.247323, Mean Loss: 0.273653
2025-12-19 19:41:09 - preprocess - INFO - Validation Epoch 229 | Loss: 0.235974
2025-12-19 19:41:09 - preprocess - INFO - Last model saved: results/diffusion/unet-2000-epochs-correct-data/models/last_model.pth
2025-12-19 19:41:11 - preprocess - INFO - Train Epoch 230 | Loss: 0.282169, Mean Loss: 0.274504
2025-12-19 19:41:11 - preprocess - INFO - Validation Epoch 230 | Loss: 0.270947
2025-12-19 19:41:11 - preprocess - INFO - Last model saved: results/diffusion/unet-2000-epochs-correct-data/models/last_model.pth
2025-12-19 19:41:35 - preprocess - INFO - Train Epoch 231 | Loss: 0.276096, Mean Loss: 0.276096
2025-12-19 19:41:35 - preprocess - INFO - Validation Epoch 231 | Loss: 0.269238
2025-12-19 19:41:35 - preprocess - INFO - Last model saved: results/diffusion/unet-2000-epochs-correct-data/models/last_model.pth
2025-12-19 19:41:37 - preprocess - INFO - Train Epoch 232 | Loss: 0.234249, Mean Loss: 0.255173
2025-12-19 19:41:37 - preprocess - INFO - Validation Epoch 232 | Loss: 0.259018
2025-12-19 19:41:37 - preprocess - INFO - Last model saved: results/diffusion/unet-2000-epochs-correct-data/models/last_model.pth
2025-12-19 19:41:39 - preprocess - INFO - Train Epoch 233 | Loss: 0.237950, Mean Loss: 0.249432
2025-12-19 19:41:40 - preprocess - INFO - Validation Epoch 233 | Loss: 0.291404
2025-12-19 19:41:40 - preprocess - INFO - Last model saved: results/diffusion/unet-2000-epochs-correct-data/models/last_model.pth
2025-12-19 19:41:42 - preprocess - INFO - Train Epoch 234 | Loss: 0.293268, Mean Loss: 0.260391
2025-12-19 19:41:42 - preprocess - INFO - Validation Epoch 234 | Loss: 0.251432
2025-12-19 19:41:42 - preprocess - INFO - Last model saved: results/diffusion/unet-2000-epochs-correct-data/models/last_model.pth
2025-12-19 19:41:44 - preprocess - INFO - Train Epoch 235 | Loss: 0.248231, Mean Loss: 0.257959
2025-12-19 19:41:45 - preprocess - INFO - Validation Epoch 235 | Loss: 0.271753
2025-12-19 19:41:45 - preprocess - INFO - Last model saved: results/diffusion/unet-2000-epochs-correct-data/models/last_model.pth
2025-12-19 19:41:47 - preprocess - INFO - Train Epoch 236 | Loss: 0.271434, Mean Loss: 0.260205
2025-12-19 19:41:47 - preprocess - INFO - Validation Epoch 236 | Loss: 0.265977
2025-12-19 19:41:47 - preprocess - INFO - Last model saved: results/diffusion/unet-2000-epochs-correct-data/models/last_model.pth
2025-12-19 19:41:49 - preprocess - INFO - Train Epoch 237 | Loss: 0.273530, Mean Loss: 0.262108
2025-12-19 19:41:49 - preprocess - INFO - Validation Epoch 237 | Loss: 0.310059
2025-12-19 19:41:49 - preprocess - INFO - Last model saved: results/diffusion/unet-2000-epochs-correct-data/models/last_model.pth
2025-12-19 19:41:52 - preprocess - INFO - Train Epoch 238 | Loss: 0.251634, Mean Loss: 0.260799
2025-12-19 19:41:52 - preprocess - INFO - Validation Epoch 238 | Loss: 0.236701
2025-12-19 19:41:52 - preprocess - INFO - Last model saved: results/diffusion/unet-2000-epochs-correct-data/models/last_model.pth
2025-12-19 19:41:54 - preprocess - INFO - Train Epoch 239 | Loss: 0.263624, Mean Loss: 0.261113
2025-12-19 19:41:54 - preprocess - INFO - Validation Epoch 239 | Loss: 0.275383
2025-12-19 19:41:54 - preprocess - INFO - Last model saved: results/diffusion/unet-2000-epochs-correct-data/models/last_model.pth
2025-12-19 19:41:56 - preprocess - INFO - Train Epoch 240 | Loss: 0.244598, Mean Loss: 0.259461
2025-12-19 19:41:57 - preprocess - INFO - Validation Epoch 240 | Loss: 0.248047
2025-12-19 19:41:57 - preprocess - INFO - Last model saved: results/diffusion/unet-2000-epochs-correct-data/models/last_model.pth
2025-12-19 19:42:20 - preprocess - INFO - Train Epoch 241 | Loss: 0.259601, Mean Loss: 0.259601
2025-12-19 19:42:20 - preprocess - INFO - Validation Epoch 241 | Loss: 0.271167
2025-12-19 19:42:20 - preprocess - INFO - Last model saved: results/diffusion/unet-2000-epochs-correct-data/models/last_model.pth
2025-12-19 19:42:22 - preprocess - INFO - Train Epoch 242 | Loss: 0.271548, Mean Loss: 0.265575
2025-12-19 19:42:23 - preprocess - INFO - Validation Epoch 242 | Loss: 0.304693
2025-12-19 19:42:23 - preprocess - INFO - Last model saved: results/diffusion/unet-2000-epochs-correct-data/models/last_model.pth
2025-12-19 19:42:25 - preprocess - INFO - Train Epoch 243 | Loss: 0.225662, Mean Loss: 0.252271
2025-12-19 19:42:25 - preprocess - INFO - Validation Epoch 243 | Loss: 0.232464
2025-12-19 19:42:25 - preprocess - INFO - Last model saved: results/diffusion/unet-2000-epochs-correct-data/models/last_model.pth
2025-12-19 19:42:27 - preprocess - INFO - Train Epoch 244 | Loss: 0.293141, Mean Loss: 0.262488
2025-12-19 19:42:28 - preprocess - INFO - Validation Epoch 244 | Loss: 0.240716
2025-12-19 19:42:28 - preprocess - INFO - Last model saved: results/diffusion/unet-2000-epochs-correct-data/models/last_model.pth
2025-12-19 19:42:30 - preprocess - INFO - Train Epoch 245 | Loss: 0.270399, Mean Loss: 0.264070
2025-12-19 19:42:30 - preprocess - INFO - Validation Epoch 245 | Loss: 0.317105
2025-12-19 19:42:30 - preprocess - INFO - Last model saved: results/diffusion/unet-2000-epochs-correct-data/models/last_model.pth
2025-12-19 19:42:32 - preprocess - INFO - Train Epoch 246 | Loss: 0.227312, Mean Loss: 0.257944
2025-12-19 19:42:32 - preprocess - INFO - Validation Epoch 246 | Loss: 0.273761
2025-12-19 19:42:32 - preprocess - INFO - Last model saved: results/diffusion/unet-2000-epochs-correct-data/models/last_model.pth
2025-12-19 19:42:35 - preprocess - INFO - Train Epoch 247 | Loss: 0.282889, Mean Loss: 0.261508
2025-12-19 19:42:35 - preprocess - INFO - Validation Epoch 247 | Loss: 0.238407
2025-12-19 19:42:35 - preprocess - INFO - Last model saved: results/diffusion/unet-2000-epochs-correct-data/models/last_model.pth
2025-12-19 19:42:37 - preprocess - INFO - Train Epoch 248 | Loss: 0.313522, Mean Loss: 0.268009
2025-12-19 19:42:37 - preprocess - INFO - Validation Epoch 248 | Loss: 0.226381
2025-12-19 19:42:37 - preprocess - INFO - Last model saved: results/diffusion/unet-2000-epochs-correct-data/models/last_model.pth
2025-12-19 19:42:39 - preprocess - INFO - Train Epoch 249 | Loss: 0.280301, Mean Loss: 0.269375
2025-12-19 19:42:40 - preprocess - INFO - Validation Epoch 249 | Loss: 0.269303
2025-12-19 19:42:40 - preprocess - INFO - Last model saved: results/diffusion/unet-2000-epochs-correct-data/models/last_model.pth
2025-12-19 19:42:42 - preprocess - INFO - Train Epoch 250 | Loss: 0.270926, Mean Loss: 0.269530
2025-12-19 19:42:42 - preprocess - INFO - Validation Epoch 250 | Loss: 0.240632
2025-12-19 19:42:42 - preprocess - INFO - Last model saved: results/diffusion/unet-2000-epochs-correct-data/models/last_model.pth
2025-12-19 19:43:05 - preprocess - INFO - Train Epoch 251 | Loss: 0.282384, Mean Loss: 0.282384
2025-12-19 19:43:06 - preprocess - INFO - Validation Epoch 251 | Loss: 0.244749
2025-12-19 19:43:06 - preprocess - INFO - Last model saved: results/diffusion/unet-2000-epochs-correct-data/models/last_model.pth
2025-12-19 19:43:08 - preprocess - INFO - Train Epoch 252 | Loss: 0.268138, Mean Loss: 0.275261
2025-12-19 19:43:08 - preprocess - INFO - Validation Epoch 252 | Loss: 0.311263
2025-12-19 19:43:08 - preprocess - INFO - Last model saved: results/diffusion/unet-2000-epochs-correct-data/models/last_model.pth
2025-12-19 19:43:10 - preprocess - INFO - Train Epoch 253 | Loss: 0.257517, Mean Loss: 0.269347
2025-12-19 19:43:11 - preprocess - INFO - Validation Epoch 253 | Loss: 0.256579
2025-12-19 19:43:11 - preprocess - INFO - Last model saved: results/diffusion/unet-2000-epochs-correct-data/models/last_model.pth
2025-12-19 19:43:13 - preprocess - INFO - Train Epoch 254 | Loss: 0.286548, Mean Loss: 0.273647
2025-12-19 19:43:13 - preprocess - INFO - Validation Epoch 254 | Loss: 0.241057
2025-12-19 19:43:13 - preprocess - INFO - Last model saved: results/diffusion/unet-2000-epochs-correct-data/models/last_model.pth
2025-12-19 19:43:15 - preprocess - INFO - Train Epoch 255 | Loss: 0.270748, Mean Loss: 0.273067
2025-12-19 19:43:15 - preprocess - INFO - Validation Epoch 255 | Loss: 0.257806
2025-12-19 19:43:16 - preprocess - INFO - Last model saved: results/diffusion/unet-2000-epochs-correct-data/models/last_model.pth
2025-12-19 19:43:18 - preprocess - INFO - Train Epoch 256 | Loss: 0.258475, Mean Loss: 0.270635
2025-12-19 19:43:18 - preprocess - INFO - Validation Epoch 256 | Loss: 0.274832
2025-12-19 19:43:18 - preprocess - INFO - Last model saved: results/diffusion/unet-2000-epochs-correct-data/models/last_model.pth
2025-12-19 19:43:20 - preprocess - INFO - Train Epoch 257 | Loss: 0.253532, Mean Loss: 0.268192
2025-12-19 19:43:20 - preprocess - INFO - Validation Epoch 257 | Loss: 0.250402
2025-12-19 19:43:20 - preprocess - INFO - Last model saved: results/diffusion/unet-2000-epochs-correct-data/models/last_model.pth
2025-12-19 19:43:22 - preprocess - INFO - Train Epoch 258 | Loss: 0.278177, Mean Loss: 0.269440
2025-12-19 19:43:23 - preprocess - INFO - Validation Epoch 258 | Loss: 0.288665
2025-12-19 19:43:23 - preprocess - INFO - Last model saved: results/diffusion/unet-2000-epochs-correct-data/models/last_model.pth
2025-12-19 19:43:25 - preprocess - INFO - Train Epoch 259 | Loss: 0.255759, Mean Loss: 0.267920
2025-12-19 19:43:25 - preprocess - INFO - Validation Epoch 259 | Loss: 0.347845
2025-12-19 19:43:25 - preprocess - INFO - Last model saved: results/diffusion/unet-2000-epochs-correct-data/models/last_model.pth
2025-12-19 19:43:27 - preprocess - INFO - Train Epoch 260 | Loss: 0.278145, Mean Loss: 0.268942
2025-12-19 19:43:28 - preprocess - INFO - Validation Epoch 260 | Loss: 0.259972
2025-12-19 19:43:28 - preprocess - INFO - Last model saved: results/diffusion/unet-2000-epochs-correct-data/models/last_model.pth
2025-12-19 19:43:51 - preprocess - INFO - Train Epoch 261 | Loss: 0.237792, Mean Loss: 0.237792
2025-12-19 19:43:51 - preprocess - INFO - Validation Epoch 261 | Loss: 0.241410
2025-12-19 19:43:51 - preprocess - INFO - Last model saved: results/diffusion/unet-2000-epochs-correct-data/models/last_model.pth
2025-12-19 19:43:53 - preprocess - INFO - Train Epoch 262 | Loss: 0.263621, Mean Loss: 0.250707
2025-12-19 19:43:54 - preprocess - INFO - Validation Epoch 262 | Loss: 0.230470
2025-12-19 19:43:54 - preprocess - INFO - Last model saved: results/diffusion/unet-2000-epochs-correct-data/models/last_model.pth
2025-12-19 19:43:56 - preprocess - INFO - Train Epoch 263 | Loss: 0.249239, Mean Loss: 0.250217
2025-12-19 19:43:56 - preprocess - INFO - Validation Epoch 263 | Loss: 0.283438
2025-12-19 19:43:56 - preprocess - INFO - Last model saved: results/diffusion/unet-2000-epochs-correct-data/models/last_model.pth
2025-12-19 19:43:58 - preprocess - INFO - Train Epoch 264 | Loss: 0.258664, Mean Loss: 0.252329
2025-12-19 19:43:58 - preprocess - INFO - Validation Epoch 264 | Loss: 0.252880
2025-12-19 19:43:59 - preprocess - INFO - Last model saved: results/diffusion/unet-2000-epochs-correct-data/models/last_model.pth
2025-12-19 19:44:01 - preprocess - INFO - Train Epoch 265 | Loss: 0.306385, Mean Loss: 0.263140
2025-12-19 19:44:01 - preprocess - INFO - Validation Epoch 265 | Loss: 0.284142
2025-12-19 19:44:01 - preprocess - INFO - Last model saved: results/diffusion/unet-2000-epochs-correct-data/models/last_model.pth
2025-12-19 19:44:03 - preprocess - INFO - Train Epoch 266 | Loss: 0.244289, Mean Loss: 0.259998
2025-12-19 19:44:03 - preprocess - INFO - Validation Epoch 266 | Loss: 0.285537
2025-12-19 19:44:03 - preprocess - INFO - Last model saved: results/diffusion/unet-2000-epochs-correct-data/models/last_model.pth
2025-12-19 19:44:05 - preprocess - INFO - Train Epoch 267 | Loss: 0.285542, Mean Loss: 0.263647
2025-12-19 19:44:06 - preprocess - INFO - Validation Epoch 267 | Loss: 0.293997
2025-12-19 19:44:06 - preprocess - INFO - Last model saved: results/diffusion/unet-2000-epochs-correct-data/models/last_model.pth
2025-12-19 19:44:08 - preprocess - INFO - Train Epoch 268 | Loss: 0.301422, Mean Loss: 0.268369
2025-12-19 19:44:08 - preprocess - INFO - Validation Epoch 268 | Loss: 0.308142
2025-12-19 19:44:08 - preprocess - INFO - Last model saved: results/diffusion/unet-2000-epochs-correct-data/models/last_model.pth
2025-12-19 19:44:10 - preprocess - INFO - Train Epoch 269 | Loss: 0.270461, Mean Loss: 0.268602
2025-12-19 19:44:11 - preprocess - INFO - Validation Epoch 269 | Loss: 0.271087
2025-12-19 19:44:11 - preprocess - INFO - Last model saved: results/diffusion/unet-2000-epochs-correct-data/models/last_model.pth
2025-12-19 19:44:13 - preprocess - INFO - Train Epoch 270 | Loss: 0.256995, Mean Loss: 0.267441
2025-12-19 19:44:13 - preprocess - INFO - Validation Epoch 270 | Loss: 0.257734
2025-12-19 19:44:13 - preprocess - INFO - Last model saved: results/diffusion/unet-2000-epochs-correct-data/models/last_model.pth
2025-12-19 19:44:36 - preprocess - INFO - Train Epoch 271 | Loss: 0.286547, Mean Loss: 0.286547
2025-12-19 19:44:37 - preprocess - INFO - Validation Epoch 271 | Loss: 0.286825
2025-12-19 19:44:37 - preprocess - INFO - Last model saved: results/diffusion/unet-2000-epochs-correct-data/models/last_model.pth
2025-12-19 19:44:39 - preprocess - INFO - Train Epoch 272 | Loss: 0.267421, Mean Loss: 0.276984
2025-12-19 19:44:39 - preprocess - INFO - Validation Epoch 272 | Loss: 0.270109
2025-12-19 19:44:39 - preprocess - INFO - Last model saved: results/diffusion/unet-2000-epochs-correct-data/models/last_model.pth
2025-12-19 19:44:41 - preprocess - INFO - Train Epoch 273 | Loss: 0.290806, Mean Loss: 0.281591
2025-12-19 19:44:41 - preprocess - INFO - Validation Epoch 273 | Loss: 0.263616
2025-12-19 19:44:42 - preprocess - INFO - Last model saved: results/diffusion/unet-2000-epochs-correct-data/models/last_model.pth
2025-12-19 19:44:44 - preprocess - INFO - Train Epoch 274 | Loss: 0.256537, Mean Loss: 0.275328
2025-12-19 19:44:44 - preprocess - INFO - Validation Epoch 274 | Loss: 0.249101
2025-12-19 19:44:44 - preprocess - INFO - Last model saved: results/diffusion/unet-2000-epochs-correct-data/models/last_model.pth
2025-12-19 19:44:46 - preprocess - INFO - Train Epoch 275 | Loss: 0.263097, Mean Loss: 0.272881
2025-12-19 19:44:46 - preprocess - INFO - Validation Epoch 275 | Loss: 0.235955
2025-12-19 19:44:46 - preprocess - INFO - Last model saved: results/diffusion/unet-2000-epochs-correct-data/models/last_model.pth
2025-12-19 19:44:48 - preprocess - INFO - Train Epoch 276 | Loss: 0.249606, Mean Loss: 0.269002
2025-12-19 19:44:49 - preprocess - INFO - Validation Epoch 276 | Loss: 0.242781
2025-12-19 19:44:49 - preprocess - INFO - Last model saved: results/diffusion/unet-2000-epochs-correct-data/models/last_model.pth
2025-12-19 19:44:51 - preprocess - INFO - Train Epoch 277 | Loss: 0.270066, Mean Loss: 0.269154
2025-12-19 19:44:51 - preprocess - INFO - Validation Epoch 277 | Loss: 0.294953
2025-12-19 19:44:51 - preprocess - INFO - Last model saved: results/diffusion/unet-2000-epochs-correct-data/models/last_model.pth
2025-12-19 19:44:53 - preprocess - INFO - Train Epoch 278 | Loss: 0.235020, Mean Loss: 0.264887
2025-12-19 19:44:54 - preprocess - INFO - Validation Epoch 278 | Loss: 0.262729
2025-12-19 19:44:54 - preprocess - INFO - Last model saved: results/diffusion/unet-2000-epochs-correct-data/models/last_model.pth
2025-12-19 19:44:56 - preprocess - INFO - Train Epoch 279 | Loss: 0.252294, Mean Loss: 0.263488
2025-12-19 19:44:56 - preprocess - INFO - Validation Epoch 279 | Loss: 0.257242
2025-12-19 19:44:56 - preprocess - INFO - Last model saved: results/diffusion/unet-2000-epochs-correct-data/models/last_model.pth
2025-12-19 19:44:58 - preprocess - INFO - Train Epoch 280 | Loss: 0.263807, Mean Loss: 0.263520
2025-12-19 19:44:59 - preprocess - INFO - Validation Epoch 280 | Loss: 0.285559
2025-12-19 19:44:59 - preprocess - INFO - Last model saved: results/diffusion/unet-2000-epochs-correct-data/models/last_model.pth
2025-12-19 19:45:22 - preprocess - INFO - Train Epoch 281 | Loss: 0.237383, Mean Loss: 0.237383
2025-12-19 19:45:22 - preprocess - INFO - Validation Epoch 281 | Loss: 0.338776
2025-12-19 19:45:22 - preprocess - INFO - Last model saved: results/diffusion/unet-2000-epochs-correct-data/models/last_model.pth
2025-12-19 19:45:24 - preprocess - INFO - Train Epoch 282 | Loss: 0.300002, Mean Loss: 0.268693
2025-12-19 19:45:25 - preprocess - INFO - Validation Epoch 282 | Loss: 0.272791
2025-12-19 19:45:25 - preprocess - INFO - Last model saved: results/diffusion/unet-2000-epochs-correct-data/models/last_model.pth
2025-12-19 19:45:27 - preprocess - INFO - Train Epoch 283 | Loss: 0.276954, Mean Loss: 0.271447
2025-12-19 19:45:27 - preprocess - INFO - Validation Epoch 283 | Loss: 0.234573
2025-12-19 19:45:27 - preprocess - INFO - Last model saved: results/diffusion/unet-2000-epochs-correct-data/models/last_model.pth
2025-12-19 19:45:29 - preprocess - INFO - Train Epoch 284 | Loss: 0.250790, Mean Loss: 0.266283
2025-12-19 19:45:29 - preprocess - INFO - Validation Epoch 284 | Loss: 0.228250
2025-12-19 19:45:29 - preprocess - INFO - Last model saved: results/diffusion/unet-2000-epochs-correct-data/models/last_model.pth
2025-12-19 19:45:31 - preprocess - INFO - Train Epoch 285 | Loss: 0.261604, Mean Loss: 0.265347
2025-12-19 19:45:32 - preprocess - INFO - Validation Epoch 285 | Loss: 0.295638
2025-12-19 19:45:32 - preprocess - INFO - Last model saved: results/diffusion/unet-2000-epochs-correct-data/models/last_model.pth
2025-12-19 19:45:34 - preprocess - INFO - Train Epoch 286 | Loss: 0.290456, Mean Loss: 0.269532
2025-12-19 19:45:34 - preprocess - INFO - Validation Epoch 286 | Loss: 0.296761
2025-12-19 19:45:34 - preprocess - INFO - Last model saved: results/diffusion/unet-2000-epochs-correct-data/models/last_model.pth
2025-12-19 19:45:36 - preprocess - INFO - Train Epoch 287 | Loss: 0.241814, Mean Loss: 0.265572
2025-12-19 19:45:37 - preprocess - INFO - Validation Epoch 287 | Loss: 0.261897
2025-12-19 19:45:37 - preprocess - INFO - Last model saved: results/diffusion/unet-2000-epochs-correct-data/models/last_model.pth
2025-12-19 19:45:39 - preprocess - INFO - Train Epoch 288 | Loss: 0.235295, Mean Loss: 0.261787
2025-12-19 19:45:39 - preprocess - INFO - Validation Epoch 288 | Loss: 0.242588
2025-12-19 19:45:39 - preprocess - INFO - Last model saved: results/diffusion/unet-2000-epochs-correct-data/models/last_model.pth
2025-12-19 19:45:41 - preprocess - INFO - Train Epoch 289 | Loss: 0.287548, Mean Loss: 0.264650
2025-12-19 19:45:41 - preprocess - INFO - Validation Epoch 289 | Loss: 0.264121
2025-12-19 19:45:42 - preprocess - INFO - Last model saved: results/diffusion/unet-2000-epochs-correct-data/models/last_model.pth
2025-12-19 19:45:44 - preprocess - INFO - Train Epoch 290 | Loss: 0.240687, Mean Loss: 0.262253
2025-12-19 19:45:44 - preprocess - INFO - Validation Epoch 290 | Loss: 0.317480
2025-12-19 19:45:44 - preprocess - INFO - Last model saved: results/diffusion/unet-2000-epochs-correct-data/models/last_model.pth
2025-12-19 19:46:07 - preprocess - INFO - Train Epoch 291 | Loss: 0.236271, Mean Loss: 0.236271
2025-12-19 19:46:08 - preprocess - INFO - Validation Epoch 291 | Loss: 0.286336
2025-12-19 19:46:08 - preprocess - INFO - Last model saved: results/diffusion/unet-2000-epochs-correct-data/models/last_model.pth
2025-12-19 19:46:10 - preprocess - INFO - Train Epoch 292 | Loss: 0.255446, Mean Loss: 0.245858
2025-12-19 19:46:10 - preprocess - INFO - Validation Epoch 292 | Loss: 0.265231
2025-12-19 19:46:10 - preprocess - INFO - Last model saved: results/diffusion/unet-2000-epochs-correct-data/models/last_model.pth
2025-12-19 19:46:12 - preprocess - INFO - Train Epoch 293 | Loss: 0.262793, Mean Loss: 0.251503
2025-12-19 19:46:12 - preprocess - INFO - Validation Epoch 293 | Loss: 0.341477
2025-12-19 19:46:12 - preprocess - INFO - Last model saved: results/diffusion/unet-2000-epochs-correct-data/models/last_model.pth
2025-12-19 19:46:15 - preprocess - INFO - Train Epoch 294 | Loss: 0.233329, Mean Loss: 0.246960
2025-12-19 19:46:15 - preprocess - INFO - Validation Epoch 294 | Loss: 0.271977
2025-12-19 19:46:15 - preprocess - INFO - Last model saved: results/diffusion/unet-2000-epochs-correct-data/models/last_model.pth
2025-12-19 19:46:17 - preprocess - INFO - Train Epoch 295 | Loss: 0.226409, Mean Loss: 0.242849
2025-12-19 19:46:17 - preprocess - INFO - Validation Epoch 295 | Loss: 0.265352
2025-12-19 19:46:17 - preprocess - INFO - Last model saved: results/diffusion/unet-2000-epochs-correct-data/models/last_model.pth
2025-12-19 19:46:19 - preprocess - INFO - Train Epoch 296 | Loss: 0.220446, Mean Loss: 0.239116
2025-12-19 19:46:20 - preprocess - INFO - Validation Epoch 296 | Loss: 0.275219
2025-12-19 19:46:20 - preprocess - INFO - Last model saved: results/diffusion/unet-2000-epochs-correct-data/models/last_model.pth
2025-12-19 19:46:22 - preprocess - INFO - Train Epoch 297 | Loss: 0.259423, Mean Loss: 0.242017
2025-12-19 19:46:22 - preprocess - INFO - Validation Epoch 297 | Loss: 0.263389
2025-12-19 19:46:22 - preprocess - INFO - Last model saved: results/diffusion/unet-2000-epochs-correct-data/models/last_model.pth
2025-12-19 19:46:24 - preprocess - INFO - Train Epoch 298 | Loss: 0.268598, Mean Loss: 0.245339
2025-12-19 19:46:25 - preprocess - INFO - Validation Epoch 298 | Loss: 0.290085
2025-12-19 19:46:25 - preprocess - INFO - Last model saved: results/diffusion/unet-2000-epochs-correct-data/models/last_model.pth
2025-12-19 19:46:27 - preprocess - INFO - Train Epoch 299 | Loss: 0.257978, Mean Loss: 0.246744
2025-12-19 19:46:27 - preprocess - INFO - Validation Epoch 299 | Loss: 0.283079
2025-12-19 19:46:27 - preprocess - INFO - Last model saved: results/diffusion/unet-2000-epochs-correct-data/models/last_model.pth
2025-12-19 19:46:29 - preprocess - INFO - Train Epoch 300 | Loss: 0.250336, Mean Loss: 0.247103
2025-12-19 19:46:29 - preprocess - INFO - Validation Epoch 300 | Loss: 0.210839
2025-12-19 19:46:29 - preprocess - INFO - Last model saved: results/diffusion/unet-2000-epochs-correct-data/models/last_model.pth
2025-12-19 19:46:53 - preprocess - INFO - Train Epoch 301 | Loss: 0.229754, Mean Loss: 0.229754
2025-12-19 19:46:53 - preprocess - INFO - Validation Epoch 301 | Loss: 0.263181
2025-12-19 19:46:53 - preprocess - INFO - Last model saved: results/diffusion/unet-2000-epochs-correct-data/models/last_model.pth
2025-12-19 19:46:55 - preprocess - INFO - Train Epoch 302 | Loss: 0.239833, Mean Loss: 0.234793
2025-12-19 19:46:55 - preprocess - INFO - Validation Epoch 302 | Loss: 0.250759
2025-12-19 19:46:55 - preprocess - INFO - Last model saved: results/diffusion/unet-2000-epochs-correct-data/models/last_model.pth
2025-12-19 19:46:58 - preprocess - INFO - Train Epoch 303 | Loss: 0.246518, Mean Loss: 0.238702
2025-12-19 19:46:58 - preprocess - INFO - Validation Epoch 303 | Loss: 0.238919
2025-12-19 19:46:58 - preprocess - INFO - Last model saved: results/diffusion/unet-2000-epochs-correct-data/models/last_model.pth
2025-12-19 19:47:00 - preprocess - INFO - Train Epoch 304 | Loss: 0.220776, Mean Loss: 0.234220
2025-12-19 19:47:00 - preprocess - INFO - Validation Epoch 304 | Loss: 0.252127
2025-12-19 19:47:00 - preprocess - INFO - Last model saved: results/diffusion/unet-2000-epochs-correct-data/models/last_model.pth
2025-12-19 19:47:02 - preprocess - INFO - Train Epoch 305 | Loss: 0.238750, Mean Loss: 0.235126
2025-12-19 19:47:03 - preprocess - INFO - Validation Epoch 305 | Loss: 0.253965
2025-12-19 19:47:03 - preprocess - INFO - Last model saved: results/diffusion/unet-2000-epochs-correct-data/models/last_model.pth
2025-12-19 19:47:05 - preprocess - INFO - Train Epoch 306 | Loss: 0.264727, Mean Loss: 0.240060
2025-12-19 19:47:05 - preprocess - INFO - Validation Epoch 306 | Loss: 0.303715
2025-12-19 19:47:05 - preprocess - INFO - Last model saved: results/diffusion/unet-2000-epochs-correct-data/models/last_model.pth
2025-12-19 19:47:07 - preprocess - INFO - Train Epoch 307 | Loss: 0.229818, Mean Loss: 0.238597
2025-12-19 19:47:08 - preprocess - INFO - Validation Epoch 307 | Loss: 0.245629
2025-12-19 19:47:08 - preprocess - INFO - Last model saved: results/diffusion/unet-2000-epochs-correct-data/models/last_model.pth
2025-12-19 19:47:10 - preprocess - INFO - Train Epoch 308 | Loss: 0.238836, Mean Loss: 0.238626
2025-12-19 19:47:10 - preprocess - INFO - Validation Epoch 308 | Loss: 0.253176
2025-12-19 19:47:10 - preprocess - INFO - Last model saved: results/diffusion/unet-2000-epochs-correct-data/models/last_model.pth
2025-12-19 19:47:12 - preprocess - INFO - Train Epoch 309 | Loss: 0.269893, Mean Loss: 0.242100
2025-12-19 19:47:12 - preprocess - INFO - Validation Epoch 309 | Loss: 0.240527
2025-12-19 19:47:12 - preprocess - INFO - Last model saved: results/diffusion/unet-2000-epochs-correct-data/models/last_model.pth
2025-12-19 19:47:15 - preprocess - INFO - Train Epoch 310 | Loss: 0.220992, Mean Loss: 0.239990
2025-12-19 19:47:15 - preprocess - INFO - Validation Epoch 310 | Loss: 0.264395
2025-12-19 19:47:15 - preprocess - INFO - Last model saved: results/diffusion/unet-2000-epochs-correct-data/models/last_model.pth
2025-12-19 19:47:38 - preprocess - INFO - Train Epoch 311 | Loss: 0.244951, Mean Loss: 0.244951
2025-12-19 19:47:38 - preprocess - INFO - Validation Epoch 311 | Loss: 0.276868
2025-12-19 19:47:38 - preprocess - INFO - Last model saved: results/diffusion/unet-2000-epochs-correct-data/models/last_model.pth
2025-12-19 19:47:41 - preprocess - INFO - Train Epoch 312 | Loss: 0.247633, Mean Loss: 0.246292
2025-12-19 19:47:41 - preprocess - INFO - Validation Epoch 312 | Loss: 0.327591
2025-12-19 19:47:41 - preprocess - INFO - Last model saved: results/diffusion/unet-2000-epochs-correct-data/models/last_model.pth
2025-12-19 19:47:43 - preprocess - INFO - Train Epoch 313 | Loss: 0.223119, Mean Loss: 0.238568
2025-12-19 19:47:43 - preprocess - INFO - Validation Epoch 313 | Loss: 0.207059
2025-12-19 19:47:43 - preprocess - INFO - Best model saved: results/diffusion/unet-2000-epochs-correct-data/models/best_model.pth (validation_loss: 0.207059)
2025-12-19 19:47:45 - preprocess - INFO - Train Epoch 314 | Loss: 0.225920, Mean Loss: 0.235406
2025-12-19 19:47:46 - preprocess - INFO - Validation Epoch 314 | Loss: 0.289900
2025-12-19 19:47:46 - preprocess - INFO - Last model saved: results/diffusion/unet-2000-epochs-correct-data/models/last_model.pth
2025-12-19 19:47:48 - preprocess - INFO - Train Epoch 315 | Loss: 0.243080, Mean Loss: 0.236941
2025-12-19 19:47:48 - preprocess - INFO - Validation Epoch 315 | Loss: 0.256034
2025-12-19 19:47:48 - preprocess - INFO - Last model saved: results/diffusion/unet-2000-epochs-correct-data/models/last_model.pth
2025-12-19 19:47:50 - preprocess - INFO - Train Epoch 316 | Loss: 0.261938, Mean Loss: 0.241107
2025-12-19 19:47:51 - preprocess - INFO - Validation Epoch 316 | Loss: 0.249820
2025-12-19 19:47:51 - preprocess - INFO - Last model saved: results/diffusion/unet-2000-epochs-correct-data/models/last_model.pth
2025-12-19 19:47:53 - preprocess - INFO - Train Epoch 317 | Loss: 0.269529, Mean Loss: 0.245167
2025-12-19 19:47:53 - preprocess - INFO - Validation Epoch 317 | Loss: 0.276455
2025-12-19 19:47:53 - preprocess - INFO - Last model saved: results/diffusion/unet-2000-epochs-correct-data/models/last_model.pth
2025-12-19 19:47:55 - preprocess - INFO - Train Epoch 318 | Loss: 0.239332, Mean Loss: 0.244438
2025-12-19 19:47:55 - preprocess - INFO - Validation Epoch 318 | Loss: 0.244637
2025-12-19 19:47:55 - preprocess - INFO - Last model saved: results/diffusion/unet-2000-epochs-correct-data/models/last_model.pth
2025-12-19 19:47:58 - preprocess - INFO - Train Epoch 319 | Loss: 0.267387, Mean Loss: 0.246988
2025-12-19 19:47:58 - preprocess - INFO - Validation Epoch 319 | Loss: 0.268138
2025-12-19 19:47:58 - preprocess - INFO - Last model saved: results/diffusion/unet-2000-epochs-correct-data/models/last_model.pth
2025-12-19 19:48:00 - preprocess - INFO - Train Epoch 320 | Loss: 0.231862, Mean Loss: 0.245475
2025-12-19 19:48:00 - preprocess - INFO - Validation Epoch 320 | Loss: 0.256072
2025-12-19 19:48:00 - preprocess - INFO - Last model saved: results/diffusion/unet-2000-epochs-correct-data/models/last_model.pth
2025-12-19 19:48:24 - preprocess - INFO - Train Epoch 321 | Loss: 0.229683, Mean Loss: 0.229683
2025-12-19 19:48:24 - preprocess - INFO - Validation Epoch 321 | Loss: 0.259744
2025-12-19 19:48:24 - preprocess - INFO - Last model saved: results/diffusion/unet-2000-epochs-correct-data/models/last_model.pth
2025-12-19 19:48:26 - preprocess - INFO - Train Epoch 322 | Loss: 0.240982, Mean Loss: 0.235332
2025-12-19 19:48:26 - preprocess - INFO - Validation Epoch 322 | Loss: 0.359149
2025-12-19 19:48:26 - preprocess - INFO - Last model saved: results/diffusion/unet-2000-epochs-correct-data/models/last_model.pth
2025-12-19 19:48:28 - preprocess - INFO - Train Epoch 323 | Loss: 0.244348, Mean Loss: 0.238338
2025-12-19 19:48:29 - preprocess - INFO - Validation Epoch 323 | Loss: 0.191574
2025-12-19 19:48:29 - preprocess - INFO - Best model saved: results/diffusion/unet-2000-epochs-correct-data/models/best_model.pth (validation_loss: 0.191574)
2025-12-19 19:48:31 - preprocess - INFO - Train Epoch 324 | Loss: 0.253988, Mean Loss: 0.242250
2025-12-19 19:48:31 - preprocess - INFO - Validation Epoch 324 | Loss: 0.252739
2025-12-19 19:48:31 - preprocess - INFO - Last model saved: results/diffusion/unet-2000-epochs-correct-data/models/last_model.pth
2025-12-19 19:48:33 - preprocess - INFO - Train Epoch 325 | Loss: 0.250612, Mean Loss: 0.243923
2025-12-19 19:48:34 - preprocess - INFO - Validation Epoch 325 | Loss: 0.220954
2025-12-19 19:48:34 - preprocess - INFO - Last model saved: results/diffusion/unet-2000-epochs-correct-data/models/last_model.pth
2025-12-19 19:48:36 - preprocess - INFO - Train Epoch 326 | Loss: 0.241956, Mean Loss: 0.243595
2025-12-19 19:48:36 - preprocess - INFO - Validation Epoch 326 | Loss: 0.313091
2025-12-19 19:48:36 - preprocess - INFO - Last model saved: results/diffusion/unet-2000-epochs-correct-data/models/last_model.pth
2025-12-19 19:48:38 - preprocess - INFO - Train Epoch 327 | Loss: 0.252250, Mean Loss: 0.244831
2025-12-19 19:48:38 - preprocess - INFO - Validation Epoch 327 | Loss: 0.222985
2025-12-19 19:48:38 - preprocess - INFO - Last model saved: results/diffusion/unet-2000-epochs-correct-data/models/last_model.pth
2025-12-19 19:48:41 - preprocess - INFO - Train Epoch 328 | Loss: 0.263852, Mean Loss: 0.247209
2025-12-19 19:48:41 - preprocess - INFO - Validation Epoch 328 | Loss: 0.262207
2025-12-19 19:48:41 - preprocess - INFO - Last model saved: results/diffusion/unet-2000-epochs-correct-data/models/last_model.pth
2025-12-19 19:48:43 - preprocess - INFO - Train Epoch 329 | Loss: 0.231876, Mean Loss: 0.245505
2025-12-19 19:48:43 - preprocess - INFO - Validation Epoch 329 | Loss: 0.271746
2025-12-19 19:48:43 - preprocess - INFO - Last model saved: results/diffusion/unet-2000-epochs-correct-data/models/last_model.pth
2025-12-19 19:48:45 - preprocess - INFO - Train Epoch 330 | Loss: 0.226121, Mean Loss: 0.243567
2025-12-19 19:48:46 - preprocess - INFO - Validation Epoch 330 | Loss: 0.288615
2025-12-19 19:48:46 - preprocess - INFO - Last model saved: results/diffusion/unet-2000-epochs-correct-data/models/last_model.pth
2025-12-19 19:49:12 - preprocess - INFO - Train Epoch 331 | Loss: 0.241177, Mean Loss: 0.241177
2025-12-19 19:49:12 - preprocess - INFO - Validation Epoch 331 | Loss: 0.274462
2025-12-19 19:49:12 - preprocess - INFO - Last model saved: results/diffusion/unet-2000-epochs-correct-data/models/last_model.pth
2025-12-19 19:49:14 - preprocess - INFO - Train Epoch 332 | Loss: 0.238079, Mean Loss: 0.239628
2025-12-19 19:49:15 - preprocess - INFO - Validation Epoch 332 | Loss: 0.224774
2025-12-19 19:49:15 - preprocess - INFO - Last model saved: results/diffusion/unet-2000-epochs-correct-data/models/last_model.pth
2025-12-19 19:49:17 - preprocess - INFO - Train Epoch 333 | Loss: 0.262105, Mean Loss: 0.247120
2025-12-19 19:49:17 - preprocess - INFO - Validation Epoch 333 | Loss: 0.310293
2025-12-19 19:49:17 - preprocess - INFO - Last model saved: results/diffusion/unet-2000-epochs-correct-data/models/last_model.pth
2025-12-19 19:49:20 - preprocess - INFO - Train Epoch 334 | Loss: 0.216498, Mean Loss: 0.239465
2025-12-19 19:49:20 - preprocess - INFO - Validation Epoch 334 | Loss: 0.302913
2025-12-19 19:49:20 - preprocess - INFO - Last model saved: results/diffusion/unet-2000-epochs-correct-data/models/last_model.pth
2025-12-19 19:49:22 - preprocess - INFO - Train Epoch 335 | Loss: 0.225154, Mean Loss: 0.236603
2025-12-19 19:49:23 - preprocess - INFO - Validation Epoch 335 | Loss: 0.278305
2025-12-19 19:49:23 - preprocess - INFO - Last model saved: results/diffusion/unet-2000-epochs-correct-data/models/last_model.pth
2025-12-19 19:49:25 - preprocess - INFO - Train Epoch 336 | Loss: 0.239189, Mean Loss: 0.237034
2025-12-19 19:49:26 - preprocess - INFO - Validation Epoch 336 | Loss: 0.233039
2025-12-19 19:49:26 - preprocess - INFO - Last model saved: results/diffusion/unet-2000-epochs-correct-data/models/last_model.pth
2025-12-19 19:49:28 - preprocess - INFO - Train Epoch 337 | Loss: 0.216942, Mean Loss: 0.234164
2025-12-19 19:49:28 - preprocess - INFO - Validation Epoch 337 | Loss: 0.282473
2025-12-19 19:49:28 - preprocess - INFO - Last model saved: results/diffusion/unet-2000-epochs-correct-data/models/last_model.pth
2025-12-19 19:49:31 - preprocess - INFO - Train Epoch 338 | Loss: 0.246796, Mean Loss: 0.235743
2025-12-19 19:49:31 - preprocess - INFO - Validation Epoch 338 | Loss: 0.304786
2025-12-19 19:49:31 - preprocess - INFO - Last model saved: results/diffusion/unet-2000-epochs-correct-data/models/last_model.pth
2025-12-19 19:49:33 - preprocess - INFO - Train Epoch 339 | Loss: 0.205143, Mean Loss: 0.232343
2025-12-19 19:49:34 - preprocess - INFO - Validation Epoch 339 | Loss: 0.239287
2025-12-19 19:49:34 - preprocess - INFO - Last model saved: results/diffusion/unet-2000-epochs-correct-data/models/last_model.pth
2025-12-19 19:49:36 - preprocess - INFO - Train Epoch 340 | Loss: 0.236519, Mean Loss: 0.232760
2025-12-19 19:49:36 - preprocess - INFO - Validation Epoch 340 | Loss: 0.208956
2025-12-19 19:49:36 - preprocess - INFO - Last model saved: results/diffusion/unet-2000-epochs-correct-data/models/last_model.pth
2025-12-19 19:50:04 - preprocess - INFO - Train Epoch 341 | Loss: 0.230692, Mean Loss: 0.230692
2025-12-19 19:50:04 - preprocess - INFO - Validation Epoch 341 | Loss: 0.251514
2025-12-19 19:50:04 - preprocess - INFO - Last model saved: results/diffusion/unet-2000-epochs-correct-data/models/last_model.pth
2025-12-19 19:50:06 - preprocess - INFO - Train Epoch 342 | Loss: 0.241113, Mean Loss: 0.235902
2025-12-19 19:50:07 - preprocess - INFO - Validation Epoch 342 | Loss: 0.253024
2025-12-19 19:50:07 - preprocess - INFO - Last model saved: results/diffusion/unet-2000-epochs-correct-data/models/last_model.pth
2025-12-19 19:50:09 - preprocess - INFO - Train Epoch 343 | Loss: 0.226880, Mean Loss: 0.232895
2025-12-19 19:50:09 - preprocess - INFO - Validation Epoch 343 | Loss: 0.211647
2025-12-19 19:50:09 - preprocess - INFO - Last model saved: results/diffusion/unet-2000-epochs-correct-data/models/last_model.pth
2025-12-19 19:50:12 - preprocess - INFO - Train Epoch 344 | Loss: 0.230689, Mean Loss: 0.232344
2025-12-19 19:50:12 - preprocess - INFO - Validation Epoch 344 | Loss: 0.246937
2025-12-19 19:50:12 - preprocess - INFO - Last model saved: results/diffusion/unet-2000-epochs-correct-data/models/last_model.pth
2025-12-19 19:50:15 - preprocess - INFO - Train Epoch 345 | Loss: 0.229674, Mean Loss: 0.231810
2025-12-19 19:50:15 - preprocess - INFO - Validation Epoch 345 | Loss: 0.261004
2025-12-19 19:50:15 - preprocess - INFO - Last model saved: results/diffusion/unet-2000-epochs-correct-data/models/last_model.pth
2025-12-19 19:50:17 - preprocess - INFO - Train Epoch 346 | Loss: 0.215530, Mean Loss: 0.229096
2025-12-19 19:50:18 - preprocess - INFO - Validation Epoch 346 | Loss: 0.322338
2025-12-19 19:50:18 - preprocess - INFO - Last model saved: results/diffusion/unet-2000-epochs-correct-data/models/last_model.pth
2025-12-19 19:50:20 - preprocess - INFO - Train Epoch 347 | Loss: 0.230286, Mean Loss: 0.229266
2025-12-19 19:50:20 - preprocess - INFO - Validation Epoch 347 | Loss: 0.251611
2025-12-19 19:50:20 - preprocess - INFO - Last model saved: results/diffusion/unet-2000-epochs-correct-data/models/last_model.pth
2025-12-19 19:50:23 - preprocess - INFO - Train Epoch 348 | Loss: 0.226460, Mean Loss: 0.228916
2025-12-19 19:50:23 - preprocess - INFO - Validation Epoch 348 | Loss: 0.261958
2025-12-19 19:50:23 - preprocess - INFO - Last model saved: results/diffusion/unet-2000-epochs-correct-data/models/last_model.pth
2025-12-19 19:50:25 - preprocess - INFO - Train Epoch 349 | Loss: 0.235931, Mean Loss: 0.229695
2025-12-19 19:50:26 - preprocess - INFO - Validation Epoch 349 | Loss: 0.265897
2025-12-19 19:50:26 - preprocess - INFO - Last model saved: results/diffusion/unet-2000-epochs-correct-data/models/last_model.pth
2025-12-19 19:50:28 - preprocess - INFO - Train Epoch 350 | Loss: 0.235576, Mean Loss: 0.230283
2025-12-19 19:50:29 - preprocess - INFO - Validation Epoch 350 | Loss: 0.296805
2025-12-19 19:50:29 - preprocess - INFO - Last model saved: results/diffusion/unet-2000-epochs-correct-data/models/last_model.pth
2025-12-19 19:50:56 - preprocess - INFO - Train Epoch 351 | Loss: 0.255435, Mean Loss: 0.255435
2025-12-19 19:50:56 - preprocess - INFO - Validation Epoch 351 | Loss: 0.261614
2025-12-19 19:50:56 - preprocess - INFO - Last model saved: results/diffusion/unet-2000-epochs-correct-data/models/last_model.pth
2025-12-19 19:50:58 - preprocess - INFO - Train Epoch 352 | Loss: 0.230938, Mean Loss: 0.243186
2025-12-19 19:50:58 - preprocess - INFO - Validation Epoch 352 | Loss: 0.286570
2025-12-19 19:50:58 - preprocess - INFO - Last model saved: results/diffusion/unet-2000-epochs-correct-data/models/last_model.pth
2025-12-19 19:51:01 - preprocess - INFO - Train Epoch 353 | Loss: 0.254873, Mean Loss: 0.247082
2025-12-19 19:51:01 - preprocess - INFO - Validation Epoch 353 | Loss: 0.254878
2025-12-19 19:51:01 - preprocess - INFO - Last model saved: results/diffusion/unet-2000-epochs-correct-data/models/last_model.pth
2025-12-19 19:51:03 - preprocess - INFO - Train Epoch 354 | Loss: 0.260847, Mean Loss: 0.250523
2025-12-19 19:51:04 - preprocess - INFO - Validation Epoch 354 | Loss: 0.253286
2025-12-19 19:51:04 - preprocess - INFO - Last model saved: results/diffusion/unet-2000-epochs-correct-data/models/last_model.pth
2025-12-19 19:51:06 - preprocess - INFO - Train Epoch 355 | Loss: 0.224436, Mean Loss: 0.245306
2025-12-19 19:51:06 - preprocess - INFO - Validation Epoch 355 | Loss: 0.276281
2025-12-19 19:51:06 - preprocess - INFO - Last model saved: results/diffusion/unet-2000-epochs-correct-data/models/last_model.pth
2025-12-19 19:51:09 - preprocess - INFO - Train Epoch 356 | Loss: 0.247436, Mean Loss: 0.245661
2025-12-19 19:51:09 - preprocess - INFO - Validation Epoch 356 | Loss: 0.301664
2025-12-19 19:51:09 - preprocess - INFO - Last model saved: results/diffusion/unet-2000-epochs-correct-data/models/last_model.pth
2025-12-19 19:51:12 - preprocess - INFO - Train Epoch 357 | Loss: 0.217229, Mean Loss: 0.241599
2025-12-19 19:51:12 - preprocess - INFO - Validation Epoch 357 | Loss: 0.271048
2025-12-19 19:51:12 - preprocess - INFO - Last model saved: results/diffusion/unet-2000-epochs-correct-data/models/last_model.pth
2025-12-19 19:51:14 - preprocess - INFO - Train Epoch 358 | Loss: 0.231098, Mean Loss: 0.240286
2025-12-19 19:51:14 - preprocess - INFO - Validation Epoch 358 | Loss: 0.262838
2025-12-19 19:51:14 - preprocess - INFO - Last model saved: results/diffusion/unet-2000-epochs-correct-data/models/last_model.pth
2025-12-19 19:51:17 - preprocess - INFO - Train Epoch 359 | Loss: 0.244194, Mean Loss: 0.240721
2025-12-19 19:51:17 - preprocess - INFO - Validation Epoch 359 | Loss: 0.297062
2025-12-19 19:51:17 - preprocess - INFO - Last model saved: results/diffusion/unet-2000-epochs-correct-data/models/last_model.pth
2025-12-19 19:51:20 - preprocess - INFO - Train Epoch 360 | Loss: 0.253750, Mean Loss: 0.242024
2025-12-19 19:51:20 - preprocess - INFO - Validation Epoch 360 | Loss: 0.281421
2025-12-19 19:51:20 - preprocess - INFO - Last model saved: results/diffusion/unet-2000-epochs-correct-data/models/last_model.pth
2025-12-19 19:51:47 - preprocess - INFO - Train Epoch 361 | Loss: 0.243481, Mean Loss: 0.243481
2025-12-19 19:51:48 - preprocess - INFO - Validation Epoch 361 | Loss: 0.266527
2025-12-19 19:51:48 - preprocess - INFO - Last model saved: results/diffusion/unet-2000-epochs-correct-data/models/last_model.pth
2025-12-19 19:51:50 - preprocess - INFO - Train Epoch 362 | Loss: 0.232426, Mean Loss: 0.237954
2025-12-19 19:51:50 - preprocess - INFO - Validation Epoch 362 | Loss: 0.238922
2025-12-19 19:51:50 - preprocess - INFO - Last model saved: results/diffusion/unet-2000-epochs-correct-data/models/last_model.pth
2025-12-19 19:51:52 - preprocess - INFO - Train Epoch 363 | Loss: 0.235209, Mean Loss: 0.237039
2025-12-19 19:51:53 - preprocess - INFO - Validation Epoch 363 | Loss: 0.275414
2025-12-19 19:51:53 - preprocess - INFO - Last model saved: results/diffusion/unet-2000-epochs-correct-data/models/last_model.pth
2025-12-19 19:51:55 - preprocess - INFO - Train Epoch 364 | Loss: 0.249616, Mean Loss: 0.240183
2025-12-19 19:51:55 - preprocess - INFO - Validation Epoch 364 | Loss: 0.241733
2025-12-19 19:51:55 - preprocess - INFO - Last model saved: results/diffusion/unet-2000-epochs-correct-data/models/last_model.pth
2025-12-19 19:51:58 - preprocess - INFO - Train Epoch 365 | Loss: 0.263168, Mean Loss: 0.244780
2025-12-19 19:51:58 - preprocess - INFO - Validation Epoch 365 | Loss: 0.229971
2025-12-19 19:51:58 - preprocess - INFO - Last model saved: results/diffusion/unet-2000-epochs-correct-data/models/last_model.pth
2025-12-19 19:52:01 - preprocess - INFO - Train Epoch 366 | Loss: 0.265250, Mean Loss: 0.248192
2025-12-19 19:52:01 - preprocess - INFO - Validation Epoch 366 | Loss: 0.275679
2025-12-19 19:52:01 - preprocess - INFO - Last model saved: results/diffusion/unet-2000-epochs-correct-data/models/last_model.pth
2025-12-19 19:52:03 - preprocess - INFO - Train Epoch 367 | Loss: 0.232495, Mean Loss: 0.245949
2025-12-19 19:52:03 - preprocess - INFO - Validation Epoch 367 | Loss: 0.271346
2025-12-19 19:52:04 - preprocess - INFO - Last model saved: results/diffusion/unet-2000-epochs-correct-data/models/last_model.pth
2025-12-19 19:52:06 - preprocess - INFO - Train Epoch 368 | Loss: 0.237300, Mean Loss: 0.244868
2025-12-19 19:52:06 - preprocess - INFO - Validation Epoch 368 | Loss: 0.246131
2025-12-19 19:52:06 - preprocess - INFO - Last model saved: results/diffusion/unet-2000-epochs-correct-data/models/last_model.pth
2025-12-19 19:52:09 - preprocess - INFO - Train Epoch 369 | Loss: 0.224403, Mean Loss: 0.242594
2025-12-19 19:52:09 - preprocess - INFO - Validation Epoch 369 | Loss: 0.248881
2025-12-19 19:52:09 - preprocess - INFO - Last model saved: results/diffusion/unet-2000-epochs-correct-data/models/last_model.pth
2025-12-19 19:52:12 - preprocess - INFO - Train Epoch 370 | Loss: 0.220143, Mean Loss: 0.240349
2025-12-19 19:52:12 - preprocess - INFO - Validation Epoch 370 | Loss: 0.286602
2025-12-19 19:52:12 - preprocess - INFO - Last model saved: results/diffusion/unet-2000-epochs-correct-data/models/last_model.pth
2025-12-19 19:52:37 - preprocess - INFO - Train Epoch 371 | Loss: 0.227878, Mean Loss: 0.227878
2025-12-19 19:52:37 - preprocess - INFO - Validation Epoch 371 | Loss: 0.298111
2025-12-19 19:52:37 - preprocess - INFO - Last model saved: results/diffusion/unet-2000-epochs-correct-data/models/last_model.pth
2025-12-19 19:52:40 - preprocess - INFO - Train Epoch 372 | Loss: 0.216427, Mean Loss: 0.222152
2025-12-19 19:52:40 - preprocess - INFO - Validation Epoch 372 | Loss: 0.282490
2025-12-19 19:52:40 - preprocess - INFO - Last model saved: results/diffusion/unet-2000-epochs-correct-data/models/last_model.pth
2025-12-19 19:52:42 - preprocess - INFO - Train Epoch 373 | Loss: 0.236629, Mean Loss: 0.226978
2025-12-19 19:52:42 - preprocess - INFO - Validation Epoch 373 | Loss: 0.256343
2025-12-19 19:52:42 - preprocess - INFO - Last model saved: results/diffusion/unet-2000-epochs-correct-data/models/last_model.pth
2025-12-19 19:52:44 - preprocess - INFO - Train Epoch 374 | Loss: 0.225679, Mean Loss: 0.226653
2025-12-19 19:52:45 - preprocess - INFO - Validation Epoch 374 | Loss: 0.312196
2025-12-19 19:52:45 - preprocess - INFO - Last model saved: results/diffusion/unet-2000-epochs-correct-data/models/last_model.pth
2025-12-19 19:52:47 - preprocess - INFO - Train Epoch 375 | Loss: 0.238717, Mean Loss: 0.229066
2025-12-19 19:52:47 - preprocess - INFO - Validation Epoch 375 | Loss: 0.259801
2025-12-19 19:52:47 - preprocess - INFO - Last model saved: results/diffusion/unet-2000-epochs-correct-data/models/last_model.pth
2025-12-19 19:52:49 - preprocess - INFO - Train Epoch 376 | Loss: 0.260755, Mean Loss: 0.234348
2025-12-19 19:52:50 - preprocess - INFO - Validation Epoch 376 | Loss: 0.280406
2025-12-19 19:52:50 - preprocess - INFO - Last model saved: results/diffusion/unet-2000-epochs-correct-data/models/last_model.pth
2025-12-19 19:52:52 - preprocess - INFO - Train Epoch 377 | Loss: 0.232298, Mean Loss: 0.234055
2025-12-19 19:52:52 - preprocess - INFO - Validation Epoch 377 | Loss: 0.256671
2025-12-19 19:52:52 - preprocess - INFO - Last model saved: results/diffusion/unet-2000-epochs-correct-data/models/last_model.pth
2025-12-19 19:52:54 - preprocess - INFO - Train Epoch 378 | Loss: 0.250337, Mean Loss: 0.236090
2025-12-19 19:52:54 - preprocess - INFO - Validation Epoch 378 | Loss: 0.254572
2025-12-19 19:52:55 - preprocess - INFO - Last model saved: results/diffusion/unet-2000-epochs-correct-data/models/last_model.pth
2025-12-19 19:52:57 - preprocess - INFO - Train Epoch 379 | Loss: 0.216113, Mean Loss: 0.233870
2025-12-19 19:52:57 - preprocess - INFO - Validation Epoch 379 | Loss: 0.223322
2025-12-19 19:52:57 - preprocess - INFO - Last model saved: results/diffusion/unet-2000-epochs-correct-data/models/last_model.pth
2025-12-19 19:52:59 - preprocess - INFO - Train Epoch 380 | Loss: 0.235783, Mean Loss: 0.234062
2025-12-19 19:52:59 - preprocess - INFO - Validation Epoch 380 | Loss: 0.270603
2025-12-19 19:52:59 - preprocess - INFO - Last model saved: results/diffusion/unet-2000-epochs-correct-data/models/last_model.pth
2025-12-19 19:53:23 - preprocess - INFO - Train Epoch 381 | Loss: 0.214280, Mean Loss: 0.214280
2025-12-19 19:53:23 - preprocess - INFO - Validation Epoch 381 | Loss: 0.277943
2025-12-19 19:53:23 - preprocess - INFO - Last model saved: results/diffusion/unet-2000-epochs-correct-data/models/last_model.pth
2025-12-19 19:53:25 - preprocess - INFO - Train Epoch 382 | Loss: 0.222925, Mean Loss: 0.218603
2025-12-19 19:53:25 - preprocess - INFO - Validation Epoch 382 | Loss: 0.223425
2025-12-19 19:53:25 - preprocess - INFO - Last model saved: results/diffusion/unet-2000-epochs-correct-data/models/last_model.pth
2025-12-19 19:53:28 - preprocess - INFO - Train Epoch 383 | Loss: 0.241425, Mean Loss: 0.226210
2025-12-19 19:53:28 - preprocess - INFO - Validation Epoch 383 | Loss: 0.214830
2025-12-19 19:53:28 - preprocess - INFO - Last model saved: results/diffusion/unet-2000-epochs-correct-data/models/last_model.pth
2025-12-19 19:53:30 - preprocess - INFO - Train Epoch 384 | Loss: 0.232428, Mean Loss: 0.227765
2025-12-19 19:53:30 - preprocess - INFO - Validation Epoch 384 | Loss: 0.307232
2025-12-19 19:53:30 - preprocess - INFO - Last model saved: results/diffusion/unet-2000-epochs-correct-data/models/last_model.pth
2025-12-19 19:53:32 - preprocess - INFO - Train Epoch 385 | Loss: 0.249553, Mean Loss: 0.232122
2025-12-19 19:53:33 - preprocess - INFO - Validation Epoch 385 | Loss: 0.273267
2025-12-19 19:53:33 - preprocess - INFO - Last model saved: results/diffusion/unet-2000-epochs-correct-data/models/last_model.pth
2025-12-19 19:53:35 - preprocess - INFO - Train Epoch 386 | Loss: 0.221399, Mean Loss: 0.230335
2025-12-19 19:53:35 - preprocess - INFO - Validation Epoch 386 | Loss: 0.238677
2025-12-19 19:53:35 - preprocess - INFO - Last model saved: results/diffusion/unet-2000-epochs-correct-data/models/last_model.pth
2025-12-19 19:53:37 - preprocess - INFO - Train Epoch 387 | Loss: 0.237213, Mean Loss: 0.231318
2025-12-19 19:53:38 - preprocess - INFO - Validation Epoch 387 | Loss: 0.277482
2025-12-19 19:53:38 - preprocess - INFO - Last model saved: results/diffusion/unet-2000-epochs-correct-data/models/last_model.pth
2025-12-19 19:53:40 - preprocess - INFO - Train Epoch 388 | Loss: 0.221089, Mean Loss: 0.230039
2025-12-19 19:53:40 - preprocess - INFO - Validation Epoch 388 | Loss: 0.259970
2025-12-19 19:53:40 - preprocess - INFO - Last model saved: results/diffusion/unet-2000-epochs-correct-data/models/last_model.pth
2025-12-19 19:53:42 - preprocess - INFO - Train Epoch 389 | Loss: 0.239495, Mean Loss: 0.231090
2025-12-19 19:53:42 - preprocess - INFO - Validation Epoch 389 | Loss: 0.297577
2025-12-19 19:53:42 - preprocess - INFO - Last model saved: results/diffusion/unet-2000-epochs-correct-data/models/last_model.pth
2025-12-19 19:53:44 - preprocess - INFO - Train Epoch 390 | Loss: 0.221628, Mean Loss: 0.230144
2025-12-19 19:53:45 - preprocess - INFO - Validation Epoch 390 | Loss: 0.325633
2025-12-19 19:53:45 - preprocess - INFO - Last model saved: results/diffusion/unet-2000-epochs-correct-data/models/last_model.pth
2025-12-19 19:54:08 - preprocess - INFO - Train Epoch 391 | Loss: 0.267167, Mean Loss: 0.267167
2025-12-19 19:54:08 - preprocess - INFO - Validation Epoch 391 | Loss: 0.245042
2025-12-19 19:54:08 - preprocess - INFO - Last model saved: results/diffusion/unet-2000-epochs-correct-data/models/last_model.pth
2025-12-19 19:54:11 - preprocess - INFO - Train Epoch 392 | Loss: 0.237109, Mean Loss: 0.252138
2025-12-19 19:54:11 - preprocess - INFO - Validation Epoch 392 | Loss: 0.287475
2025-12-19 19:54:11 - preprocess - INFO - Last model saved: results/diffusion/unet-2000-epochs-correct-data/models/last_model.pth
2025-12-19 19:54:13 - preprocess - INFO - Train Epoch 393 | Loss: 0.251357, Mean Loss: 0.251878
2025-12-19 19:54:13 - preprocess - INFO - Validation Epoch 393 | Loss: 0.317013
2025-12-19 19:54:13 - preprocess - INFO - Last model saved: results/diffusion/unet-2000-epochs-correct-data/models/last_model.pth
2025-12-19 19:54:15 - preprocess - INFO - Train Epoch 394 | Loss: 0.230075, Mean Loss: 0.246427
2025-12-19 19:54:16 - preprocess - INFO - Validation Epoch 394 | Loss: 0.219085
2025-12-19 19:54:16 - preprocess - INFO - Last model saved: results/diffusion/unet-2000-epochs-correct-data/models/last_model.pth
2025-12-19 19:54:18 - preprocess - INFO - Train Epoch 395 | Loss: 0.215639, Mean Loss: 0.240270
2025-12-19 19:54:18 - preprocess - INFO - Validation Epoch 395 | Loss: 0.271208
2025-12-19 19:54:18 - preprocess - INFO - Last model saved: results/diffusion/unet-2000-epochs-correct-data/models/last_model.pth
2025-12-19 19:54:20 - preprocess - INFO - Train Epoch 396 | Loss: 0.239977, Mean Loss: 0.240221
2025-12-19 19:54:21 - preprocess - INFO - Validation Epoch 396 | Loss: 0.228773
2025-12-19 19:54:21 - preprocess - INFO - Last model saved: results/diffusion/unet-2000-epochs-correct-data/models/last_model.pth
2025-12-19 19:54:23 - preprocess - INFO - Train Epoch 397 | Loss: 0.221994, Mean Loss: 0.237617
2025-12-19 19:54:23 - preprocess - INFO - Validation Epoch 397 | Loss: 0.317778
2025-12-19 19:54:23 - preprocess - INFO - Last model saved: results/diffusion/unet-2000-epochs-correct-data/models/last_model.pth
2025-12-19 19:54:25 - preprocess - INFO - Train Epoch 398 | Loss: 0.228329, Mean Loss: 0.236456
2025-12-19 19:54:25 - preprocess - INFO - Validation Epoch 398 | Loss: 0.267000
2025-12-19 19:54:25 - preprocess - INFO - Last model saved: results/diffusion/unet-2000-epochs-correct-data/models/last_model.pth
2025-12-19 19:54:28 - preprocess - INFO - Train Epoch 399 | Loss: 0.223301, Mean Loss: 0.234994
2025-12-19 19:54:28 - preprocess - INFO - Validation Epoch 399 | Loss: 0.258837
2025-12-19 19:54:28 - preprocess - INFO - Last model saved: results/diffusion/unet-2000-epochs-correct-data/models/last_model.pth
2025-12-19 19:54:30 - preprocess - INFO - Train Epoch 400 | Loss: 0.261366, Mean Loss: 0.237632
2025-12-19 19:54:30 - preprocess - INFO - Validation Epoch 400 | Loss: 0.245246
2025-12-19 19:54:30 - preprocess - INFO - Last model saved: results/diffusion/unet-2000-epochs-correct-data/models/last_model.pth
2025-12-19 19:54:54 - preprocess - INFO - Train Epoch 401 | Loss: 0.239691, Mean Loss: 0.239691
2025-12-19 19:54:54 - preprocess - INFO - Validation Epoch 401 | Loss: 0.267568
2025-12-19 19:54:54 - preprocess - INFO - Last model saved: results/diffusion/unet-2000-epochs-correct-data/models/last_model.pth
2025-12-19 19:54:56 - preprocess - INFO - Train Epoch 402 | Loss: 0.211668, Mean Loss: 0.225680
2025-12-19 19:54:56 - preprocess - INFO - Validation Epoch 402 | Loss: 0.210730
2025-12-19 19:54:56 - preprocess - INFO - Last model saved: results/diffusion/unet-2000-epochs-correct-data/models/last_model.pth
2025-12-19 19:54:58 - preprocess - INFO - Train Epoch 403 | Loss: 0.225837, Mean Loss: 0.225732
2025-12-19 19:54:59 - preprocess - INFO - Validation Epoch 403 | Loss: 0.273199
2025-12-19 19:54:59 - preprocess - INFO - Last model saved: results/diffusion/unet-2000-epochs-correct-data/models/last_model.pth
2025-12-19 19:55:01 - preprocess - INFO - Train Epoch 404 | Loss: 0.266438, Mean Loss: 0.235909
2025-12-19 19:55:01 - preprocess - INFO - Validation Epoch 404 | Loss: 0.250937
2025-12-19 19:55:01 - preprocess - INFO - Last model saved: results/diffusion/unet-2000-epochs-correct-data/models/last_model.pth
2025-12-19 19:55:03 - preprocess - INFO - Train Epoch 405 | Loss: 0.242341, Mean Loss: 0.237195
2025-12-19 19:55:04 - preprocess - INFO - Validation Epoch 405 | Loss: 0.287679
2025-12-19 19:55:04 - preprocess - INFO - Last model saved: results/diffusion/unet-2000-epochs-correct-data/models/last_model.pth
2025-12-19 19:55:06 - preprocess - INFO - Train Epoch 406 | Loss: 0.232273, Mean Loss: 0.236375
2025-12-19 19:55:06 - preprocess - INFO - Validation Epoch 406 | Loss: 0.287000
2025-12-19 19:55:06 - preprocess - INFO - Last model saved: results/diffusion/unet-2000-epochs-correct-data/models/last_model.pth
2025-12-19 19:55:08 - preprocess - INFO - Train Epoch 407 | Loss: 0.217192, Mean Loss: 0.233634
2025-12-19 19:55:08 - preprocess - INFO - Validation Epoch 407 | Loss: 0.270884
2025-12-19 19:55:09 - preprocess - INFO - Last model saved: results/diffusion/unet-2000-epochs-correct-data/models/last_model.pth
2025-12-19 19:55:11 - preprocess - INFO - Train Epoch 408 | Loss: 0.231471, Mean Loss: 0.233364
2025-12-19 19:55:11 - preprocess - INFO - Validation Epoch 408 | Loss: 0.264962
2025-12-19 19:55:11 - preprocess - INFO - Last model saved: results/diffusion/unet-2000-epochs-correct-data/models/last_model.pth
2025-12-19 19:55:13 - preprocess - INFO - Train Epoch 409 | Loss: 0.210838, Mean Loss: 0.230861
2025-12-19 19:55:13 - preprocess - INFO - Validation Epoch 409 | Loss: 0.227584
2025-12-19 19:55:13 - preprocess - INFO - Last model saved: results/diffusion/unet-2000-epochs-correct-data/models/last_model.pth
2025-12-19 19:55:15 - preprocess - INFO - Train Epoch 410 | Loss: 0.206615, Mean Loss: 0.228436
2025-12-19 19:55:16 - preprocess - INFO - Validation Epoch 410 | Loss: 0.263099
2025-12-19 19:55:16 - preprocess - INFO - Last model saved: results/diffusion/unet-2000-epochs-correct-data/models/last_model.pth
2025-12-19 19:55:39 - preprocess - INFO - Train Epoch 411 | Loss: 0.204619, Mean Loss: 0.204619
2025-12-19 19:55:39 - preprocess - INFO - Validation Epoch 411 | Loss: 0.289126
2025-12-19 19:55:39 - preprocess - INFO - Last model saved: results/diffusion/unet-2000-epochs-correct-data/models/last_model.pth
2025-12-19 19:55:42 - preprocess - INFO - Train Epoch 412 | Loss: 0.235816, Mean Loss: 0.220217
2025-12-19 19:55:42 - preprocess - INFO - Validation Epoch 412 | Loss: 0.274789
2025-12-19 19:55:42 - preprocess - INFO - Last model saved: results/diffusion/unet-2000-epochs-correct-data/models/last_model.pth
2025-12-19 19:55:44 - preprocess - INFO - Train Epoch 413 | Loss: 0.199110, Mean Loss: 0.213182
2025-12-19 19:55:44 - preprocess - INFO - Validation Epoch 413 | Loss: 0.244887
2025-12-19 19:55:44 - preprocess - INFO - Last model saved: results/diffusion/unet-2000-epochs-correct-data/models/last_model.pth
2025-12-19 19:55:46 - preprocess - INFO - Train Epoch 414 | Loss: 0.215368, Mean Loss: 0.213728
2025-12-19 19:55:47 - preprocess - INFO - Validation Epoch 414 | Loss: 0.259074
2025-12-19 19:55:47 - preprocess - INFO - Last model saved: results/diffusion/unet-2000-epochs-correct-data/models/last_model.pth
2025-12-19 19:55:49 - preprocess - INFO - Train Epoch 415 | Loss: 0.212236, Mean Loss: 0.213430
2025-12-19 19:55:49 - preprocess - INFO - Validation Epoch 415 | Loss: 0.283236
2025-12-19 19:55:49 - preprocess - INFO - Last model saved: results/diffusion/unet-2000-epochs-correct-data/models/last_model.pth
2025-12-19 19:55:51 - preprocess - INFO - Train Epoch 416 | Loss: 0.238828, Mean Loss: 0.217663
2025-12-19 19:55:52 - preprocess - INFO - Validation Epoch 416 | Loss: 0.267614
2025-12-19 19:55:52 - preprocess - INFO - Last model saved: results/diffusion/unet-2000-epochs-correct-data/models/last_model.pth
2025-12-19 19:55:54 - preprocess - INFO - Train Epoch 417 | Loss: 0.211772, Mean Loss: 0.216821
2025-12-19 19:55:54 - preprocess - INFO - Validation Epoch 417 | Loss: 0.245455
2025-12-19 19:55:54 - preprocess - INFO - Last model saved: results/diffusion/unet-2000-epochs-correct-data/models/last_model.pth
2025-12-19 19:55:56 - preprocess - INFO - Train Epoch 418 | Loss: 0.209078, Mean Loss: 0.215853
2025-12-19 19:55:56 - preprocess - INFO - Validation Epoch 418 | Loss: 0.218952
2025-12-19 19:55:56 - preprocess - INFO - Last model saved: results/diffusion/unet-2000-epochs-correct-data/models/last_model.pth
2025-12-19 19:55:58 - preprocess - INFO - Train Epoch 419 | Loss: 0.244162, Mean Loss: 0.218999
2025-12-19 19:55:59 - preprocess - INFO - Validation Epoch 419 | Loss: 0.314514
2025-12-19 19:55:59 - preprocess - INFO - Last model saved: results/diffusion/unet-2000-epochs-correct-data/models/last_model.pth
2025-12-19 19:56:01 - preprocess - INFO - Train Epoch 420 | Loss: 0.243107, Mean Loss: 0.221409
2025-12-19 19:56:01 - preprocess - INFO - Validation Epoch 420 | Loss: 0.226285
2025-12-19 19:56:01 - preprocess - INFO - Last model saved: results/diffusion/unet-2000-epochs-correct-data/models/last_model.pth
2025-12-19 19:56:25 - preprocess - INFO - Train Epoch 421 | Loss: 0.229273, Mean Loss: 0.229273
2025-12-19 19:56:25 - preprocess - INFO - Validation Epoch 421 | Loss: 0.247845
2025-12-19 19:56:25 - preprocess - INFO - Last model saved: results/diffusion/unet-2000-epochs-correct-data/models/last_model.pth
2025-12-19 19:56:27 - preprocess - INFO - Train Epoch 422 | Loss: 0.235527, Mean Loss: 0.232400
2025-12-19 19:56:27 - preprocess - INFO - Validation Epoch 422 | Loss: 0.251513
2025-12-19 19:56:27 - preprocess - INFO - Last model saved: results/diffusion/unet-2000-epochs-correct-data/models/last_model.pth
2025-12-19 19:56:29 - preprocess - INFO - Train Epoch 423 | Loss: 0.250630, Mean Loss: 0.238477
2025-12-19 19:56:30 - preprocess - INFO - Validation Epoch 423 | Loss: 0.276921
2025-12-19 19:56:30 - preprocess - INFO - Last model saved: results/diffusion/unet-2000-epochs-correct-data/models/last_model.pth
2025-12-19 19:56:32 - preprocess - INFO - Train Epoch 424 | Loss: 0.202491, Mean Loss: 0.229480
2025-12-19 19:56:32 - preprocess - INFO - Validation Epoch 424 | Loss: 0.316466
2025-12-19 19:56:32 - preprocess - INFO - Last model saved: results/diffusion/unet-2000-epochs-correct-data/models/last_model.pth
2025-12-19 19:56:34 - preprocess - INFO - Train Epoch 425 | Loss: 0.233349, Mean Loss: 0.230254
2025-12-19 19:56:35 - preprocess - INFO - Validation Epoch 425 | Loss: 0.218107
2025-12-19 19:56:35 - preprocess - INFO - Last model saved: results/diffusion/unet-2000-epochs-correct-data/models/last_model.pth
2025-12-19 19:56:37 - preprocess - INFO - Train Epoch 426 | Loss: 0.236386, Mean Loss: 0.231276
2025-12-19 19:56:37 - preprocess - INFO - Validation Epoch 426 | Loss: 0.223793
2025-12-19 19:56:37 - preprocess - INFO - Last model saved: results/diffusion/unet-2000-epochs-correct-data/models/last_model.pth
2025-12-19 19:56:39 - preprocess - INFO - Train Epoch 427 | Loss: 0.220556, Mean Loss: 0.229745
2025-12-19 19:56:40 - preprocess - INFO - Validation Epoch 427 | Loss: 0.252318
2025-12-19 19:56:40 - preprocess - INFO - Last model saved: results/diffusion/unet-2000-epochs-correct-data/models/last_model.pth
2025-12-19 19:56:42 - preprocess - INFO - Train Epoch 428 | Loss: 0.193445, Mean Loss: 0.225207
2025-12-19 19:56:42 - preprocess - INFO - Validation Epoch 428 | Loss: 0.261529
2025-12-19 19:56:42 - preprocess - INFO - Last model saved: results/diffusion/unet-2000-epochs-correct-data/models/last_model.pth
2025-12-19 19:56:44 - preprocess - INFO - Train Epoch 429 | Loss: 0.210068, Mean Loss: 0.223525
2025-12-19 19:56:44 - preprocess - INFO - Validation Epoch 429 | Loss: 0.292314
2025-12-19 19:56:44 - preprocess - INFO - Last model saved: results/diffusion/unet-2000-epochs-correct-data/models/last_model.pth
2025-12-19 19:56:46 - preprocess - INFO - Train Epoch 430 | Loss: 0.236920, Mean Loss: 0.224864
2025-12-19 19:56:47 - preprocess - INFO - Validation Epoch 430 | Loss: 0.245596
2025-12-19 19:56:47 - preprocess - INFO - Last model saved: results/diffusion/unet-2000-epochs-correct-data/models/last_model.pth
2025-12-19 19:57:10 - preprocess - INFO - Train Epoch 431 | Loss: 0.211832, Mean Loss: 0.211832
2025-12-19 19:57:11 - preprocess - INFO - Validation Epoch 431 | Loss: 0.229633
2025-12-19 19:57:11 - preprocess - INFO - Last model saved: results/diffusion/unet-2000-epochs-correct-data/models/last_model.pth
2025-12-19 19:57:13 - preprocess - INFO - Train Epoch 432 | Loss: 0.189657, Mean Loss: 0.200745
2025-12-19 19:57:13 - preprocess - INFO - Validation Epoch 432 | Loss: 0.281968
2025-12-19 19:57:13 - preprocess - INFO - Last model saved: results/diffusion/unet-2000-epochs-correct-data/models/last_model.pth
2025-12-19 19:57:15 - preprocess - INFO - Train Epoch 433 | Loss: 0.227891, Mean Loss: 0.209793
2025-12-19 19:57:15 - preprocess - INFO - Validation Epoch 433 | Loss: 0.271211
2025-12-19 19:57:15 - preprocess - INFO - Last model saved: results/diffusion/unet-2000-epochs-correct-data/models/last_model.pth
2025-12-19 19:57:18 - preprocess - INFO - Train Epoch 434 | Loss: 0.192089, Mean Loss: 0.205367
2025-12-19 19:57:18 - preprocess - INFO - Validation Epoch 434 | Loss: 0.272741
2025-12-19 19:57:18 - preprocess - INFO - Last model saved: results/diffusion/unet-2000-epochs-correct-data/models/last_model.pth
2025-12-19 19:57:20 - preprocess - INFO - Train Epoch 435 | Loss: 0.220926, Mean Loss: 0.208479
2025-12-19 19:57:20 - preprocess - INFO - Validation Epoch 435 | Loss: 0.287734
2025-12-19 19:57:20 - preprocess - INFO - Last model saved: results/diffusion/unet-2000-epochs-correct-data/models/last_model.pth
2025-12-19 19:57:22 - preprocess - INFO - Train Epoch 436 | Loss: 0.230481, Mean Loss: 0.212146
2025-12-19 19:57:23 - preprocess - INFO - Validation Epoch 436 | Loss: 0.308341
2025-12-19 19:57:23 - preprocess - INFO - Last model saved: results/diffusion/unet-2000-epochs-correct-data/models/last_model.pth
2025-12-19 19:57:25 - preprocess - INFO - Train Epoch 437 | Loss: 0.224839, Mean Loss: 0.213959
2025-12-19 19:57:25 - preprocess - INFO - Validation Epoch 437 | Loss: 0.305317
2025-12-19 19:57:25 - preprocess - INFO - Last model saved: results/diffusion/unet-2000-epochs-correct-data/models/last_model.pth
2025-12-19 19:57:27 - preprocess - INFO - Train Epoch 438 | Loss: 0.244404, Mean Loss: 0.217765
2025-12-19 19:57:28 - preprocess - INFO - Validation Epoch 438 | Loss: 0.239096
2025-12-19 19:57:28 - preprocess - INFO - Last model saved: results/diffusion/unet-2000-epochs-correct-data/models/last_model.pth
2025-12-19 19:57:30 - preprocess - INFO - Train Epoch 439 | Loss: 0.229557, Mean Loss: 0.219075
2025-12-19 19:57:30 - preprocess - INFO - Validation Epoch 439 | Loss: 0.269875
2025-12-19 19:57:30 - preprocess - INFO - Last model saved: results/diffusion/unet-2000-epochs-correct-data/models/last_model.pth
2025-12-19 19:57:32 - preprocess - INFO - Train Epoch 440 | Loss: 0.235879, Mean Loss: 0.220756
2025-12-19 19:57:32 - preprocess - INFO - Validation Epoch 440 | Loss: 0.277422
2025-12-19 19:57:32 - preprocess - INFO - Last model saved: results/diffusion/unet-2000-epochs-correct-data/models/last_model.pth
2025-12-19 19:57:56 - preprocess - INFO - Train Epoch 441 | Loss: 0.226521, Mean Loss: 0.226521
2025-12-19 19:57:56 - preprocess - INFO - Validation Epoch 441 | Loss: 0.235545
2025-12-19 19:57:56 - preprocess - INFO - Last model saved: results/diffusion/unet-2000-epochs-correct-data/models/last_model.pth
2025-12-19 19:57:58 - preprocess - INFO - Train Epoch 442 | Loss: 0.222305, Mean Loss: 0.224413
2025-12-19 19:57:58 - preprocess - INFO - Validation Epoch 442 | Loss: 0.210592
2025-12-19 19:57:58 - preprocess - INFO - Last model saved: results/diffusion/unet-2000-epochs-correct-data/models/last_model.pth
2025-12-19 19:58:00 - preprocess - INFO - Train Epoch 443 | Loss: 0.212189, Mean Loss: 0.220338
2025-12-19 19:58:01 - preprocess - INFO - Validation Epoch 443 | Loss: 0.210669
2025-12-19 19:58:01 - preprocess - INFO - Last model saved: results/diffusion/unet-2000-epochs-correct-data/models/last_model.pth
2025-12-19 19:58:03 - preprocess - INFO - Train Epoch 444 | Loss: 0.232502, Mean Loss: 0.223379
2025-12-19 19:58:03 - preprocess - INFO - Validation Epoch 444 | Loss: 0.283650
2025-12-19 19:58:03 - preprocess - INFO - Last model saved: results/diffusion/unet-2000-epochs-correct-data/models/last_model.pth
2025-12-19 19:58:05 - preprocess - INFO - Train Epoch 445 | Loss: 0.231700, Mean Loss: 0.225043
2025-12-19 19:58:06 - preprocess - INFO - Validation Epoch 445 | Loss: 0.236904
2025-12-19 19:58:06 - preprocess - INFO - Last model saved: results/diffusion/unet-2000-epochs-correct-data/models/last_model.pth
2025-12-19 19:58:08 - preprocess - INFO - Train Epoch 446 | Loss: 0.235662, Mean Loss: 0.226813
2025-12-19 19:58:08 - preprocess - INFO - Validation Epoch 446 | Loss: 0.286551
2025-12-19 19:58:08 - preprocess - INFO - Last model saved: results/diffusion/unet-2000-epochs-correct-data/models/last_model.pth
2025-12-19 19:58:10 - preprocess - INFO - Train Epoch 447 | Loss: 0.218452, Mean Loss: 0.225619
2025-12-19 19:58:10 - preprocess - INFO - Validation Epoch 447 | Loss: 0.234305
2025-12-19 19:58:10 - preprocess - INFO - Last model saved: results/diffusion/unet-2000-epochs-correct-data/models/last_model.pth
2025-12-19 19:58:13 - preprocess - INFO - Train Epoch 448 | Loss: 0.207598, Mean Loss: 0.223366
2025-12-19 19:58:13 - preprocess - INFO - Validation Epoch 448 | Loss: 0.303217
2025-12-19 19:58:13 - preprocess - INFO - Last model saved: results/diffusion/unet-2000-epochs-correct-data/models/last_model.pth
2025-12-19 19:58:15 - preprocess - INFO - Train Epoch 449 | Loss: 0.225889, Mean Loss: 0.223646
2025-12-19 19:58:15 - preprocess - INFO - Validation Epoch 449 | Loss: 0.276281
2025-12-19 19:58:15 - preprocess - INFO - Last model saved: results/diffusion/unet-2000-epochs-correct-data/models/last_model.pth
2025-12-19 19:58:17 - preprocess - INFO - Train Epoch 450 | Loss: 0.201365, Mean Loss: 0.221418
2025-12-19 19:58:18 - preprocess - INFO - Validation Epoch 450 | Loss: 0.286066
2025-12-19 19:58:18 - preprocess - INFO - Last model saved: results/diffusion/unet-2000-epochs-correct-data/models/last_model.pth
2025-12-19 19:58:41 - preprocess - INFO - Train Epoch 451 | Loss: 0.236117, Mean Loss: 0.236117
2025-12-19 19:58:41 - preprocess - INFO - Validation Epoch 451 | Loss: 0.264743
2025-12-19 19:58:41 - preprocess - INFO - Last model saved: results/diffusion/unet-2000-epochs-correct-data/models/last_model.pth
2025-12-19 19:58:44 - preprocess - INFO - Train Epoch 452 | Loss: 0.210129, Mean Loss: 0.223123
2025-12-19 19:58:44 - preprocess - INFO - Validation Epoch 452 | Loss: 0.271631
2025-12-19 19:58:44 - preprocess - INFO - Last model saved: results/diffusion/unet-2000-epochs-correct-data/models/last_model.pth
2025-12-19 19:58:46 - preprocess - INFO - Train Epoch 453 | Loss: 0.213896, Mean Loss: 0.220048
2025-12-19 19:58:46 - preprocess - INFO - Validation Epoch 453 | Loss: 0.304694
2025-12-19 19:58:46 - preprocess - INFO - Last model saved: results/diffusion/unet-2000-epochs-correct-data/models/last_model.pth
2025-12-19 19:58:48 - preprocess - INFO - Train Epoch 454 | Loss: 0.242019, Mean Loss: 0.225540
2025-12-19 19:58:49 - preprocess - INFO - Validation Epoch 454 | Loss: 0.265905
2025-12-19 19:58:49 - preprocess - INFO - Last model saved: results/diffusion/unet-2000-epochs-correct-data/models/last_model.pth
2025-12-19 19:58:51 - preprocess - INFO - Train Epoch 455 | Loss: 0.256611, Mean Loss: 0.231755
2025-12-19 19:58:51 - preprocess - INFO - Validation Epoch 455 | Loss: 0.268792
2025-12-19 19:58:51 - preprocess - INFO - Last model saved: results/diffusion/unet-2000-epochs-correct-data/models/last_model.pth
2025-12-19 19:58:53 - preprocess - INFO - Train Epoch 456 | Loss: 0.227064, Mean Loss: 0.230973
2025-12-19 19:58:54 - preprocess - INFO - Validation Epoch 456 | Loss: 0.240878
2025-12-19 19:58:54 - preprocess - INFO - Last model saved: results/diffusion/unet-2000-epochs-correct-data/models/last_model.pth
2025-12-19 19:58:56 - preprocess - INFO - Train Epoch 457 | Loss: 0.212243, Mean Loss: 0.228297
2025-12-19 19:58:56 - preprocess - INFO - Validation Epoch 457 | Loss: 0.279208
2025-12-19 19:58:56 - preprocess - INFO - Last model saved: results/diffusion/unet-2000-epochs-correct-data/models/last_model.pth
2025-12-19 19:58:58 - preprocess - INFO - Train Epoch 458 | Loss: 0.200098, Mean Loss: 0.224772
2025-12-19 19:58:58 - preprocess - INFO - Validation Epoch 458 | Loss: 0.244450
2025-12-19 19:58:58 - preprocess - INFO - Last model saved: results/diffusion/unet-2000-epochs-correct-data/models/last_model.pth
2025-12-19 19:59:01 - preprocess - INFO - Train Epoch 459 | Loss: 0.216299, Mean Loss: 0.223831
2025-12-19 19:59:01 - preprocess - INFO - Validation Epoch 459 | Loss: 0.257281
2025-12-19 19:59:01 - preprocess - INFO - Last model saved: results/diffusion/unet-2000-epochs-correct-data/models/last_model.pth
2025-12-19 19:59:03 - preprocess - INFO - Train Epoch 460 | Loss: 0.239387, Mean Loss: 0.225386
2025-12-19 19:59:03 - preprocess - INFO - Validation Epoch 460 | Loss: 0.284126
2025-12-19 19:59:03 - preprocess - INFO - Last model saved: results/diffusion/unet-2000-epochs-correct-data/models/last_model.pth
2025-12-19 19:59:27 - preprocess - INFO - Train Epoch 461 | Loss: 0.217522, Mean Loss: 0.217522
2025-12-19 19:59:27 - preprocess - INFO - Validation Epoch 461 | Loss: 0.238288
2025-12-19 19:59:27 - preprocess - INFO - Last model saved: results/diffusion/unet-2000-epochs-correct-data/models/last_model.pth
2025-12-19 19:59:29 - preprocess - INFO - Train Epoch 462 | Loss: 0.226365, Mean Loss: 0.221944
2025-12-19 19:59:29 - preprocess - INFO - Validation Epoch 462 | Loss: 0.302605
2025-12-19 19:59:29 - preprocess - INFO - Last model saved: results/diffusion/unet-2000-epochs-correct-data/models/last_model.pth
2025-12-19 19:59:31 - preprocess - INFO - Train Epoch 463 | Loss: 0.209262, Mean Loss: 0.217717
2025-12-19 19:59:32 - preprocess - INFO - Validation Epoch 463 | Loss: 0.262777
2025-12-19 19:59:32 - preprocess - INFO - Last model saved: results/diffusion/unet-2000-epochs-correct-data/models/last_model.pth
2025-12-19 19:59:34 - preprocess - INFO - Train Epoch 464 | Loss: 0.231653, Mean Loss: 0.221201
2025-12-19 19:59:34 - preprocess - INFO - Validation Epoch 464 | Loss: 0.350678
2025-12-19 19:59:34 - preprocess - INFO - Last model saved: results/diffusion/unet-2000-epochs-correct-data/models/last_model.pth
2025-12-19 19:59:36 - preprocess - INFO - Train Epoch 465 | Loss: 0.230648, Mean Loss: 0.223090
2025-12-19 19:59:37 - preprocess - INFO - Validation Epoch 465 | Loss: 0.294012
2025-12-19 19:59:37 - preprocess - INFO - Last model saved: results/diffusion/unet-2000-epochs-correct-data/models/last_model.pth
2025-12-19 19:59:39 - preprocess - INFO - Train Epoch 466 | Loss: 0.219389, Mean Loss: 0.222473
2025-12-19 19:59:39 - preprocess - INFO - Validation Epoch 466 | Loss: 0.269841
2025-12-19 19:59:39 - preprocess - INFO - Last model saved: results/diffusion/unet-2000-epochs-correct-data/models/last_model.pth
2025-12-19 19:59:41 - preprocess - INFO - Train Epoch 467 | Loss: 0.222724, Mean Loss: 0.222509
2025-12-19 19:59:41 - preprocess - INFO - Validation Epoch 467 | Loss: 0.269467
2025-12-19 19:59:41 - preprocess - INFO - Last model saved: results/diffusion/unet-2000-epochs-correct-data/models/last_model.pth
2025-12-19 19:59:44 - preprocess - INFO - Train Epoch 468 | Loss: 0.205685, Mean Loss: 0.220406
2025-12-19 19:59:44 - preprocess - INFO - Validation Epoch 468 | Loss: 0.268064
2025-12-19 19:59:44 - preprocess - INFO - Last model saved: results/diffusion/unet-2000-epochs-correct-data/models/last_model.pth
2025-12-19 19:59:46 - preprocess - INFO - Train Epoch 469 | Loss: 0.205939, Mean Loss: 0.218799
2025-12-19 19:59:46 - preprocess - INFO - Validation Epoch 469 | Loss: 0.363847
2025-12-19 19:59:46 - preprocess - INFO - Last model saved: results/diffusion/unet-2000-epochs-correct-data/models/last_model.pth
2025-12-19 19:59:48 - preprocess - INFO - Train Epoch 470 | Loss: 0.188893, Mean Loss: 0.215808
2025-12-19 19:59:49 - preprocess - INFO - Validation Epoch 470 | Loss: 0.232407
2025-12-19 19:59:49 - preprocess - INFO - Last model saved: results/diffusion/unet-2000-epochs-correct-data/models/last_model.pth
2025-12-19 20:00:12 - preprocess - INFO - Train Epoch 471 | Loss: 0.221064, Mean Loss: 0.221064
2025-12-19 20:00:12 - preprocess - INFO - Validation Epoch 471 | Loss: 0.276570
2025-12-19 20:00:12 - preprocess - INFO - Last model saved: results/diffusion/unet-2000-epochs-correct-data/models/last_model.pth
2025-12-19 20:00:14 - preprocess - INFO - Train Epoch 472 | Loss: 0.224760, Mean Loss: 0.222912
2025-12-19 20:00:15 - preprocess - INFO - Validation Epoch 472 | Loss: 0.268779
2025-12-19 20:00:15 - preprocess - INFO - Last model saved: results/diffusion/unet-2000-epochs-correct-data/models/last_model.pth
2025-12-19 20:00:17 - preprocess - INFO - Train Epoch 473 | Loss: 0.201284, Mean Loss: 0.215703
2025-12-19 20:00:17 - preprocess - INFO - Validation Epoch 473 | Loss: 0.274523
2025-12-19 20:00:17 - preprocess - INFO - Last model saved: results/diffusion/unet-2000-epochs-correct-data/models/last_model.pth
2025-12-19 20:00:19 - preprocess - INFO - Train Epoch 474 | Loss: 0.226691, Mean Loss: 0.218450
2025-12-19 20:00:20 - preprocess - INFO - Validation Epoch 474 | Loss: 0.233010
2025-12-19 20:00:20 - preprocess - INFO - Last model saved: results/diffusion/unet-2000-epochs-correct-data/models/last_model.pth
2025-12-19 20:00:22 - preprocess - INFO - Train Epoch 475 | Loss: 0.214456, Mean Loss: 0.217651
2025-12-19 20:00:22 - preprocess - INFO - Validation Epoch 475 | Loss: 0.321738
2025-12-19 20:00:22 - preprocess - INFO - Last model saved: results/diffusion/unet-2000-epochs-correct-data/models/last_model.pth
2025-12-19 20:00:24 - preprocess - INFO - Train Epoch 476 | Loss: 0.211438, Mean Loss: 0.216616
2025-12-19 20:00:24 - preprocess - INFO - Validation Epoch 476 | Loss: 0.286952
2025-12-19 20:00:24 - preprocess - INFO - Last model saved: results/diffusion/unet-2000-epochs-correct-data/models/last_model.pth
2025-12-19 20:00:27 - preprocess - INFO - Train Epoch 477 | Loss: 0.185467, Mean Loss: 0.212166
2025-12-19 20:00:27 - preprocess - INFO - Validation Epoch 477 | Loss: 0.216544
2025-12-19 20:00:27 - preprocess - INFO - Last model saved: results/diffusion/unet-2000-epochs-correct-data/models/last_model.pth
2025-12-19 20:00:29 - preprocess - INFO - Train Epoch 478 | Loss: 0.220023, Mean Loss: 0.213148
2025-12-19 20:00:29 - preprocess - INFO - Validation Epoch 478 | Loss: 0.240611
2025-12-19 20:00:29 - preprocess - INFO - Last model saved: results/diffusion/unet-2000-epochs-correct-data/models/last_model.pth
2025-12-19 20:00:31 - preprocess - INFO - Train Epoch 479 | Loss: 0.204448, Mean Loss: 0.212181
2025-12-19 20:00:32 - preprocess - INFO - Validation Epoch 479 | Loss: 0.285259
2025-12-19 20:00:32 - preprocess - INFO - Last model saved: results/diffusion/unet-2000-epochs-correct-data/models/last_model.pth
2025-12-19 20:00:34 - preprocess - INFO - Train Epoch 480 | Loss: 0.230748, Mean Loss: 0.214038
2025-12-19 20:00:34 - preprocess - INFO - Validation Epoch 480 | Loss: 0.269640
2025-12-19 20:00:34 - preprocess - INFO - Last model saved: results/diffusion/unet-2000-epochs-correct-data/models/last_model.pth
2025-12-19 20:00:57 - preprocess - INFO - Train Epoch 481 | Loss: 0.220422, Mean Loss: 0.220422
2025-12-19 20:00:58 - preprocess - INFO - Validation Epoch 481 | Loss: 0.283103
2025-12-19 20:00:58 - preprocess - INFO - Last model saved: results/diffusion/unet-2000-epochs-correct-data/models/last_model.pth
2025-12-19 20:01:00 - preprocess - INFO - Train Epoch 482 | Loss: 0.190603, Mean Loss: 0.205512
2025-12-19 20:01:00 - preprocess - INFO - Validation Epoch 482 | Loss: 0.261438
2025-12-19 20:01:00 - preprocess - INFO - Last model saved: results/diffusion/unet-2000-epochs-correct-data/models/last_model.pth
2025-12-19 20:01:02 - preprocess - INFO - Train Epoch 483 | Loss: 0.208582, Mean Loss: 0.206536
2025-12-19 20:01:03 - preprocess - INFO - Validation Epoch 483 | Loss: 0.313821
2025-12-19 20:01:03 - preprocess - INFO - Last model saved: results/diffusion/unet-2000-epochs-correct-data/models/last_model.pth
2025-12-19 20:01:05 - preprocess - INFO - Train Epoch 484 | Loss: 0.207382, Mean Loss: 0.206747
2025-12-19 20:01:05 - preprocess - INFO - Validation Epoch 484 | Loss: 0.316104
2025-12-19 20:01:05 - preprocess - INFO - Last model saved: results/diffusion/unet-2000-epochs-correct-data/models/last_model.pth
2025-12-19 20:01:07 - preprocess - INFO - Train Epoch 485 | Loss: 0.230736, Mean Loss: 0.211545
2025-12-19 20:01:07 - preprocess - INFO - Validation Epoch 485 | Loss: 0.298640
2025-12-19 20:01:07 - preprocess - INFO - Last model saved: results/diffusion/unet-2000-epochs-correct-data/models/last_model.pth
2025-12-19 20:01:10 - preprocess - INFO - Train Epoch 486 | Loss: 0.225073, Mean Loss: 0.213800
2025-12-19 20:01:10 - preprocess - INFO - Validation Epoch 486 | Loss: 0.265845
2025-12-19 20:01:10 - preprocess - INFO - Last model saved: results/diffusion/unet-2000-epochs-correct-data/models/last_model.pth
2025-12-19 20:01:12 - preprocess - INFO - Train Epoch 487 | Loss: 0.183781, Mean Loss: 0.209511
2025-12-19 20:01:12 - preprocess - INFO - Validation Epoch 487 | Loss: 0.237963
2025-12-19 20:01:12 - preprocess - INFO - Last model saved: results/diffusion/unet-2000-epochs-correct-data/models/last_model.pth
2025-12-19 20:01:14 - preprocess - INFO - Train Epoch 488 | Loss: 0.220946, Mean Loss: 0.210941
2025-12-19 20:01:15 - preprocess - INFO - Validation Epoch 488 | Loss: 0.304622
2025-12-19 20:01:15 - preprocess - INFO - Last model saved: results/diffusion/unet-2000-epochs-correct-data/models/last_model.pth
2025-12-19 20:01:17 - preprocess - INFO - Train Epoch 489 | Loss: 0.206980, Mean Loss: 0.210501
2025-12-19 20:01:17 - preprocess - INFO - Validation Epoch 489 | Loss: 0.262792
2025-12-19 20:01:17 - preprocess - INFO - Last model saved: results/diffusion/unet-2000-epochs-correct-data/models/last_model.pth
2025-12-19 20:01:19 - preprocess - INFO - Train Epoch 490 | Loss: 0.203818, Mean Loss: 0.209832
2025-12-19 20:01:20 - preprocess - INFO - Validation Epoch 490 | Loss: 0.291508
2025-12-19 20:01:20 - preprocess - INFO - Last model saved: results/diffusion/unet-2000-epochs-correct-data/models/last_model.pth
2025-12-19 20:01:43 - preprocess - INFO - Train Epoch 491 | Loss: 0.197398, Mean Loss: 0.197398
2025-12-19 20:01:43 - preprocess - INFO - Validation Epoch 491 | Loss: 0.258900
2025-12-19 20:01:43 - preprocess - INFO - Last model saved: results/diffusion/unet-2000-epochs-correct-data/models/last_model.pth
2025-12-19 20:01:45 - preprocess - INFO - Train Epoch 492 | Loss: 0.210236, Mean Loss: 0.203817
2025-12-19 20:01:46 - preprocess - INFO - Validation Epoch 492 | Loss: 0.276559
2025-12-19 20:01:46 - preprocess - INFO - Last model saved: results/diffusion/unet-2000-epochs-correct-data/models/last_model.pth
2025-12-19 20:01:48 - preprocess - INFO - Train Epoch 493 | Loss: 0.212816, Mean Loss: 0.206817
2025-12-19 20:01:48 - preprocess - INFO - Validation Epoch 493 | Loss: 0.284553
2025-12-19 20:01:48 - preprocess - INFO - Last model saved: results/diffusion/unet-2000-epochs-correct-data/models/last_model.pth
2025-12-19 20:01:50 - preprocess - INFO - Train Epoch 494 | Loss: 0.199641, Mean Loss: 0.205023
2025-12-19 20:01:50 - preprocess - INFO - Validation Epoch 494 | Loss: 0.277244
2025-12-19 20:01:50 - preprocess - INFO - Last model saved: results/diffusion/unet-2000-epochs-correct-data/models/last_model.pth
2025-12-19 20:01:53 - preprocess - INFO - Train Epoch 495 | Loss: 0.203472, Mean Loss: 0.204713
2025-12-19 20:01:53 - preprocess - INFO - Validation Epoch 495 | Loss: 0.302579
2025-12-19 20:01:53 - preprocess - INFO - Last model saved: results/diffusion/unet-2000-epochs-correct-data/models/last_model.pth
2025-12-19 20:01:55 - preprocess - INFO - Train Epoch 496 | Loss: 0.208274, Mean Loss: 0.205306
2025-12-19 20:01:55 - preprocess - INFO - Validation Epoch 496 | Loss: 0.303155
2025-12-19 20:01:55 - preprocess - INFO - Last model saved: results/diffusion/unet-2000-epochs-correct-data/models/last_model.pth
2025-12-19 20:01:57 - preprocess - INFO - Train Epoch 497 | Loss: 0.206412, Mean Loss: 0.205464
2025-12-19 20:01:58 - preprocess - INFO - Validation Epoch 497 | Loss: 0.292345
2025-12-19 20:01:58 - preprocess - INFO - Last model saved: results/diffusion/unet-2000-epochs-correct-data/models/last_model.pth
2025-12-19 20:02:00 - preprocess - INFO - Train Epoch 498 | Loss: 0.200741, Mean Loss: 0.204874
2025-12-19 20:02:00 - preprocess - INFO - Validation Epoch 498 | Loss: 0.279601
2025-12-19 20:02:00 - preprocess - INFO - Last model saved: results/diffusion/unet-2000-epochs-correct-data/models/last_model.pth
2025-12-19 20:02:02 - preprocess - INFO - Train Epoch 499 | Loss: 0.228453, Mean Loss: 0.207494
2025-12-19 20:02:03 - preprocess - INFO - Validation Epoch 499 | Loss: 0.274595
2025-12-19 20:02:03 - preprocess - INFO - Last model saved: results/diffusion/unet-2000-epochs-correct-data/models/last_model.pth
2025-12-19 20:02:05 - preprocess - INFO - Train Epoch 500 | Loss: 0.202713, Mean Loss: 0.207015
2025-12-19 20:02:05 - preprocess - INFO - Validation Epoch 500 | Loss: 0.224948
2025-12-19 20:02:05 - preprocess - INFO - Last model saved: results/diffusion/unet-2000-epochs-correct-data/models/last_model.pth
2025-12-19 20:02:28 - preprocess - INFO - Train Epoch 501 | Loss: 0.209670, Mean Loss: 0.209670
2025-12-19 20:02:29 - preprocess - INFO - Validation Epoch 501 | Loss: 0.319457
2025-12-19 20:02:29 - preprocess - INFO - Last model saved: results/diffusion/unet-2000-epochs-correct-data/models/last_model.pth
2025-12-19 20:02:31 - preprocess - INFO - Train Epoch 502 | Loss: 0.213537, Mean Loss: 0.211604
2025-12-19 20:02:31 - preprocess - INFO - Validation Epoch 502 | Loss: 0.285564
2025-12-19 20:02:31 - preprocess - INFO - Last model saved: results/diffusion/unet-2000-epochs-correct-data/models/last_model.pth
2025-12-19 20:02:33 - preprocess - INFO - Train Epoch 503 | Loss: 0.217834, Mean Loss: 0.213680
2025-12-19 20:02:34 - preprocess - INFO - Validation Epoch 503 | Loss: 0.282803
2025-12-19 20:02:34 - preprocess - INFO - Last model saved: results/diffusion/unet-2000-epochs-correct-data/models/last_model.pth
2025-12-19 20:02:36 - preprocess - INFO - Train Epoch 504 | Loss: 0.211811, Mean Loss: 0.213213
2025-12-19 20:02:36 - preprocess - INFO - Validation Epoch 504 | Loss: 0.278130
2025-12-19 20:02:36 - preprocess - INFO - Last model saved: results/diffusion/unet-2000-epochs-correct-data/models/last_model.pth
2025-12-19 20:02:38 - preprocess - INFO - Train Epoch 505 | Loss: 0.228917, Mean Loss: 0.216354
2025-12-19 20:02:38 - preprocess - INFO - Validation Epoch 505 | Loss: 0.284620
2025-12-19 20:02:38 - preprocess - INFO - Last model saved: results/diffusion/unet-2000-epochs-correct-data/models/last_model.pth
2025-12-19 20:02:41 - preprocess - INFO - Train Epoch 506 | Loss: 0.201456, Mean Loss: 0.213871
2025-12-19 20:02:41 - preprocess - INFO - Validation Epoch 506 | Loss: 0.287591
2025-12-19 20:02:41 - preprocess - INFO - Last model saved: results/diffusion/unet-2000-epochs-correct-data/models/last_model.pth
2025-12-19 20:02:43 - preprocess - INFO - Train Epoch 507 | Loss: 0.205005, Mean Loss: 0.212604
2025-12-19 20:02:43 - preprocess - INFO - Validation Epoch 507 | Loss: 0.314065
2025-12-19 20:02:43 - preprocess - INFO - Last model saved: results/diffusion/unet-2000-epochs-correct-data/models/last_model.pth
2025-12-19 20:02:45 - preprocess - INFO - Train Epoch 508 | Loss: 0.207152, Mean Loss: 0.211923
2025-12-19 20:02:46 - preprocess - INFO - Validation Epoch 508 | Loss: 0.236311
2025-12-19 20:02:46 - preprocess - INFO - Last model saved: results/diffusion/unet-2000-epochs-correct-data/models/last_model.pth
2025-12-19 20:02:48 - preprocess - INFO - Train Epoch 509 | Loss: 0.202263, Mean Loss: 0.210850
2025-12-19 20:02:48 - preprocess - INFO - Validation Epoch 509 | Loss: 0.238555
2025-12-19 20:02:48 - preprocess - INFO - Last model saved: results/diffusion/unet-2000-epochs-correct-data/models/last_model.pth
2025-12-19 20:02:50 - preprocess - INFO - Train Epoch 510 | Loss: 0.205326, Mean Loss: 0.210297
2025-12-19 20:02:51 - preprocess - INFO - Validation Epoch 510 | Loss: 0.278630
2025-12-19 20:02:51 - preprocess - INFO - Last model saved: results/diffusion/unet-2000-epochs-correct-data/models/last_model.pth
2025-12-19 20:03:14 - preprocess - INFO - Train Epoch 511 | Loss: 0.204122, Mean Loss: 0.204122
2025-12-19 20:03:14 - preprocess - INFO - Validation Epoch 511 | Loss: 0.292669
2025-12-19 20:03:14 - preprocess - INFO - Last model saved: results/diffusion/unet-2000-epochs-correct-data/models/last_model.pth
2025-12-19 20:03:16 - preprocess - INFO - Train Epoch 512 | Loss: 0.220198, Mean Loss: 0.212160
2025-12-19 20:03:17 - preprocess - INFO - Validation Epoch 512 | Loss: 0.266167
2025-12-19 20:03:17 - preprocess - INFO - Last model saved: results/diffusion/unet-2000-epochs-correct-data/models/last_model.pth
2025-12-19 20:03:19 - preprocess - INFO - Train Epoch 513 | Loss: 0.235461, Mean Loss: 0.219927
2025-12-19 20:03:19 - preprocess - INFO - Validation Epoch 513 | Loss: 0.244326
2025-12-19 20:03:19 - preprocess - INFO - Last model saved: results/diffusion/unet-2000-epochs-correct-data/models/last_model.pth
2025-12-19 20:03:21 - preprocess - INFO - Train Epoch 514 | Loss: 0.241019, Mean Loss: 0.225200
2025-12-19 20:03:22 - preprocess - INFO - Validation Epoch 514 | Loss: 0.230134
2025-12-19 20:03:22 - preprocess - INFO - Last model saved: results/diffusion/unet-2000-epochs-correct-data/models/last_model.pth
2025-12-19 20:03:24 - preprocess - INFO - Train Epoch 515 | Loss: 0.204949, Mean Loss: 0.221150
2025-12-19 20:03:24 - preprocess - INFO - Validation Epoch 515 | Loss: 0.212948
2025-12-19 20:03:24 - preprocess - INFO - Last model saved: results/diffusion/unet-2000-epochs-correct-data/models/last_model.pth
2025-12-19 20:03:26 - preprocess - INFO - Train Epoch 516 | Loss: 0.182815, Mean Loss: 0.214761
2025-12-19 20:03:26 - preprocess - INFO - Validation Epoch 516 | Loss: 0.239401
2025-12-19 20:03:26 - preprocess - INFO - Last model saved: results/diffusion/unet-2000-epochs-correct-data/models/last_model.pth
2025-12-19 20:03:29 - preprocess - INFO - Train Epoch 517 | Loss: 0.196307, Mean Loss: 0.212124
2025-12-19 20:03:29 - preprocess - INFO - Validation Epoch 517 | Loss: 0.232216
2025-12-19 20:03:29 - preprocess - INFO - Last model saved: results/diffusion/unet-2000-epochs-correct-data/models/last_model.pth
2025-12-19 20:03:31 - preprocess - INFO - Train Epoch 518 | Loss: 0.216408, Mean Loss: 0.212660
2025-12-19 20:03:31 - preprocess - INFO - Validation Epoch 518 | Loss: 0.214577
2025-12-19 20:03:31 - preprocess - INFO - Last model saved: results/diffusion/unet-2000-epochs-correct-data/models/last_model.pth
2025-12-19 20:03:33 - preprocess - INFO - Train Epoch 519 | Loss: 0.201900, Mean Loss: 0.211464
2025-12-19 20:03:34 - preprocess - INFO - Validation Epoch 519 | Loss: 0.247987
2025-12-19 20:03:34 - preprocess - INFO - Last model saved: results/diffusion/unet-2000-epochs-correct-data/models/last_model.pth
2025-12-19 20:03:36 - preprocess - INFO - Train Epoch 520 | Loss: 0.198354, Mean Loss: 0.210153
2025-12-19 20:03:36 - preprocess - INFO - Validation Epoch 520 | Loss: 0.299662
2025-12-19 20:03:36 - preprocess - INFO - Last model saved: results/diffusion/unet-2000-epochs-correct-data/models/last_model.pth
2025-12-19 20:03:59 - preprocess - INFO - Train Epoch 521 | Loss: 0.194864, Mean Loss: 0.194864
2025-12-19 20:04:00 - preprocess - INFO - Validation Epoch 521 | Loss: 0.277109
2025-12-19 20:04:00 - preprocess - INFO - Last model saved: results/diffusion/unet-2000-epochs-correct-data/models/last_model.pth
2025-12-19 20:04:02 - preprocess - INFO - Train Epoch 522 | Loss: 0.215436, Mean Loss: 0.205150
2025-12-19 20:04:02 - preprocess - INFO - Validation Epoch 522 | Loss: 0.301310
2025-12-19 20:04:02 - preprocess - INFO - Last model saved: results/diffusion/unet-2000-epochs-correct-data/models/last_model.pth
2025-12-19 20:04:04 - preprocess - INFO - Train Epoch 523 | Loss: 0.204015, Mean Loss: 0.204772
2025-12-19 20:04:05 - preprocess - INFO - Validation Epoch 523 | Loss: 0.290869
2025-12-19 20:04:05 - preprocess - INFO - Last model saved: results/diffusion/unet-2000-epochs-correct-data/models/last_model.pth
2025-12-19 20:04:07 - preprocess - INFO - Train Epoch 524 | Loss: 0.226673, Mean Loss: 0.210247
2025-12-19 20:04:07 - preprocess - INFO - Validation Epoch 524 | Loss: 0.238406
2025-12-19 20:04:07 - preprocess - INFO - Last model saved: results/diffusion/unet-2000-epochs-correct-data/models/last_model.pth
2025-12-19 20:04:09 - preprocess - INFO - Train Epoch 525 | Loss: 0.212841, Mean Loss: 0.210766
2025-12-19 20:04:09 - preprocess - INFO - Validation Epoch 525 | Loss: 0.290787
2025-12-19 20:04:09 - preprocess - INFO - Last model saved: results/diffusion/unet-2000-epochs-correct-data/models/last_model.pth
2025-12-19 20:04:12 - preprocess - INFO - Train Epoch 526 | Loss: 0.213465, Mean Loss: 0.211216
2025-12-19 20:04:12 - preprocess - INFO - Validation Epoch 526 | Loss: 0.321420
2025-12-19 20:04:12 - preprocess - INFO - Last model saved: results/diffusion/unet-2000-epochs-correct-data/models/last_model.pth
2025-12-19 20:04:14 - preprocess - INFO - Train Epoch 527 | Loss: 0.213835, Mean Loss: 0.211590
2025-12-19 20:04:14 - preprocess - INFO - Validation Epoch 527 | Loss: 0.265639
2025-12-19 20:04:14 - preprocess - INFO - Last model saved: results/diffusion/unet-2000-epochs-correct-data/models/last_model.pth
2025-12-19 20:04:16 - preprocess - INFO - Train Epoch 528 | Loss: 0.210194, Mean Loss: 0.211416
2025-12-19 20:04:17 - preprocess - INFO - Validation Epoch 528 | Loss: 0.254965
2025-12-19 20:04:17 - preprocess - INFO - Last model saved: results/diffusion/unet-2000-epochs-correct-data/models/last_model.pth
2025-12-19 20:04:19 - preprocess - INFO - Train Epoch 529 | Loss: 0.231581, Mean Loss: 0.213656
2025-12-19 20:04:19 - preprocess - INFO - Validation Epoch 529 | Loss: 0.350733
2025-12-19 20:04:19 - preprocess - INFO - Last model saved: results/diffusion/unet-2000-epochs-correct-data/models/last_model.pth
2025-12-19 20:04:21 - preprocess - INFO - Train Epoch 530 | Loss: 0.188133, Mean Loss: 0.211104
2025-12-19 20:04:22 - preprocess - INFO - Validation Epoch 530 | Loss: 0.282265
2025-12-19 20:04:22 - preprocess - INFO - Last model saved: results/diffusion/unet-2000-epochs-correct-data/models/last_model.pth
2025-12-19 20:04:45 - preprocess - INFO - Train Epoch 531 | Loss: 0.217510, Mean Loss: 0.217510
2025-12-19 20:04:45 - preprocess - INFO - Validation Epoch 531 | Loss: 0.301362
2025-12-19 20:04:45 - preprocess - INFO - Last model saved: results/diffusion/unet-2000-epochs-correct-data/models/last_model.pth
2025-12-19 20:04:47 - preprocess - INFO - Train Epoch 532 | Loss: 0.225986, Mean Loss: 0.221748
2025-12-19 20:04:48 - preprocess - INFO - Validation Epoch 532 | Loss: 0.242886
2025-12-19 20:04:48 - preprocess - INFO - Last model saved: results/diffusion/unet-2000-epochs-correct-data/models/last_model.pth
2025-12-19 20:04:50 - preprocess - INFO - Train Epoch 533 | Loss: 0.194775, Mean Loss: 0.212757
2025-12-19 20:04:50 - preprocess - INFO - Validation Epoch 533 | Loss: 0.334135
2025-12-19 20:04:50 - preprocess - INFO - Last model saved: results/diffusion/unet-2000-epochs-correct-data/models/last_model.pth
2025-12-19 20:04:52 - preprocess - INFO - Train Epoch 534 | Loss: 0.202033, Mean Loss: 0.210076
2025-12-19 20:04:53 - preprocess - INFO - Validation Epoch 534 | Loss: 0.280004
2025-12-19 20:04:53 - preprocess - INFO - Last model saved: results/diffusion/unet-2000-epochs-correct-data/models/last_model.pth
2025-12-19 20:04:55 - preprocess - INFO - Train Epoch 535 | Loss: 0.225726, Mean Loss: 0.213206
2025-12-19 20:04:55 - preprocess - INFO - Validation Epoch 535 | Loss: 0.242184
2025-12-19 20:04:55 - preprocess - INFO - Last model saved: results/diffusion/unet-2000-epochs-correct-data/models/last_model.pth
2025-12-19 20:04:57 - preprocess - INFO - Train Epoch 536 | Loss: 0.206100, Mean Loss: 0.212022
2025-12-19 20:04:57 - preprocess - INFO - Validation Epoch 536 | Loss: 0.293220
2025-12-19 20:04:58 - preprocess - INFO - Last model saved: results/diffusion/unet-2000-epochs-correct-data/models/last_model.pth
2025-12-19 20:05:00 - preprocess - INFO - Train Epoch 537 | Loss: 0.164231, Mean Loss: 0.205194
2025-12-19 20:05:00 - preprocess - INFO - Validation Epoch 537 | Loss: 0.306571
2025-12-19 20:05:00 - preprocess - INFO - Last model saved: results/diffusion/unet-2000-epochs-correct-data/models/last_model.pth
2025-12-19 20:05:02 - preprocess - INFO - Train Epoch 538 | Loss: 0.193060, Mean Loss: 0.203677
2025-12-19 20:05:02 - preprocess - INFO - Validation Epoch 538 | Loss: 0.270842
2025-12-19 20:05:02 - preprocess - INFO - Last model saved: results/diffusion/unet-2000-epochs-correct-data/models/last_model.pth
2025-12-19 20:05:04 - preprocess - INFO - Train Epoch 539 | Loss: 0.201261, Mean Loss: 0.203409
2025-12-19 20:05:05 - preprocess - INFO - Validation Epoch 539 | Loss: 0.276059
2025-12-19 20:05:05 - preprocess - INFO - Last model saved: results/diffusion/unet-2000-epochs-correct-data/models/last_model.pth
2025-12-19 20:05:07 - preprocess - INFO - Train Epoch 540 | Loss: 0.188632, Mean Loss: 0.201931
2025-12-19 20:05:07 - preprocess - INFO - Validation Epoch 540 | Loss: 0.263911
2025-12-19 20:05:07 - preprocess - INFO - Last model saved: results/diffusion/unet-2000-epochs-correct-data/models/last_model.pth
2025-12-19 20:05:31 - preprocess - INFO - Train Epoch 541 | Loss: 0.215849, Mean Loss: 0.215849
2025-12-19 20:05:31 - preprocess - INFO - Validation Epoch 541 | Loss: 0.275712
2025-12-19 20:05:31 - preprocess - INFO - Last model saved: results/diffusion/unet-2000-epochs-correct-data/models/last_model.pth
2025-12-19 20:05:33 - preprocess - INFO - Train Epoch 542 | Loss: 0.191735, Mean Loss: 0.203792
2025-12-19 20:05:33 - preprocess - INFO - Validation Epoch 542 | Loss: 0.313427
2025-12-19 20:05:33 - preprocess - INFO - Last model saved: results/diffusion/unet-2000-epochs-correct-data/models/last_model.pth
2025-12-19 20:05:35 - preprocess - INFO - Train Epoch 543 | Loss: 0.196720, Mean Loss: 0.201435
2025-12-19 20:05:36 - preprocess - INFO - Validation Epoch 543 | Loss: 0.315253
2025-12-19 20:05:36 - preprocess - INFO - Last model saved: results/diffusion/unet-2000-epochs-correct-data/models/last_model.pth
2025-12-19 20:05:38 - preprocess - INFO - Train Epoch 544 | Loss: 0.195594, Mean Loss: 0.199974
2025-12-19 20:05:38 - preprocess - INFO - Validation Epoch 544 | Loss: 0.256597
2025-12-19 20:05:38 - preprocess - INFO - Last model saved: results/diffusion/unet-2000-epochs-correct-data/models/last_model.pth
2025-12-19 20:05:40 - preprocess - INFO - Train Epoch 545 | Loss: 0.190039, Mean Loss: 0.197987
2025-12-19 20:05:41 - preprocess - INFO - Validation Epoch 545 | Loss: 0.257739
2025-12-19 20:05:41 - preprocess - INFO - Last model saved: results/diffusion/unet-2000-epochs-correct-data/models/last_model.pth
2025-12-19 20:05:43 - preprocess - INFO - Train Epoch 546 | Loss: 0.181454, Mean Loss: 0.195232
2025-12-19 20:05:43 - preprocess - INFO - Validation Epoch 546 | Loss: 0.212277
2025-12-19 20:05:43 - preprocess - INFO - Last model saved: results/diffusion/unet-2000-epochs-correct-data/models/last_model.pth
2025-12-19 20:05:45 - preprocess - INFO - Train Epoch 547 | Loss: 0.173992, Mean Loss: 0.192198
2025-12-19 20:05:45 - preprocess - INFO - Validation Epoch 547 | Loss: 0.269457
2025-12-19 20:05:45 - preprocess - INFO - Last model saved: results/diffusion/unet-2000-epochs-correct-data/models/last_model.pth
2025-12-19 20:05:48 - preprocess - INFO - Train Epoch 548 | Loss: 0.210046, Mean Loss: 0.194429
2025-12-19 20:05:48 - preprocess - INFO - Validation Epoch 548 | Loss: 0.268510
2025-12-19 20:05:48 - preprocess - INFO - Last model saved: results/diffusion/unet-2000-epochs-correct-data/models/last_model.pth
2025-12-19 20:05:50 - preprocess - INFO - Train Epoch 549 | Loss: 0.184646, Mean Loss: 0.193342
2025-12-19 20:05:50 - preprocess - INFO - Validation Epoch 549 | Loss: 0.283899
2025-12-19 20:05:50 - preprocess - INFO - Last model saved: results/diffusion/unet-2000-epochs-correct-data/models/last_model.pth
2025-12-19 20:05:52 - preprocess - INFO - Train Epoch 550 | Loss: 0.186672, Mean Loss: 0.192675
2025-12-19 20:05:53 - preprocess - INFO - Validation Epoch 550 | Loss: 0.285866
2025-12-19 20:05:53 - preprocess - INFO - Last model saved: results/diffusion/unet-2000-epochs-correct-data/models/last_model.pth
2025-12-19 20:06:16 - preprocess - INFO - Train Epoch 551 | Loss: 0.212083, Mean Loss: 0.212083
2025-12-19 20:06:16 - preprocess - INFO - Validation Epoch 551 | Loss: 0.311464
2025-12-19 20:06:16 - preprocess - INFO - Last model saved: results/diffusion/unet-2000-epochs-correct-data/models/last_model.pth
2025-12-19 20:06:19 - preprocess - INFO - Train Epoch 552 | Loss: 0.203642, Mean Loss: 0.207863
2025-12-19 20:06:19 - preprocess - INFO - Validation Epoch 552 | Loss: 0.243256
2025-12-19 20:06:19 - preprocess - INFO - Last model saved: results/diffusion/unet-2000-epochs-correct-data/models/last_model.pth
2025-12-19 20:06:21 - preprocess - INFO - Train Epoch 553 | Loss: 0.201871, Mean Loss: 0.205866
2025-12-19 20:06:21 - preprocess - INFO - Validation Epoch 553 | Loss: 0.239074
2025-12-19 20:06:21 - preprocess - INFO - Last model saved: results/diffusion/unet-2000-epochs-correct-data/models/last_model.pth
2025-12-19 20:06:23 - preprocess - INFO - Train Epoch 554 | Loss: 0.186993, Mean Loss: 0.201147
2025-12-19 20:06:24 - preprocess - INFO - Validation Epoch 554 | Loss: 0.292817
2025-12-19 20:06:24 - preprocess - INFO - Last model saved: results/diffusion/unet-2000-epochs-correct-data/models/last_model.pth
2025-12-19 20:06:26 - preprocess - INFO - Train Epoch 555 | Loss: 0.190267, Mean Loss: 0.198971
2025-12-19 20:06:26 - preprocess - INFO - Validation Epoch 555 | Loss: 0.261473
2025-12-19 20:06:26 - preprocess - INFO - Last model saved: results/diffusion/unet-2000-epochs-correct-data/models/last_model.pth
2025-12-19 20:06:28 - preprocess - INFO - Train Epoch 556 | Loss: 0.193165, Mean Loss: 0.198003
2025-12-19 20:06:29 - preprocess - INFO - Validation Epoch 556 | Loss: 0.267911
2025-12-19 20:06:29 - preprocess - INFO - Last model saved: results/diffusion/unet-2000-epochs-correct-data/models/last_model.pth
2025-12-19 20:06:31 - preprocess - INFO - Train Epoch 557 | Loss: 0.184192, Mean Loss: 0.196030
2025-12-19 20:06:31 - preprocess - INFO - Validation Epoch 557 | Loss: 0.284632
2025-12-19 20:06:31 - preprocess - INFO - Last model saved: results/diffusion/unet-2000-epochs-correct-data/models/last_model.pth
2025-12-19 20:06:33 - preprocess - INFO - Train Epoch 558 | Loss: 0.175354, Mean Loss: 0.193446
2025-12-19 20:06:33 - preprocess - INFO - Validation Epoch 558 | Loss: 0.303101
2025-12-19 20:06:33 - preprocess - INFO - Last model saved: results/diffusion/unet-2000-epochs-correct-data/models/last_model.pth
2025-12-19 20:06:36 - preprocess - INFO - Train Epoch 559 | Loss: 0.177396, Mean Loss: 0.191662
2025-12-19 20:06:36 - preprocess - INFO - Validation Epoch 559 | Loss: 0.281378
2025-12-19 20:06:36 - preprocess - INFO - Last model saved: results/diffusion/unet-2000-epochs-correct-data/models/last_model.pth
2025-12-19 20:06:38 - preprocess - INFO - Train Epoch 560 | Loss: 0.193752, Mean Loss: 0.191871
2025-12-19 20:06:38 - preprocess - INFO - Validation Epoch 560 | Loss: 0.290748
2025-12-19 20:06:38 - preprocess - INFO - Last model saved: results/diffusion/unet-2000-epochs-correct-data/models/last_model.pth
2025-12-19 20:07:01 - preprocess - INFO - Train Epoch 561 | Loss: 0.186781, Mean Loss: 0.186781
2025-12-19 20:07:02 - preprocess - INFO - Validation Epoch 561 | Loss: 0.267639
2025-12-19 20:07:02 - preprocess - INFO - Last model saved: results/diffusion/unet-2000-epochs-correct-data/models/last_model.pth
2025-12-19 20:07:04 - preprocess - INFO - Train Epoch 562 | Loss: 0.185330, Mean Loss: 0.186055
2025-12-19 20:07:04 - preprocess - INFO - Validation Epoch 562 | Loss: 0.326941
2025-12-19 20:07:04 - preprocess - INFO - Last model saved: results/diffusion/unet-2000-epochs-correct-data/models/last_model.pth
2025-12-19 20:07:06 - preprocess - INFO - Train Epoch 563 | Loss: 0.227071, Mean Loss: 0.199727
2025-12-19 20:07:07 - preprocess - INFO - Validation Epoch 563 | Loss: 0.238356
2025-12-19 20:07:07 - preprocess - INFO - Last model saved: results/diffusion/unet-2000-epochs-correct-data/models/last_model.pth
2025-12-19 20:07:09 - preprocess - INFO - Train Epoch 564 | Loss: 0.163434, Mean Loss: 0.190654
2025-12-19 20:07:09 - preprocess - INFO - Validation Epoch 564 | Loss: 0.292130
2025-12-19 20:07:09 - preprocess - INFO - Last model saved: results/diffusion/unet-2000-epochs-correct-data/models/last_model.pth
2025-12-19 20:07:11 - preprocess - INFO - Train Epoch 565 | Loss: 0.190699, Mean Loss: 0.190663
2025-12-19 20:07:12 - preprocess - INFO - Validation Epoch 565 | Loss: 0.274843
2025-12-19 20:07:12 - preprocess - INFO - Last model saved: results/diffusion/unet-2000-epochs-correct-data/models/last_model.pth
2025-12-19 20:07:14 - preprocess - INFO - Train Epoch 566 | Loss: 0.200861, Mean Loss: 0.192363
2025-12-19 20:07:14 - preprocess - INFO - Validation Epoch 566 | Loss: 0.269226
2025-12-19 20:07:14 - preprocess - INFO - Last model saved: results/diffusion/unet-2000-epochs-correct-data/models/last_model.pth
2025-12-19 20:07:16 - preprocess - INFO - Train Epoch 567 | Loss: 0.203369, Mean Loss: 0.193935
2025-12-19 20:07:16 - preprocess - INFO - Validation Epoch 567 | Loss: 0.312663
2025-12-19 20:07:16 - preprocess - INFO - Last model saved: results/diffusion/unet-2000-epochs-correct-data/models/last_model.pth
2025-12-19 20:07:18 - preprocess - INFO - Train Epoch 568 | Loss: 0.200861, Mean Loss: 0.194801
2025-12-19 20:07:19 - preprocess - INFO - Validation Epoch 568 | Loss: 0.317997
2025-12-19 20:07:19 - preprocess - INFO - Last model saved: results/diffusion/unet-2000-epochs-correct-data/models/last_model.pth
2025-12-19 20:07:21 - preprocess - INFO - Train Epoch 569 | Loss: 0.238907, Mean Loss: 0.199701
2025-12-19 20:07:21 - preprocess - INFO - Validation Epoch 569 | Loss: 0.292184
2025-12-19 20:07:21 - preprocess - INFO - Last model saved: results/diffusion/unet-2000-epochs-correct-data/models/last_model.pth
2025-12-19 20:07:23 - preprocess - INFO - Train Epoch 570 | Loss: 0.200697, Mean Loss: 0.199801
2025-12-19 20:07:24 - preprocess - INFO - Validation Epoch 570 | Loss: 0.280171
2025-12-19 20:07:24 - preprocess - INFO - Last model saved: results/diffusion/unet-2000-epochs-correct-data/models/last_model.pth
2025-12-19 20:07:47 - preprocess - INFO - Train Epoch 571 | Loss: 0.195708, Mean Loss: 0.195708
2025-12-19 20:07:47 - preprocess - INFO - Validation Epoch 571 | Loss: 0.289731
2025-12-19 20:07:47 - preprocess - INFO - Last model saved: results/diffusion/unet-2000-epochs-correct-data/models/last_model.pth
2025-12-19 20:07:49 - preprocess - INFO - Train Epoch 572 | Loss: 0.218907, Mean Loss: 0.207308
2025-12-19 20:07:50 - preprocess - INFO - Validation Epoch 572 | Loss: 0.293824
2025-12-19 20:07:50 - preprocess - INFO - Last model saved: results/diffusion/unet-2000-epochs-correct-data/models/last_model.pth
2025-12-19 20:07:52 - preprocess - INFO - Train Epoch 573 | Loss: 0.207502, Mean Loss: 0.207372
2025-12-19 20:07:52 - preprocess - INFO - Validation Epoch 573 | Loss: 0.284593
2025-12-19 20:07:52 - preprocess - INFO - Last model saved: results/diffusion/unet-2000-epochs-correct-data/models/last_model.pth
2025-12-19 20:07:54 - preprocess - INFO - Train Epoch 574 | Loss: 0.212065, Mean Loss: 0.208546
2025-12-19 20:07:55 - preprocess - INFO - Validation Epoch 574 | Loss: 0.255362
2025-12-19 20:07:55 - preprocess - INFO - Last model saved: results/diffusion/unet-2000-epochs-correct-data/models/last_model.pth
2025-12-19 20:07:57 - preprocess - INFO - Train Epoch 575 | Loss: 0.200207, Mean Loss: 0.206878
2025-12-19 20:07:57 - preprocess - INFO - Validation Epoch 575 | Loss: 0.276501
2025-12-19 20:07:57 - preprocess - INFO - Last model saved: results/diffusion/unet-2000-epochs-correct-data/models/last_model.pth
2025-12-19 20:07:59 - preprocess - INFO - Train Epoch 576 | Loss: 0.201234, Mean Loss: 0.205937
2025-12-19 20:07:59 - preprocess - INFO - Validation Epoch 576 | Loss: 0.281221
2025-12-19 20:07:59 - preprocess - INFO - Last model saved: results/diffusion/unet-2000-epochs-correct-data/models/last_model.pth
2025-12-19 20:08:02 - preprocess - INFO - Train Epoch 577 | Loss: 0.206313, Mean Loss: 0.205991
2025-12-19 20:08:02 - preprocess - INFO - Validation Epoch 577 | Loss: 0.295658
2025-12-19 20:08:02 - preprocess - INFO - Last model saved: results/diffusion/unet-2000-epochs-correct-data/models/last_model.pth
2025-12-19 20:08:04 - preprocess - INFO - Train Epoch 578 | Loss: 0.209906, Mean Loss: 0.206480
2025-12-19 20:08:04 - preprocess - INFO - Validation Epoch 578 | Loss: 0.316058
2025-12-19 20:08:04 - preprocess - INFO - Last model saved: results/diffusion/unet-2000-epochs-correct-data/models/last_model.pth
2025-12-19 20:08:06 - preprocess - INFO - Train Epoch 579 | Loss: 0.170963, Mean Loss: 0.202534
2025-12-19 20:08:07 - preprocess - INFO - Validation Epoch 579 | Loss: 0.256329
2025-12-19 20:08:07 - preprocess - INFO - Last model saved: results/diffusion/unet-2000-epochs-correct-data/models/last_model.pth
2025-12-19 20:08:09 - preprocess - INFO - Train Epoch 580 | Loss: 0.194085, Mean Loss: 0.201689
2025-12-19 20:08:09 - preprocess - INFO - Validation Epoch 580 | Loss: 0.274986
2025-12-19 20:08:09 - preprocess - INFO - Last model saved: results/diffusion/unet-2000-epochs-correct-data/models/last_model.pth
2025-12-19 20:08:32 - preprocess - INFO - Train Epoch 581 | Loss: 0.201753, Mean Loss: 0.201753
2025-12-19 20:08:33 - preprocess - INFO - Validation Epoch 581 | Loss: 0.323317
2025-12-19 20:08:33 - preprocess - INFO - Last model saved: results/diffusion/unet-2000-epochs-correct-data/models/last_model.pth
2025-12-19 20:08:35 - preprocess - INFO - Train Epoch 582 | Loss: 0.191725, Mean Loss: 0.196739
2025-12-19 20:08:35 - preprocess - INFO - Validation Epoch 582 | Loss: 0.288350
2025-12-19 20:08:35 - preprocess - INFO - Last model saved: results/diffusion/unet-2000-epochs-correct-data/models/last_model.pth
2025-12-19 20:08:37 - preprocess - INFO - Train Epoch 583 | Loss: 0.199185, Mean Loss: 0.197554
2025-12-19 20:08:38 - preprocess - INFO - Validation Epoch 583 | Loss: 0.275259
2025-12-19 20:08:38 - preprocess - INFO - Last model saved: results/diffusion/unet-2000-epochs-correct-data/models/last_model.pth
2025-12-19 20:08:40 - preprocess - INFO - Train Epoch 584 | Loss: 0.204397, Mean Loss: 0.199265
2025-12-19 20:08:40 - preprocess - INFO - Validation Epoch 584 | Loss: 0.240403
2025-12-19 20:08:40 - preprocess - INFO - Last model saved: results/diffusion/unet-2000-epochs-correct-data/models/last_model.pth
2025-12-19 20:08:42 - preprocess - INFO - Train Epoch 585 | Loss: 0.198512, Mean Loss: 0.199114
2025-12-19 20:08:42 - preprocess - INFO - Validation Epoch 585 | Loss: 0.273393
2025-12-19 20:08:42 - preprocess - INFO - Last model saved: results/diffusion/unet-2000-epochs-correct-data/models/last_model.pth
2025-12-19 20:08:45 - preprocess - INFO - Train Epoch 586 | Loss: 0.186399, Mean Loss: 0.196995
2025-12-19 20:08:45 - preprocess - INFO - Validation Epoch 586 | Loss: 0.280433
2025-12-19 20:08:45 - preprocess - INFO - Last model saved: results/diffusion/unet-2000-epochs-correct-data/models/last_model.pth
2025-12-19 20:08:47 - preprocess - INFO - Train Epoch 587 | Loss: 0.184305, Mean Loss: 0.195182
2025-12-19 20:08:47 - preprocess - INFO - Validation Epoch 587 | Loss: 0.235208
2025-12-19 20:08:47 - preprocess - INFO - Last model saved: results/diffusion/unet-2000-epochs-correct-data/models/last_model.pth
2025-12-19 20:08:49 - preprocess - INFO - Train Epoch 588 | Loss: 0.193715, Mean Loss: 0.194999
2025-12-19 20:08:50 - preprocess - INFO - Validation Epoch 588 | Loss: 0.280348
2025-12-19 20:08:50 - preprocess - INFO - Last model saved: results/diffusion/unet-2000-epochs-correct-data/models/last_model.pth
2025-12-19 20:08:52 - preprocess - INFO - Train Epoch 589 | Loss: 0.207923, Mean Loss: 0.196435
2025-12-19 20:08:52 - preprocess - INFO - Validation Epoch 589 | Loss: 0.280100
2025-12-19 20:08:52 - preprocess - INFO - Last model saved: results/diffusion/unet-2000-epochs-correct-data/models/last_model.pth
2025-12-19 20:08:54 - preprocess - INFO - Train Epoch 590 | Loss: 0.193774, Mean Loss: 0.196169
2025-12-19 20:08:55 - preprocess - INFO - Validation Epoch 590 | Loss: 0.228256
2025-12-19 20:08:55 - preprocess - INFO - Last model saved: results/diffusion/unet-2000-epochs-correct-data/models/last_model.pth
2025-12-19 20:09:18 - preprocess - INFO - Train Epoch 591 | Loss: 0.190877, Mean Loss: 0.190877
2025-12-19 20:09:18 - preprocess - INFO - Validation Epoch 591 | Loss: 0.286102
2025-12-19 20:09:18 - preprocess - INFO - Last model saved: results/diffusion/unet-2000-epochs-correct-data/models/last_model.pth
2025-12-19 20:09:20 - preprocess - INFO - Train Epoch 592 | Loss: 0.210295, Mean Loss: 0.200586
2025-12-19 20:09:21 - preprocess - INFO - Validation Epoch 592 | Loss: 0.240483
2025-12-19 20:09:21 - preprocess - INFO - Last model saved: results/diffusion/unet-2000-epochs-correct-data/models/last_model.pth
2025-12-19 20:09:23 - preprocess - INFO - Train Epoch 593 | Loss: 0.199875, Mean Loss: 0.200349
2025-12-19 20:09:23 - preprocess - INFO - Validation Epoch 593 | Loss: 0.232025
2025-12-19 20:09:23 - preprocess - INFO - Last model saved: results/diffusion/unet-2000-epochs-correct-data/models/last_model.pth
2025-12-19 20:09:25 - preprocess - INFO - Train Epoch 594 | Loss: 0.188333, Mean Loss: 0.197345
2025-12-19 20:09:25 - preprocess - INFO - Validation Epoch 594 | Loss: 0.277237
2025-12-19 20:09:26 - preprocess - INFO - Last model saved: results/diffusion/unet-2000-epochs-correct-data/models/last_model.pth
2025-12-19 20:09:28 - preprocess - INFO - Train Epoch 595 | Loss: 0.223419, Mean Loss: 0.202560
2025-12-19 20:09:28 - preprocess - INFO - Validation Epoch 595 | Loss: 0.291706
2025-12-19 20:09:28 - preprocess - INFO - Last model saved: results/diffusion/unet-2000-epochs-correct-data/models/last_model.pth
2025-12-19 20:09:30 - preprocess - INFO - Train Epoch 596 | Loss: 0.220258, Mean Loss: 0.205510
2025-12-19 20:09:30 - preprocess - INFO - Validation Epoch 596 | Loss: 0.279544
2025-12-19 20:09:30 - preprocess - INFO - Last model saved: results/diffusion/unet-2000-epochs-correct-data/models/last_model.pth
2025-12-19 20:09:32 - preprocess - INFO - Train Epoch 597 | Loss: 0.198389, Mean Loss: 0.204492
2025-12-19 20:09:33 - preprocess - INFO - Validation Epoch 597 | Loss: 0.258887
2025-12-19 20:09:33 - preprocess - INFO - Last model saved: results/diffusion/unet-2000-epochs-correct-data/models/last_model.pth
2025-12-19 20:09:35 - preprocess - INFO - Train Epoch 598 | Loss: 0.190195, Mean Loss: 0.202705
2025-12-19 20:09:35 - preprocess - INFO - Validation Epoch 598 | Loss: 0.299395
2025-12-19 20:09:35 - preprocess - INFO - Last model saved: results/diffusion/unet-2000-epochs-correct-data/models/last_model.pth
2025-12-19 20:09:37 - preprocess - INFO - Train Epoch 599 | Loss: 0.205878, Mean Loss: 0.203058
2025-12-19 20:09:38 - preprocess - INFO - Validation Epoch 599 | Loss: 0.248680
2025-12-19 20:09:38 - preprocess - INFO - Last model saved: results/diffusion/unet-2000-epochs-correct-data/models/last_model.pth
2025-12-19 20:09:40 - preprocess - INFO - Train Epoch 600 | Loss: 0.187861, Mean Loss: 0.201538
2025-12-19 20:09:40 - preprocess - INFO - Validation Epoch 600 | Loss: 0.281290
2025-12-19 20:09:40 - preprocess - INFO - Last model saved: results/diffusion/unet-2000-epochs-correct-data/models/last_model.pth
2025-12-19 20:10:03 - preprocess - INFO - Train Epoch 601 | Loss: 0.180393, Mean Loss: 0.180393
2025-12-19 20:10:04 - preprocess - INFO - Validation Epoch 601 | Loss: 0.318854
2025-12-19 20:10:04 - preprocess - INFO - Last model saved: results/diffusion/unet-2000-epochs-correct-data/models/last_model.pth
2025-12-19 20:10:06 - preprocess - INFO - Train Epoch 602 | Loss: 0.192970, Mean Loss: 0.186682
2025-12-19 20:10:06 - preprocess - INFO - Validation Epoch 602 | Loss: 0.292176
2025-12-19 20:10:06 - preprocess - INFO - Last model saved: results/diffusion/unet-2000-epochs-correct-data/models/last_model.pth
2025-12-19 20:10:08 - preprocess - INFO - Train Epoch 603 | Loss: 0.191417, Mean Loss: 0.188260
2025-12-19 20:10:09 - preprocess - INFO - Validation Epoch 603 | Loss: 0.307923
2025-12-19 20:10:09 - preprocess - INFO - Last model saved: results/diffusion/unet-2000-epochs-correct-data/models/last_model.pth
2025-12-19 20:10:11 - preprocess - INFO - Train Epoch 604 | Loss: 0.187874, Mean Loss: 0.188164
2025-12-19 20:10:11 - preprocess - INFO - Validation Epoch 604 | Loss: 0.314032
2025-12-19 20:10:11 - preprocess - INFO - Last model saved: results/diffusion/unet-2000-epochs-correct-data/models/last_model.pth
2025-12-19 20:10:13 - preprocess - INFO - Train Epoch 605 | Loss: 0.204273, Mean Loss: 0.191385
2025-12-19 20:10:13 - preprocess - INFO - Validation Epoch 605 | Loss: 0.274464
2025-12-19 20:10:13 - preprocess - INFO - Last model saved: results/diffusion/unet-2000-epochs-correct-data/models/last_model.pth
2025-12-19 20:10:16 - preprocess - INFO - Train Epoch 606 | Loss: 0.176706, Mean Loss: 0.188939
2025-12-19 20:10:16 - preprocess - INFO - Validation Epoch 606 | Loss: 0.331328
2025-12-19 20:10:16 - preprocess - INFO - Last model saved: results/diffusion/unet-2000-epochs-correct-data/models/last_model.pth
2025-12-19 20:10:18 - preprocess - INFO - Train Epoch 607 | Loss: 0.201540, Mean Loss: 0.190739
2025-12-19 20:10:18 - preprocess - INFO - Validation Epoch 607 | Loss: 0.228734
2025-12-19 20:10:18 - preprocess - INFO - Last model saved: results/diffusion/unet-2000-epochs-correct-data/models/last_model.pth
2025-12-19 20:10:20 - preprocess - INFO - Train Epoch 608 | Loss: 0.206746, Mean Loss: 0.192740
2025-12-19 20:10:21 - preprocess - INFO - Validation Epoch 608 | Loss: 0.361380
2025-12-19 20:10:21 - preprocess - INFO - Last model saved: results/diffusion/unet-2000-epochs-correct-data/models/last_model.pth
2025-12-19 20:10:23 - preprocess - INFO - Train Epoch 609 | Loss: 0.199915, Mean Loss: 0.193537
2025-12-19 20:10:23 - preprocess - INFO - Validation Epoch 609 | Loss: 0.275069
2025-12-19 20:10:23 - preprocess - INFO - Last model saved: results/diffusion/unet-2000-epochs-correct-data/models/last_model.pth
2025-12-19 20:10:25 - preprocess - INFO - Train Epoch 610 | Loss: 0.165276, Mean Loss: 0.190711
2025-12-19 20:10:26 - preprocess - INFO - Validation Epoch 610 | Loss: 0.288720
2025-12-19 20:10:26 - preprocess - INFO - Last model saved: results/diffusion/unet-2000-epochs-correct-data/models/last_model.pth
2025-12-19 20:10:49 - preprocess - INFO - Train Epoch 611 | Loss: 0.181144, Mean Loss: 0.181144
2025-12-19 20:10:49 - preprocess - INFO - Validation Epoch 611 | Loss: 0.255292
2025-12-19 20:10:49 - preprocess - INFO - Last model saved: results/diffusion/unet-2000-epochs-correct-data/models/last_model.pth
2025-12-19 20:10:51 - preprocess - INFO - Train Epoch 612 | Loss: 0.219823, Mean Loss: 0.200483
2025-12-19 20:10:52 - preprocess - INFO - Validation Epoch 612 | Loss: 0.271281
2025-12-19 20:10:52 - preprocess - INFO - Last model saved: results/diffusion/unet-2000-epochs-correct-data/models/last_model.pth
2025-12-19 20:10:54 - preprocess - INFO - Train Epoch 613 | Loss: 0.193168, Mean Loss: 0.198045
2025-12-19 20:10:54 - preprocess - INFO - Validation Epoch 613 | Loss: 0.310451
2025-12-19 20:10:54 - preprocess - INFO - Last model saved: results/diffusion/unet-2000-epochs-correct-data/models/last_model.pth
2025-12-19 20:10:56 - preprocess - INFO - Train Epoch 614 | Loss: 0.182252, Mean Loss: 0.194097
2025-12-19 20:10:57 - preprocess - INFO - Validation Epoch 614 | Loss: 0.223827
2025-12-19 20:10:57 - preprocess - INFO - Last model saved: results/diffusion/unet-2000-epochs-correct-data/models/last_model.pth
2025-12-19 20:10:59 - preprocess - INFO - Train Epoch 615 | Loss: 0.189857, Mean Loss: 0.193249
2025-12-19 20:10:59 - preprocess - INFO - Validation Epoch 615 | Loss: 0.301934
2025-12-19 20:10:59 - preprocess - INFO - Last model saved: results/diffusion/unet-2000-epochs-correct-data/models/last_model.pth
2025-12-19 20:11:01 - preprocess - INFO - Train Epoch 616 | Loss: 0.192195, Mean Loss: 0.193073
2025-12-19 20:11:01 - preprocess - INFO - Validation Epoch 616 | Loss: 0.321134
2025-12-19 20:11:01 - preprocess - INFO - Last model saved: results/diffusion/unet-2000-epochs-correct-data/models/last_model.pth
2025-12-19 20:11:04 - preprocess - INFO - Train Epoch 617 | Loss: 0.186650, Mean Loss: 0.192156
2025-12-19 20:11:04 - preprocess - INFO - Validation Epoch 617 | Loss: 0.301953
2025-12-19 20:11:04 - preprocess - INFO - Last model saved: results/diffusion/unet-2000-epochs-correct-data/models/last_model.pth
2025-12-19 20:11:06 - preprocess - INFO - Train Epoch 618 | Loss: 0.181890, Mean Loss: 0.190872
2025-12-19 20:11:06 - preprocess - INFO - Validation Epoch 618 | Loss: 0.256888
2025-12-19 20:11:06 - preprocess - INFO - Last model saved: results/diffusion/unet-2000-epochs-correct-data/models/last_model.pth
2025-12-19 20:11:08 - preprocess - INFO - Train Epoch 619 | Loss: 0.191191, Mean Loss: 0.190908
2025-12-19 20:11:09 - preprocess - INFO - Validation Epoch 619 | Loss: 0.258107
2025-12-19 20:11:09 - preprocess - INFO - Last model saved: results/diffusion/unet-2000-epochs-correct-data/models/last_model.pth
2025-12-19 20:11:11 - preprocess - INFO - Train Epoch 620 | Loss: 0.170709, Mean Loss: 0.188888
2025-12-19 20:11:11 - preprocess - INFO - Validation Epoch 620 | Loss: 0.244120
2025-12-19 20:11:11 - preprocess - INFO - Last model saved: results/diffusion/unet-2000-epochs-correct-data/models/last_model.pth
2025-12-19 20:11:34 - preprocess - INFO - Train Epoch 621 | Loss: 0.194923, Mean Loss: 0.194923
2025-12-19 20:11:35 - preprocess - INFO - Validation Epoch 621 | Loss: 0.280594
2025-12-19 20:11:35 - preprocess - INFO - Last model saved: results/diffusion/unet-2000-epochs-correct-data/models/last_model.pth
2025-12-19 20:11:37 - preprocess - INFO - Train Epoch 622 | Loss: 0.197978, Mean Loss: 0.196451
2025-12-19 20:11:37 - preprocess - INFO - Validation Epoch 622 | Loss: 0.248232
2025-12-19 20:11:37 - preprocess - INFO - Last model saved: results/diffusion/unet-2000-epochs-correct-data/models/last_model.pth
2025-12-19 20:11:39 - preprocess - INFO - Train Epoch 623 | Loss: 0.182790, Mean Loss: 0.191897
2025-12-19 20:11:39 - preprocess - INFO - Validation Epoch 623 | Loss: 0.261060
2025-12-19 20:11:40 - preprocess - INFO - Last model saved: results/diffusion/unet-2000-epochs-correct-data/models/last_model.pth
2025-12-19 20:11:42 - preprocess - INFO - Train Epoch 624 | Loss: 0.181960, Mean Loss: 0.189413
2025-12-19 20:11:42 - preprocess - INFO - Validation Epoch 624 | Loss: 0.240278
2025-12-19 20:11:42 - preprocess - INFO - Last model saved: results/diffusion/unet-2000-epochs-correct-data/models/last_model.pth
2025-12-19 20:11:44 - preprocess - INFO - Train Epoch 625 | Loss: 0.224856, Mean Loss: 0.196502
2025-12-19 20:11:44 - preprocess - INFO - Validation Epoch 625 | Loss: 0.348870
2025-12-19 20:11:44 - preprocess - INFO - Last model saved: results/diffusion/unet-2000-epochs-correct-data/models/last_model.pth
2025-12-19 20:11:47 - preprocess - INFO - Train Epoch 626 | Loss: 0.178163, Mean Loss: 0.193445
2025-12-19 20:11:47 - preprocess - INFO - Validation Epoch 626 | Loss: 0.304657
2025-12-19 20:11:47 - preprocess - INFO - Last model saved: results/diffusion/unet-2000-epochs-correct-data/models/last_model.pth
2025-12-19 20:11:49 - preprocess - INFO - Train Epoch 627 | Loss: 0.200517, Mean Loss: 0.194455
2025-12-19 20:11:49 - preprocess - INFO - Validation Epoch 627 | Loss: 0.263669
2025-12-19 20:11:49 - preprocess - INFO - Last model saved: results/diffusion/unet-2000-epochs-correct-data/models/last_model.pth
2025-12-19 20:11:51 - preprocess - INFO - Train Epoch 628 | Loss: 0.193269, Mean Loss: 0.194307
2025-12-19 20:11:52 - preprocess - INFO - Validation Epoch 628 | Loss: 0.288483
2025-12-19 20:11:52 - preprocess - INFO - Last model saved: results/diffusion/unet-2000-epochs-correct-data/models/last_model.pth
2025-12-19 20:11:54 - preprocess - INFO - Train Epoch 629 | Loss: 0.187141, Mean Loss: 0.193511
2025-12-19 20:11:54 - preprocess - INFO - Validation Epoch 629 | Loss: 0.256244
2025-12-19 20:11:54 - preprocess - INFO - Last model saved: results/diffusion/unet-2000-epochs-correct-data/models/last_model.pth
2025-12-19 20:11:56 - preprocess - INFO - Train Epoch 630 | Loss: 0.207688, Mean Loss: 0.194929
2025-12-19 20:11:57 - preprocess - INFO - Validation Epoch 630 | Loss: 0.342862
2025-12-19 20:11:57 - preprocess - INFO - Last model saved: results/diffusion/unet-2000-epochs-correct-data/models/last_model.pth
2025-12-19 20:12:20 - preprocess - INFO - Train Epoch 631 | Loss: 0.188027, Mean Loss: 0.188027
2025-12-19 20:12:20 - preprocess - INFO - Validation Epoch 631 | Loss: 0.321137
2025-12-19 20:12:20 - preprocess - INFO - Last model saved: results/diffusion/unet-2000-epochs-correct-data/models/last_model.pth
2025-12-19 20:12:22 - preprocess - INFO - Train Epoch 632 | Loss: 0.205321, Mean Loss: 0.196674
2025-12-19 20:12:23 - preprocess - INFO - Validation Epoch 632 | Loss: 0.304236
2025-12-19 20:12:23 - preprocess - INFO - Last model saved: results/diffusion/unet-2000-epochs-correct-data/models/last_model.pth
2025-12-19 20:12:25 - preprocess - INFO - Train Epoch 633 | Loss: 0.192337, Mean Loss: 0.195229
2025-12-19 20:12:25 - preprocess - INFO - Validation Epoch 633 | Loss: 0.271183
2025-12-19 20:12:25 - preprocess - INFO - Last model saved: results/diffusion/unet-2000-epochs-correct-data/models/last_model.pth
2025-12-19 20:12:27 - preprocess - INFO - Train Epoch 634 | Loss: 0.185689, Mean Loss: 0.192844
2025-12-19 20:12:27 - preprocess - INFO - Validation Epoch 634 | Loss: 0.282294
2025-12-19 20:12:27 - preprocess - INFO - Last model saved: results/diffusion/unet-2000-epochs-correct-data/models/last_model.pth
2025-12-19 20:12:30 - preprocess - INFO - Train Epoch 635 | Loss: 0.228517, Mean Loss: 0.199978
2025-12-19 20:12:30 - preprocess - INFO - Validation Epoch 635 | Loss: 0.276511
2025-12-19 20:12:30 - preprocess - INFO - Last model saved: results/diffusion/unet-2000-epochs-correct-data/models/last_model.pth
2025-12-19 20:12:32 - preprocess - INFO - Train Epoch 636 | Loss: 0.187147, Mean Loss: 0.197840
2025-12-19 20:12:32 - preprocess - INFO - Validation Epoch 636 | Loss: 0.281162
2025-12-19 20:12:32 - preprocess - INFO - Last model saved: results/diffusion/unet-2000-epochs-correct-data/models/last_model.pth
2025-12-19 20:12:34 - preprocess - INFO - Train Epoch 637 | Loss: 0.213770, Mean Loss: 0.200116
2025-12-19 20:12:35 - preprocess - INFO - Validation Epoch 637 | Loss: 0.273702
2025-12-19 20:12:35 - preprocess - INFO - Last model saved: results/diffusion/unet-2000-epochs-correct-data/models/last_model.pth
2025-12-19 20:12:37 - preprocess - INFO - Train Epoch 638 | Loss: 0.183287, Mean Loss: 0.198012
2025-12-19 20:12:37 - preprocess - INFO - Validation Epoch 638 | Loss: 0.265961
2025-12-19 20:12:37 - preprocess - INFO - Last model saved: results/diffusion/unet-2000-epochs-correct-data/models/last_model.pth
2025-12-19 20:12:39 - preprocess - INFO - Train Epoch 639 | Loss: 0.209805, Mean Loss: 0.199322
2025-12-19 20:12:40 - preprocess - INFO - Validation Epoch 639 | Loss: 0.263984
2025-12-19 20:12:40 - preprocess - INFO - Last model saved: results/diffusion/unet-2000-epochs-correct-data/models/last_model.pth
2025-12-19 20:12:42 - preprocess - INFO - Train Epoch 640 | Loss: 0.201494, Mean Loss: 0.199540
2025-12-19 20:12:42 - preprocess - INFO - Validation Epoch 640 | Loss: 0.309701
2025-12-19 20:12:42 - preprocess - INFO - Last model saved: results/diffusion/unet-2000-epochs-correct-data/models/last_model.pth
2025-12-19 20:13:05 - preprocess - INFO - Train Epoch 641 | Loss: 0.187234, Mean Loss: 0.187234
2025-12-19 20:13:06 - preprocess - INFO - Validation Epoch 641 | Loss: 0.354134
2025-12-19 20:13:06 - preprocess - INFO - Last model saved: results/diffusion/unet-2000-epochs-correct-data/models/last_model.pth
2025-12-19 20:13:08 - preprocess - INFO - Train Epoch 642 | Loss: 0.186494, Mean Loss: 0.186864
2025-12-19 20:13:08 - preprocess - INFO - Validation Epoch 642 | Loss: 0.273674
2025-12-19 20:13:08 - preprocess - INFO - Last model saved: results/diffusion/unet-2000-epochs-correct-data/models/last_model.pth
2025-12-19 20:13:10 - preprocess - INFO - Train Epoch 643 | Loss: 0.203471, Mean Loss: 0.192400
2025-12-19 20:13:10 - preprocess - INFO - Validation Epoch 643 | Loss: 0.328726
2025-12-19 20:13:11 - preprocess - INFO - Last model saved: results/diffusion/unet-2000-epochs-correct-data/models/last_model.pth
2025-12-19 20:13:13 - preprocess - INFO - Train Epoch 644 | Loss: 0.185751, Mean Loss: 0.190737
2025-12-19 20:13:13 - preprocess - INFO - Validation Epoch 644 | Loss: 0.306673
2025-12-19 20:13:13 - preprocess - INFO - Last model saved: results/diffusion/unet-2000-epochs-correct-data/models/last_model.pth
2025-12-19 20:13:15 - preprocess - INFO - Train Epoch 645 | Loss: 0.212514, Mean Loss: 0.195093
2025-12-19 20:13:15 - preprocess - INFO - Validation Epoch 645 | Loss: 0.265002
2025-12-19 20:13:15 - preprocess - INFO - Last model saved: results/diffusion/unet-2000-epochs-correct-data/models/last_model.pth
2025-12-19 20:13:17 - preprocess - INFO - Train Epoch 646 | Loss: 0.180837, Mean Loss: 0.192717
2025-12-19 20:13:18 - preprocess - INFO - Validation Epoch 646 | Loss: 0.294673
2025-12-19 20:13:18 - preprocess - INFO - Last model saved: results/diffusion/unet-2000-epochs-correct-data/models/last_model.pth
2025-12-19 20:13:20 - preprocess - INFO - Train Epoch 647 | Loss: 0.181684, Mean Loss: 0.191141
2025-12-19 20:13:20 - preprocess - INFO - Validation Epoch 647 | Loss: 0.272629
2025-12-19 20:13:20 - preprocess - INFO - Last model saved: results/diffusion/unet-2000-epochs-correct-data/models/last_model.pth
2025-12-19 20:13:22 - preprocess - INFO - Train Epoch 648 | Loss: 0.205741, Mean Loss: 0.192966
2025-12-19 20:13:23 - preprocess - INFO - Validation Epoch 648 | Loss: 0.262038
2025-12-19 20:13:23 - preprocess - INFO - Last model saved: results/diffusion/unet-2000-epochs-correct-data/models/last_model.pth
2025-12-19 20:13:25 - preprocess - INFO - Train Epoch 649 | Loss: 0.194841, Mean Loss: 0.193174
2025-12-19 20:13:25 - preprocess - INFO - Validation Epoch 649 | Loss: 0.282754
2025-12-19 20:13:25 - preprocess - INFO - Last model saved: results/diffusion/unet-2000-epochs-correct-data/models/last_model.pth
2025-12-19 20:13:27 - preprocess - INFO - Train Epoch 650 | Loss: 0.182508, Mean Loss: 0.192107
2025-12-19 20:13:27 - preprocess - INFO - Validation Epoch 650 | Loss: 0.252047
2025-12-19 20:13:28 - preprocess - INFO - Last model saved: results/diffusion/unet-2000-epochs-correct-data/models/last_model.pth
2025-12-19 20:13:51 - preprocess - INFO - Train Epoch 651 | Loss: 0.187808, Mean Loss: 0.187808
2025-12-19 20:13:51 - preprocess - INFO - Validation Epoch 651 | Loss: 0.242584
2025-12-19 20:13:51 - preprocess - INFO - Last model saved: results/diffusion/unet-2000-epochs-correct-data/models/last_model.pth
2025-12-19 20:13:53 - preprocess - INFO - Train Epoch 652 | Loss: 0.188766, Mean Loss: 0.188287
2025-12-19 20:13:54 - preprocess - INFO - Validation Epoch 652 | Loss: 0.308810
2025-12-19 20:13:54 - preprocess - INFO - Last model saved: results/diffusion/unet-2000-epochs-correct-data/models/last_model.pth
2025-12-19 20:13:56 - preprocess - INFO - Train Epoch 653 | Loss: 0.195548, Mean Loss: 0.190708
2025-12-19 20:13:56 - preprocess - INFO - Validation Epoch 653 | Loss: 0.221413
2025-12-19 20:13:56 - preprocess - INFO - Last model saved: results/diffusion/unet-2000-epochs-correct-data/models/last_model.pth
2025-12-19 20:13:58 - preprocess - INFO - Train Epoch 654 | Loss: 0.171533, Mean Loss: 0.185914
2025-12-19 20:13:59 - preprocess - INFO - Validation Epoch 654 | Loss: 0.284558
2025-12-19 20:13:59 - preprocess - INFO - Last model saved: results/diffusion/unet-2000-epochs-correct-data/models/last_model.pth
2025-12-19 20:14:01 - preprocess - INFO - Train Epoch 655 | Loss: 0.184589, Mean Loss: 0.185649
2025-12-19 20:14:01 - preprocess - INFO - Validation Epoch 655 | Loss: 0.302604
2025-12-19 20:14:01 - preprocess - INFO - Last model saved: results/diffusion/unet-2000-epochs-correct-data/models/last_model.pth
2025-12-19 20:14:03 - preprocess - INFO - Train Epoch 656 | Loss: 0.183226, Mean Loss: 0.185245
2025-12-19 20:14:03 - preprocess - INFO - Validation Epoch 656 | Loss: 0.314517
2025-12-19 20:14:03 - preprocess - INFO - Last model saved: results/diffusion/unet-2000-epochs-correct-data/models/last_model.pth
2025-12-19 20:14:05 - preprocess - INFO - Train Epoch 657 | Loss: 0.207540, Mean Loss: 0.188430
2025-12-19 20:14:06 - preprocess - INFO - Validation Epoch 657 | Loss: 0.244563
2025-12-19 20:14:06 - preprocess - INFO - Last model saved: results/diffusion/unet-2000-epochs-correct-data/models/last_model.pth
2025-12-19 20:14:08 - preprocess - INFO - Train Epoch 658 | Loss: 0.195662, Mean Loss: 0.189334
2025-12-19 20:14:08 - preprocess - INFO - Validation Epoch 658 | Loss: 0.245474
2025-12-19 20:14:08 - preprocess - INFO - Last model saved: results/diffusion/unet-2000-epochs-correct-data/models/last_model.pth
2025-12-19 20:14:10 - preprocess - INFO - Train Epoch 659 | Loss: 0.168890, Mean Loss: 0.187063
2025-12-19 20:14:11 - preprocess - INFO - Validation Epoch 659 | Loss: 0.311574
2025-12-19 20:14:11 - preprocess - INFO - Last model saved: results/diffusion/unet-2000-epochs-correct-data/models/last_model.pth
2025-12-19 20:14:13 - preprocess - INFO - Train Epoch 660 | Loss: 0.187477, Mean Loss: 0.187104
2025-12-19 20:14:13 - preprocess - INFO - Validation Epoch 660 | Loss: 0.263979
2025-12-19 20:14:13 - preprocess - INFO - Last model saved: results/diffusion/unet-2000-epochs-correct-data/models/last_model.pth
2025-12-19 20:14:36 - preprocess - INFO - Train Epoch 661 | Loss: 0.178153, Mean Loss: 0.178153
2025-12-19 20:14:37 - preprocess - INFO - Validation Epoch 661 | Loss: 0.271705
2025-12-19 20:14:37 - preprocess - INFO - Last model saved: results/diffusion/unet-2000-epochs-correct-data/models/last_model.pth
2025-12-19 20:14:39 - preprocess - INFO - Train Epoch 662 | Loss: 0.193240, Mean Loss: 0.185696
2025-12-19 20:14:39 - preprocess - INFO - Validation Epoch 662 | Loss: 0.317989
2025-12-19 20:14:39 - preprocess - INFO - Last model saved: results/diffusion/unet-2000-epochs-correct-data/models/last_model.pth
2025-12-19 20:14:41 - preprocess - INFO - Train Epoch 663 | Loss: 0.167982, Mean Loss: 0.179791
2025-12-19 20:14:42 - preprocess - INFO - Validation Epoch 663 | Loss: 0.291505
2025-12-19 20:14:42 - preprocess - INFO - Last model saved: results/diffusion/unet-2000-epochs-correct-data/models/last_model.pth
2025-12-19 20:14:44 - preprocess - INFO - Train Epoch 664 | Loss: 0.203678, Mean Loss: 0.185763
2025-12-19 20:14:44 - preprocess - INFO - Validation Epoch 664 | Loss: 0.321128
2025-12-19 20:14:44 - preprocess - INFO - Last model saved: results/diffusion/unet-2000-epochs-correct-data/models/last_model.pth
2025-12-19 20:14:46 - preprocess - INFO - Train Epoch 665 | Loss: 0.210243, Mean Loss: 0.190659
2025-12-19 20:14:46 - preprocess - INFO - Validation Epoch 665 | Loss: 0.263991
2025-12-19 20:14:46 - preprocess - INFO - Last model saved: results/diffusion/unet-2000-epochs-correct-data/models/last_model.pth
2025-12-19 20:14:49 - preprocess - INFO - Train Epoch 666 | Loss: 0.182323, Mean Loss: 0.189270
2025-12-19 20:14:49 - preprocess - INFO - Validation Epoch 666 | Loss: 0.308635
2025-12-19 20:14:49 - preprocess - INFO - Last model saved: results/diffusion/unet-2000-epochs-correct-data/models/last_model.pth
2025-12-19 20:14:51 - preprocess - INFO - Train Epoch 667 | Loss: 0.186017, Mean Loss: 0.188805
2025-12-19 20:14:51 - preprocess - INFO - Validation Epoch 667 | Loss: 0.327550
2025-12-19 20:14:51 - preprocess - INFO - Last model saved: results/diffusion/unet-2000-epochs-correct-data/models/last_model.pth
2025-12-19 20:14:53 - preprocess - INFO - Train Epoch 668 | Loss: 0.198541, Mean Loss: 0.190022
2025-12-19 20:14:54 - preprocess - INFO - Validation Epoch 668 | Loss: 0.305248
2025-12-19 20:14:54 - preprocess - INFO - Last model saved: results/diffusion/unet-2000-epochs-correct-data/models/last_model.pth
2025-12-19 20:14:56 - preprocess - INFO - Train Epoch 669 | Loss: 0.195155, Mean Loss: 0.190592
2025-12-19 20:14:56 - preprocess - INFO - Validation Epoch 669 | Loss: 0.281669
2025-12-19 20:14:56 - preprocess - INFO - Last model saved: results/diffusion/unet-2000-epochs-correct-data/models/last_model.pth
2025-12-19 20:14:58 - preprocess - INFO - Train Epoch 670 | Loss: 0.182351, Mean Loss: 0.189768
2025-12-19 20:14:59 - preprocess - INFO - Validation Epoch 670 | Loss: 0.230759
2025-12-19 20:14:59 - preprocess - INFO - Last model saved: results/diffusion/unet-2000-epochs-correct-data/models/last_model.pth
2025-12-19 20:15:22 - preprocess - INFO - Train Epoch 671 | Loss: 0.189187, Mean Loss: 0.189187
2025-12-19 20:15:23 - preprocess - INFO - Validation Epoch 671 | Loss: 0.298301
2025-12-19 20:15:23 - preprocess - INFO - Last model saved: results/diffusion/unet-2000-epochs-correct-data/models/last_model.pth
2025-12-19 20:15:25 - preprocess - INFO - Train Epoch 672 | Loss: 0.190013, Mean Loss: 0.189600
2025-12-19 20:15:25 - preprocess - INFO - Validation Epoch 672 | Loss: 0.289296
2025-12-19 20:15:25 - preprocess - INFO - Last model saved: results/diffusion/unet-2000-epochs-correct-data/models/last_model.pth
2025-12-19 20:15:27 - preprocess - INFO - Train Epoch 673 | Loss: 0.197088, Mean Loss: 0.192096
2025-12-19 20:15:27 - preprocess - INFO - Validation Epoch 673 | Loss: 0.229154
2025-12-19 20:15:28 - preprocess - INFO - Last model saved: results/diffusion/unet-2000-epochs-correct-data/models/last_model.pth
2025-12-19 20:15:30 - preprocess - INFO - Train Epoch 674 | Loss: 0.178097, Mean Loss: 0.188596
2025-12-19 20:15:30 - preprocess - INFO - Validation Epoch 674 | Loss: 0.329647
2025-12-19 20:15:30 - preprocess - INFO - Last model saved: results/diffusion/unet-2000-epochs-correct-data/models/last_model.pth
2025-12-19 20:15:32 - preprocess - INFO - Train Epoch 675 | Loss: 0.194930, Mean Loss: 0.189863
2025-12-19 20:15:32 - preprocess - INFO - Validation Epoch 675 | Loss: 0.343699
2025-12-19 20:15:32 - preprocess - INFO - Last model saved: results/diffusion/unet-2000-epochs-correct-data/models/last_model.pth
2025-12-19 20:15:35 - preprocess - INFO - Train Epoch 676 | Loss: 0.197697, Mean Loss: 0.191169
2025-12-19 20:15:35 - preprocess - INFO - Validation Epoch 676 | Loss: 0.303732
2025-12-19 20:15:35 - preprocess - INFO - Last model saved: results/diffusion/unet-2000-epochs-correct-data/models/last_model.pth
2025-12-19 20:15:37 - preprocess - INFO - Train Epoch 677 | Loss: 0.206905, Mean Loss: 0.193417
2025-12-19 20:15:37 - preprocess - INFO - Validation Epoch 677 | Loss: 0.252779
2025-12-19 20:15:37 - preprocess - INFO - Last model saved: results/diffusion/unet-2000-epochs-correct-data/models/last_model.pth
2025-12-19 20:15:39 - preprocess - INFO - Train Epoch 678 | Loss: 0.190596, Mean Loss: 0.193064
2025-12-19 20:15:40 - preprocess - INFO - Validation Epoch 678 | Loss: 0.316668
2025-12-19 20:15:40 - preprocess - INFO - Last model saved: results/diffusion/unet-2000-epochs-correct-data/models/last_model.pth
2025-12-19 20:15:42 - preprocess - INFO - Train Epoch 679 | Loss: 0.168372, Mean Loss: 0.190320
2025-12-19 20:15:42 - preprocess - INFO - Validation Epoch 679 | Loss: 0.216649
2025-12-19 20:15:42 - preprocess - INFO - Last model saved: results/diffusion/unet-2000-epochs-correct-data/models/last_model.pth
2025-12-19 20:15:44 - preprocess - INFO - Train Epoch 680 | Loss: 0.184729, Mean Loss: 0.189761
2025-12-19 20:15:45 - preprocess - INFO - Validation Epoch 680 | Loss: 0.332493
2025-12-19 20:15:45 - preprocess - INFO - Last model saved: results/diffusion/unet-2000-epochs-correct-data/models/last_model.pth
2025-12-19 20:16:08 - preprocess - INFO - Train Epoch 681 | Loss: 0.187522, Mean Loss: 0.187522
2025-12-19 20:16:08 - preprocess - INFO - Validation Epoch 681 | Loss: 0.312450
2025-12-19 20:16:09 - preprocess - INFO - Last model saved: results/diffusion/unet-2000-epochs-correct-data/models/last_model.pth
2025-12-19 20:16:11 - preprocess - INFO - Train Epoch 682 | Loss: 0.184693, Mean Loss: 0.186107
2025-12-19 20:16:11 - preprocess - INFO - Validation Epoch 682 | Loss: 0.260802
2025-12-19 20:16:11 - preprocess - INFO - Last model saved: results/diffusion/unet-2000-epochs-correct-data/models/last_model.pth
2025-12-19 20:16:13 - preprocess - INFO - Train Epoch 683 | Loss: 0.183431, Mean Loss: 0.185215
2025-12-19 20:16:14 - preprocess - INFO - Validation Epoch 683 | Loss: 0.297074
2025-12-19 20:16:14 - preprocess - INFO - Last model saved: results/diffusion/unet-2000-epochs-correct-data/models/last_model.pth
2025-12-19 20:16:18 - preprocess - INFO - Train Epoch 684 | Loss: 0.189139, Mean Loss: 0.186196
2025-12-19 20:16:19 - preprocess - INFO - Validation Epoch 684 | Loss: 0.272170
2025-12-19 20:16:19 - preprocess - INFO - Last model saved: results/diffusion/unet-2000-epochs-correct-data/models/last_model.pth
2025-12-19 20:16:23 - preprocess - INFO - Train Epoch 685 | Loss: 0.159566, Mean Loss: 0.180870
2025-12-19 20:16:23 - preprocess - INFO - Validation Epoch 685 | Loss: 0.284852
2025-12-19 20:16:23 - preprocess - INFO - Last model saved: results/diffusion/unet-2000-epochs-correct-data/models/last_model.pth
2025-12-19 20:16:27 - preprocess - INFO - Train Epoch 686 | Loss: 0.193186, Mean Loss: 0.182923
2025-12-19 20:16:28 - preprocess - INFO - Validation Epoch 686 | Loss: 0.302845
2025-12-19 20:16:28 - preprocess - INFO - Last model saved: results/diffusion/unet-2000-epochs-correct-data/models/last_model.pth
2025-12-19 20:16:32 - preprocess - INFO - Train Epoch 687 | Loss: 0.191113, Mean Loss: 0.184093
2025-12-19 20:16:32 - preprocess - INFO - Validation Epoch 687 | Loss: 0.339690
2025-12-19 20:16:32 - preprocess - INFO - Last model saved: results/diffusion/unet-2000-epochs-correct-data/models/last_model.pth
2025-12-19 20:16:36 - preprocess - INFO - Train Epoch 688 | Loss: 0.168699, Mean Loss: 0.182168
2025-12-19 20:16:37 - preprocess - INFO - Validation Epoch 688 | Loss: 0.377897
2025-12-19 20:16:37 - preprocess - INFO - Last model saved: results/diffusion/unet-2000-epochs-correct-data/models/last_model.pth
2025-12-19 20:16:41 - preprocess - INFO - Train Epoch 689 | Loss: 0.153458, Mean Loss: 0.178978
2025-12-19 20:16:42 - preprocess - INFO - Validation Epoch 689 | Loss: 0.273201
2025-12-19 20:16:42 - preprocess - INFO - Last model saved: results/diffusion/unet-2000-epochs-correct-data/models/last_model.pth
2025-12-19 20:16:46 - preprocess - INFO - Train Epoch 690 | Loss: 0.162280, Mean Loss: 0.177309
2025-12-19 20:16:46 - preprocess - INFO - Validation Epoch 690 | Loss: 0.289249
2025-12-19 20:16:46 - preprocess - INFO - Last model saved: results/diffusion/unet-2000-epochs-correct-data/models/last_model.pth
2025-12-19 20:17:34 - preprocess - INFO - Train Epoch 691 | Loss: 0.185227, Mean Loss: 0.185227
2025-12-19 20:17:35 - preprocess - INFO - Validation Epoch 691 | Loss: 0.267525
2025-12-19 20:17:35 - preprocess - INFO - Last model saved: results/diffusion/unet-2000-epochs-correct-data/models/last_model.pth
2025-12-19 20:17:38 - preprocess - INFO - Train Epoch 692 | Loss: 0.213988, Mean Loss: 0.199607
2025-12-19 20:17:39 - preprocess - INFO - Validation Epoch 692 | Loss: 0.270582
2025-12-19 20:17:39 - preprocess - INFO - Last model saved: results/diffusion/unet-2000-epochs-correct-data/models/last_model.pth
2025-12-19 20:17:42 - preprocess - INFO - Train Epoch 693 | Loss: 0.181782, Mean Loss: 0.193666
2025-12-19 20:17:43 - preprocess - INFO - Validation Epoch 693 | Loss: 0.260617
2025-12-19 20:17:43 - preprocess - INFO - Last model saved: results/diffusion/unet-2000-epochs-correct-data/models/last_model.pth
2025-12-19 20:17:48 - preprocess - INFO - Train Epoch 694 | Loss: 0.182036, Mean Loss: 0.190758
2025-12-19 20:17:48 - preprocess - INFO - Validation Epoch 694 | Loss: 0.306726
2025-12-19 20:17:48 - preprocess - INFO - Last model saved: results/diffusion/unet-2000-epochs-correct-data/models/last_model.pth
2025-12-19 20:17:52 - preprocess - INFO - Train Epoch 695 | Loss: 0.182887, Mean Loss: 0.189184
2025-12-19 20:17:53 - preprocess - INFO - Validation Epoch 695 | Loss: 0.294905
2025-12-19 20:17:53 - preprocess - INFO - Last model saved: results/diffusion/unet-2000-epochs-correct-data/models/last_model.pth
2025-12-19 20:17:57 - preprocess - INFO - Train Epoch 696 | Loss: 0.193204, Mean Loss: 0.189854
2025-12-19 20:17:58 - preprocess - INFO - Validation Epoch 696 | Loss: 0.276866
2025-12-19 20:17:58 - preprocess - INFO - Last model saved: results/diffusion/unet-2000-epochs-correct-data/models/last_model.pth
2025-12-19 20:18:02 - preprocess - INFO - Train Epoch 697 | Loss: 0.189782, Mean Loss: 0.189844
2025-12-19 20:18:03 - preprocess - INFO - Validation Epoch 697 | Loss: 0.323492
2025-12-19 20:18:03 - preprocess - INFO - Last model saved: results/diffusion/unet-2000-epochs-correct-data/models/last_model.pth
2025-12-19 20:18:07 - preprocess - INFO - Train Epoch 698 | Loss: 0.201778, Mean Loss: 0.191336
2025-12-19 20:18:08 - preprocess - INFO - Validation Epoch 698 | Loss: 0.271329
2025-12-19 20:18:08 - preprocess - INFO - Last model saved: results/diffusion/unet-2000-epochs-correct-data/models/last_model.pth
2025-12-19 20:18:13 - preprocess - INFO - Train Epoch 699 | Loss: 0.177384, Mean Loss: 0.189785
2025-12-19 20:18:13 - preprocess - INFO - Validation Epoch 699 | Loss: 0.305894
2025-12-19 20:18:13 - preprocess - INFO - Last model saved: results/diffusion/unet-2000-epochs-correct-data/models/last_model.pth
2025-12-19 20:18:18 - preprocess - INFO - Train Epoch 700 | Loss: 0.175404, Mean Loss: 0.188347
2025-12-19 20:18:19 - preprocess - INFO - Validation Epoch 700 | Loss: 0.356781
2025-12-19 20:18:19 - preprocess - INFO - Last model saved: results/diffusion/unet-2000-epochs-correct-data/models/last_model.pth
2025-12-19 20:19:08 - preprocess - INFO - Train Epoch 701 | Loss: 0.186791, Mean Loss: 0.186791
2025-12-19 20:19:09 - preprocess - INFO - Validation Epoch 701 | Loss: 0.301095
2025-12-19 20:19:09 - preprocess - INFO - Last model saved: results/diffusion/unet-2000-epochs-correct-data/models/last_model.pth
2025-12-19 20:19:12 - preprocess - INFO - Train Epoch 702 | Loss: 0.203588, Mean Loss: 0.195190
2025-12-19 20:19:13 - preprocess - INFO - Validation Epoch 702 | Loss: 0.263921
2025-12-19 20:19:13 - preprocess - INFO - Last model saved: results/diffusion/unet-2000-epochs-correct-data/models/last_model.pth
2025-12-19 20:19:16 - preprocess - INFO - Train Epoch 703 | Loss: 0.178856, Mean Loss: 0.189745
2025-12-19 20:19:17 - preprocess - INFO - Validation Epoch 703 | Loss: 0.334442
2025-12-19 20:19:17 - preprocess - INFO - Last model saved: results/diffusion/unet-2000-epochs-correct-data/models/last_model.pth
2025-12-19 20:19:21 - preprocess - INFO - Train Epoch 704 | Loss: 0.183518, Mean Loss: 0.188188
2025-12-19 20:19:22 - preprocess - INFO - Validation Epoch 704 | Loss: 0.301877
2025-12-19 20:19:22 - preprocess - INFO - Last model saved: results/diffusion/unet-2000-epochs-correct-data/models/last_model.pth
2025-12-19 20:19:26 - preprocess - INFO - Train Epoch 705 | Loss: 0.184473, Mean Loss: 0.187445
2025-12-19 20:19:27 - preprocess - INFO - Validation Epoch 705 | Loss: 0.374596
2025-12-19 20:19:27 - preprocess - INFO - Last model saved: results/diffusion/unet-2000-epochs-correct-data/models/last_model.pth
2025-12-19 20:19:32 - preprocess - INFO - Train Epoch 706 | Loss: 0.180729, Mean Loss: 0.186326
2025-12-19 20:19:32 - preprocess - INFO - Validation Epoch 706 | Loss: 0.307035
2025-12-19 20:19:32 - preprocess - INFO - Last model saved: results/diffusion/unet-2000-epochs-correct-data/models/last_model.pth
2025-12-19 20:19:36 - preprocess - INFO - Train Epoch 707 | Loss: 0.186405, Mean Loss: 0.186337
2025-12-19 20:19:37 - preprocess - INFO - Validation Epoch 707 | Loss: 0.273395
2025-12-19 20:19:37 - preprocess - INFO - Last model saved: results/diffusion/unet-2000-epochs-correct-data/models/last_model.pth
2025-12-19 20:19:41 - preprocess - INFO - Train Epoch 708 | Loss: 0.184672, Mean Loss: 0.186129
2025-12-19 20:19:42 - preprocess - INFO - Validation Epoch 708 | Loss: 0.283251
2025-12-19 20:19:42 - preprocess - INFO - Last model saved: results/diffusion/unet-2000-epochs-correct-data/models/last_model.pth
2025-12-19 20:19:46 - preprocess - INFO - Train Epoch 709 | Loss: 0.174898, Mean Loss: 0.184881
2025-12-19 20:19:47 - preprocess - INFO - Validation Epoch 709 | Loss: 0.314120
2025-12-19 20:19:47 - preprocess - INFO - Last model saved: results/diffusion/unet-2000-epochs-correct-data/models/last_model.pth
2025-12-19 20:19:51 - preprocess - INFO - Train Epoch 710 | Loss: 0.161052, Mean Loss: 0.182498
2025-12-19 20:19:52 - preprocess - INFO - Validation Epoch 710 | Loss: 0.322238
2025-12-19 20:19:52 - preprocess - INFO - Last model saved: results/diffusion/unet-2000-epochs-correct-data/models/last_model.pth
2025-12-19 20:20:41 - preprocess - INFO - Train Epoch 711 | Loss: 0.211450, Mean Loss: 0.211450
2025-12-19 20:20:42 - preprocess - INFO - Validation Epoch 711 | Loss: 0.286654
2025-12-19 20:20:42 - preprocess - INFO - Last model saved: results/diffusion/unet-2000-epochs-correct-data/models/last_model.pth
2025-12-19 20:20:45 - preprocess - INFO - Train Epoch 712 | Loss: 0.150982, Mean Loss: 0.181216
2025-12-19 20:20:46 - preprocess - INFO - Validation Epoch 712 | Loss: 0.379831
2025-12-19 20:20:46 - preprocess - INFO - Last model saved: results/diffusion/unet-2000-epochs-correct-data/models/last_model.pth
2025-12-19 20:20:49 - preprocess - INFO - Train Epoch 713 | Loss: 0.167164, Mean Loss: 0.176532
2025-12-19 20:20:50 - preprocess - INFO - Validation Epoch 713 | Loss: 0.280710
2025-12-19 20:20:50 - preprocess - INFO - Last model saved: results/diffusion/unet-2000-epochs-correct-data/models/last_model.pth
2025-12-19 20:20:54 - preprocess - INFO - Train Epoch 714 | Loss: 0.212157, Mean Loss: 0.185438
2025-12-19 20:20:55 - preprocess - INFO - Validation Epoch 714 | Loss: 0.338790
2025-12-19 20:20:55 - preprocess - INFO - Last model saved: results/diffusion/unet-2000-epochs-correct-data/models/last_model.pth
2025-12-19 20:20:59 - preprocess - INFO - Train Epoch 715 | Loss: 0.189118, Mean Loss: 0.186174
2025-12-19 20:21:00 - preprocess - INFO - Validation Epoch 715 | Loss: 0.347829
2025-12-19 20:21:00 - preprocess - INFO - Last model saved: results/diffusion/unet-2000-epochs-correct-data/models/last_model.pth
2025-12-19 20:21:04 - preprocess - INFO - Train Epoch 716 | Loss: 0.193379, Mean Loss: 0.187375
2025-12-19 20:21:05 - preprocess - INFO - Validation Epoch 716 | Loss: 0.321999
2025-12-19 20:21:05 - preprocess - INFO - Last model saved: results/diffusion/unet-2000-epochs-correct-data/models/last_model.pth
2025-12-19 20:21:09 - preprocess - INFO - Train Epoch 717 | Loss: 0.193274, Mean Loss: 0.188218
2025-12-19 20:21:10 - preprocess - INFO - Validation Epoch 717 | Loss: 0.312104
2025-12-19 20:21:10 - preprocess - INFO - Last model saved: results/diffusion/unet-2000-epochs-correct-data/models/last_model.pth
2025-12-19 20:21:14 - preprocess - INFO - Train Epoch 718 | Loss: 0.196329, Mean Loss: 0.189232
2025-12-19 20:21:15 - preprocess - INFO - Validation Epoch 718 | Loss: 0.318198
2025-12-19 20:21:15 - preprocess - INFO - Last model saved: results/diffusion/unet-2000-epochs-correct-data/models/last_model.pth
2025-12-19 20:21:19 - preprocess - INFO - Train Epoch 719 | Loss: 0.176888, Mean Loss: 0.187860
2025-12-19 20:21:20 - preprocess - INFO - Validation Epoch 719 | Loss: 0.306919
2025-12-19 20:21:20 - preprocess - INFO - Last model saved: results/diffusion/unet-2000-epochs-correct-data/models/last_model.pth
2025-12-19 20:21:25 - preprocess - INFO - Train Epoch 720 | Loss: 0.191168, Mean Loss: 0.188191
2025-12-19 20:21:25 - preprocess - INFO - Validation Epoch 720 | Loss: 0.285195
2025-12-19 20:21:25 - preprocess - INFO - Last model saved: results/diffusion/unet-2000-epochs-correct-data/models/last_model.pth
2025-12-19 20:22:14 - preprocess - INFO - Train Epoch 721 | Loss: 0.154101, Mean Loss: 0.154101
2025-12-19 20:22:15 - preprocess - INFO - Validation Epoch 721 | Loss: 0.282231
2025-12-19 20:22:15 - preprocess - INFO - Last model saved: results/diffusion/unet-2000-epochs-correct-data/models/last_model.pth
2025-12-19 20:22:18 - preprocess - INFO - Train Epoch 722 | Loss: 0.183301, Mean Loss: 0.168701
2025-12-19 20:22:19 - preprocess - INFO - Validation Epoch 722 | Loss: 0.320659
2025-12-19 20:22:19 - preprocess - INFO - Last model saved: results/diffusion/unet-2000-epochs-correct-data/models/last_model.pth
2025-12-19 20:22:22 - preprocess - INFO - Train Epoch 723 | Loss: 0.188198, Mean Loss: 0.175200
2025-12-19 20:22:23 - preprocess - INFO - Validation Epoch 723 | Loss: 0.256305
2025-12-19 20:22:23 - preprocess - INFO - Last model saved: results/diffusion/unet-2000-epochs-correct-data/models/last_model.pth
2025-12-19 20:22:27 - preprocess - INFO - Train Epoch 724 | Loss: 0.206079, Mean Loss: 0.182920
2025-12-19 20:22:28 - preprocess - INFO - Validation Epoch 724 | Loss: 0.274292
2025-12-19 20:22:28 - preprocess - INFO - Last model saved: results/diffusion/unet-2000-epochs-correct-data/models/last_model.pth
2025-12-19 20:22:33 - preprocess - INFO - Train Epoch 725 | Loss: 0.198783, Mean Loss: 0.186092
2025-12-19 20:22:34 - preprocess - INFO - Validation Epoch 725 | Loss: 0.341335
2025-12-19 20:22:34 - preprocess - INFO - Last model saved: results/diffusion/unet-2000-epochs-correct-data/models/last_model.pth
2025-12-19 20:22:38 - preprocess - INFO - Train Epoch 726 | Loss: 0.180137, Mean Loss: 0.185100
2025-12-19 20:22:39 - preprocess - INFO - Validation Epoch 726 | Loss: 0.263042
2025-12-19 20:22:39 - preprocess - INFO - Last model saved: results/diffusion/unet-2000-epochs-correct-data/models/last_model.pth
2025-12-19 20:22:43 - preprocess - INFO - Train Epoch 727 | Loss: 0.183622, Mean Loss: 0.184889
2025-12-19 20:22:44 - preprocess - INFO - Validation Epoch 727 | Loss: 0.366304
2025-12-19 20:22:44 - preprocess - INFO - Last model saved: results/diffusion/unet-2000-epochs-correct-data/models/last_model.pth
2025-12-19 20:22:48 - preprocess - INFO - Train Epoch 728 | Loss: 0.167857, Mean Loss: 0.182760
2025-12-19 20:22:49 - preprocess - INFO - Validation Epoch 728 | Loss: 0.292014
2025-12-19 20:22:49 - preprocess - INFO - Last model saved: results/diffusion/unet-2000-epochs-correct-data/models/last_model.pth
2025-12-19 20:22:53 - preprocess - INFO - Train Epoch 729 | Loss: 0.204479, Mean Loss: 0.185173
2025-12-19 20:22:54 - preprocess - INFO - Validation Epoch 729 | Loss: 0.318144
2025-12-19 20:22:54 - preprocess - INFO - Last model saved: results/diffusion/unet-2000-epochs-correct-data/models/last_model.pth
2025-12-19 20:22:58 - preprocess - INFO - Train Epoch 730 | Loss: 0.175745, Mean Loss: 0.184230
2025-12-19 20:22:59 - preprocess - INFO - Validation Epoch 730 | Loss: 0.303514
2025-12-19 20:22:59 - preprocess - INFO - Last model saved: results/diffusion/unet-2000-epochs-correct-data/models/last_model.pth
2025-12-19 20:23:43 - preprocess - INFO - Train Epoch 731 | Loss: 0.166020, Mean Loss: 0.166020
2025-12-19 20:23:44 - preprocess - INFO - Validation Epoch 731 | Loss: 0.335229
2025-12-19 20:23:44 - preprocess - INFO - Last model saved: results/diffusion/unet-2000-epochs-correct-data/models/last_model.pth
2025-12-19 20:23:47 - preprocess - INFO - Train Epoch 732 | Loss: 0.197473, Mean Loss: 0.181746
2025-12-19 20:23:47 - preprocess - INFO - Validation Epoch 732 | Loss: 0.265820
2025-12-19 20:23:47 - preprocess - INFO - Last model saved: results/diffusion/unet-2000-epochs-correct-data/models/last_model.pth
2025-12-19 20:23:50 - preprocess - INFO - Train Epoch 733 | Loss: 0.211617, Mean Loss: 0.191703
2025-12-19 20:23:51 - preprocess - INFO - Validation Epoch 733 | Loss: 0.273758
2025-12-19 20:23:51 - preprocess - INFO - Last model saved: results/diffusion/unet-2000-epochs-correct-data/models/last_model.pth
2025-12-19 20:23:55 - preprocess - INFO - Train Epoch 734 | Loss: 0.181947, Mean Loss: 0.189264
2025-12-19 20:23:56 - preprocess - INFO - Validation Epoch 734 | Loss: 0.311213
2025-12-19 20:23:56 - preprocess - INFO - Last model saved: results/diffusion/unet-2000-epochs-correct-data/models/last_model.pth
2025-12-19 20:23:59 - preprocess - INFO - Train Epoch 735 | Loss: 0.180271, Mean Loss: 0.187465
2025-12-19 20:24:00 - preprocess - INFO - Validation Epoch 735 | Loss: 0.325267
2025-12-19 20:24:00 - preprocess - INFO - Last model saved: results/diffusion/unet-2000-epochs-correct-data/models/last_model.pth
2025-12-19 20:24:04 - preprocess - INFO - Train Epoch 736 | Loss: 0.186496, Mean Loss: 0.187304
2025-12-19 20:24:05 - preprocess - INFO - Validation Epoch 736 | Loss: 0.271650
2025-12-19 20:24:05 - preprocess - INFO - Last model saved: results/diffusion/unet-2000-epochs-correct-data/models/last_model.pth
2025-12-19 20:24:09 - preprocess - INFO - Train Epoch 737 | Loss: 0.196817, Mean Loss: 0.188663
2025-12-19 20:24:09 - preprocess - INFO - Validation Epoch 737 | Loss: 0.327160
2025-12-19 20:24:09 - preprocess - INFO - Last model saved: results/diffusion/unet-2000-epochs-correct-data/models/last_model.pth
2025-12-19 20:24:14 - preprocess - INFO - Train Epoch 738 | Loss: 0.175680, Mean Loss: 0.187040
2025-12-19 20:24:15 - preprocess - INFO - Validation Epoch 738 | Loss: 0.222174
2025-12-19 20:24:15 - preprocess - INFO - Last model saved: results/diffusion/unet-2000-epochs-correct-data/models/last_model.pth
2025-12-19 20:24:21 - preprocess - INFO - Train Epoch 739 | Loss: 0.172971, Mean Loss: 0.185477
2025-12-19 20:24:22 - preprocess - INFO - Validation Epoch 739 | Loss: 0.283101
2025-12-19 20:24:22 - preprocess - INFO - Last model saved: results/diffusion/unet-2000-epochs-correct-data/models/last_model.pth
2025-12-19 20:24:28 - preprocess - INFO - Train Epoch 740 | Loss: 0.171345, Mean Loss: 0.184064
2025-12-19 20:24:29 - preprocess - INFO - Validation Epoch 740 | Loss: 0.310287
2025-12-19 20:24:29 - preprocess - INFO - Last model saved: results/diffusion/unet-2000-epochs-correct-data/models/last_model.pth
2025-12-19 20:25:47 - preprocess - INFO - Train Epoch 741 | Loss: 0.163945, Mean Loss: 0.163945
2025-12-19 20:25:48 - preprocess - INFO - Validation Epoch 741 | Loss: 0.352406
2025-12-19 20:25:48 - preprocess - INFO - Last model saved: results/diffusion/unet-2000-epochs-correct-data/models/last_model.pth
2025-12-19 20:25:52 - preprocess - INFO - Train Epoch 742 | Loss: 0.177790, Mean Loss: 0.170867
2025-12-19 20:25:53 - preprocess - INFO - Validation Epoch 742 | Loss: 0.322426
2025-12-19 20:25:53 - preprocess - INFO - Last model saved: results/diffusion/unet-2000-epochs-correct-data/models/last_model.pth
2025-12-19 20:25:57 - preprocess - INFO - Train Epoch 743 | Loss: 0.174498, Mean Loss: 0.172078
2025-12-19 20:25:57 - preprocess - INFO - Validation Epoch 743 | Loss: 0.295345
2025-12-19 20:25:58 - preprocess - INFO - Last model saved: results/diffusion/unet-2000-epochs-correct-data/models/last_model.pth
2025-12-19 20:26:03 - preprocess - INFO - Train Epoch 744 | Loss: 0.193892, Mean Loss: 0.177531
2025-12-19 20:26:03 - preprocess - INFO - Validation Epoch 744 | Loss: 0.362964
2025-12-19 20:26:03 - preprocess - INFO - Last model saved: results/diffusion/unet-2000-epochs-correct-data/models/last_model.pth
2025-12-19 20:26:08 - preprocess - INFO - Train Epoch 745 | Loss: 0.188484, Mean Loss: 0.179722
2025-12-19 20:26:09 - preprocess - INFO - Validation Epoch 745 | Loss: 0.263896
2025-12-19 20:26:09 - preprocess - INFO - Last model saved: results/diffusion/unet-2000-epochs-correct-data/models/last_model.pth
2025-12-19 20:26:14 - preprocess - INFO - Train Epoch 746 | Loss: 0.184977, Mean Loss: 0.180597
2025-12-19 20:26:15 - preprocess - INFO - Validation Epoch 746 | Loss: 0.280414
2025-12-19 20:26:15 - preprocess - INFO - Last model saved: results/diffusion/unet-2000-epochs-correct-data/models/last_model.pth
2025-12-19 20:26:20 - preprocess - INFO - Train Epoch 747 | Loss: 0.173804, Mean Loss: 0.179627
2025-12-19 20:26:21 - preprocess - INFO - Validation Epoch 747 | Loss: 0.322774
2025-12-19 20:26:21 - preprocess - INFO - Last model saved: results/diffusion/unet-2000-epochs-correct-data/models/last_model.pth
2025-12-19 20:26:26 - preprocess - INFO - Train Epoch 748 | Loss: 0.193704, Mean Loss: 0.181387
2025-12-19 20:26:27 - preprocess - INFO - Validation Epoch 748 | Loss: 0.294202
2025-12-19 20:26:27 - preprocess - INFO - Last model saved: results/diffusion/unet-2000-epochs-correct-data/models/last_model.pth
2025-12-19 20:26:32 - preprocess - INFO - Train Epoch 749 | Loss: 0.187519, Mean Loss: 0.182068
2025-12-19 20:26:33 - preprocess - INFO - Validation Epoch 749 | Loss: 0.274384
2025-12-19 20:26:33 - preprocess - INFO - Last model saved: results/diffusion/unet-2000-epochs-correct-data/models/last_model.pth
2025-12-19 20:26:39 - preprocess - INFO - Train Epoch 750 | Loss: 0.179576, Mean Loss: 0.181819
2025-12-19 20:26:40 - preprocess - INFO - Validation Epoch 750 | Loss: 0.295751
2025-12-19 20:26:40 - preprocess - INFO - Last model saved: results/diffusion/unet-2000-epochs-correct-data/models/last_model.pth
2025-12-19 20:27:56 - preprocess - INFO - Train Epoch 751 | Loss: 0.185866, Mean Loss: 0.185866
2025-12-19 20:27:57 - preprocess - INFO - Validation Epoch 751 | Loss: 0.340934
2025-12-19 20:27:57 - preprocess - INFO - Last model saved: results/diffusion/unet-2000-epochs-correct-data/models/last_model.pth
2025-12-19 20:28:02 - preprocess - INFO - Train Epoch 752 | Loss: 0.204744, Mean Loss: 0.195305
2025-12-19 20:28:03 - preprocess - INFO - Validation Epoch 752 | Loss: 0.303094
2025-12-19 20:28:03 - preprocess - INFO - Last model saved: results/diffusion/unet-2000-epochs-correct-data/models/last_model.pth
2025-12-19 20:28:08 - preprocess - INFO - Train Epoch 753 | Loss: 0.188784, Mean Loss: 0.193131
2025-12-19 20:28:09 - preprocess - INFO - Validation Epoch 753 | Loss: 0.300224
2025-12-19 20:28:09 - preprocess - INFO - Last model saved: results/diffusion/unet-2000-epochs-correct-data/models/last_model.pth
2025-12-19 20:28:15 - preprocess - INFO - Train Epoch 754 | Loss: 0.186893, Mean Loss: 0.191572
2025-12-19 20:28:16 - preprocess - INFO - Validation Epoch 754 | Loss: 0.334355
2025-12-19 20:28:16 - preprocess - INFO - Last model saved: results/diffusion/unet-2000-epochs-correct-data/models/last_model.pth
2025-12-19 20:28:22 - preprocess - INFO - Train Epoch 755 | Loss: 0.197941, Mean Loss: 0.192846
2025-12-19 20:28:23 - preprocess - INFO - Validation Epoch 755 | Loss: 0.349038
2025-12-19 20:28:23 - preprocess - INFO - Last model saved: results/diffusion/unet-2000-epochs-correct-data/models/last_model.pth
2025-12-19 20:28:29 - preprocess - INFO - Train Epoch 756 | Loss: 0.194924, Mean Loss: 0.193192
2025-12-19 20:28:29 - preprocess - INFO - Validation Epoch 756 | Loss: 0.275822
2025-12-19 20:28:30 - preprocess - INFO - Last model saved: results/diffusion/unet-2000-epochs-correct-data/models/last_model.pth
2025-12-19 20:28:34 - preprocess - INFO - Train Epoch 757 | Loss: 0.176582, Mean Loss: 0.190819
2025-12-19 20:28:35 - preprocess - INFO - Validation Epoch 757 | Loss: 0.323647
2025-12-19 20:28:35 - preprocess - INFO - Last model saved: results/diffusion/unet-2000-epochs-correct-data/models/last_model.pth
2025-12-19 20:28:39 - preprocess - INFO - Train Epoch 758 | Loss: 0.174298, Mean Loss: 0.188754
2025-12-19 20:28:40 - preprocess - INFO - Validation Epoch 758 | Loss: 0.276843
2025-12-19 20:28:40 - preprocess - INFO - Last model saved: results/diffusion/unet-2000-epochs-correct-data/models/last_model.pth
2025-12-19 20:28:45 - preprocess - INFO - Train Epoch 759 | Loss: 0.200638, Mean Loss: 0.190074
2025-12-19 20:28:46 - preprocess - INFO - Validation Epoch 759 | Loss: 0.271689
2025-12-19 20:28:46 - preprocess - INFO - Last model saved: results/diffusion/unet-2000-epochs-correct-data/models/last_model.pth
2025-12-19 20:28:51 - preprocess - INFO - Train Epoch 760 | Loss: 0.161675, Mean Loss: 0.187235
2025-12-19 20:28:52 - preprocess - INFO - Validation Epoch 760 | Loss: 0.303955
2025-12-19 20:28:52 - preprocess - INFO - Last model saved: results/diffusion/unet-2000-epochs-correct-data/models/last_model.pth
2025-12-19 20:30:02 - preprocess - INFO - Train Epoch 761 | Loss: 0.182146, Mean Loss: 0.182146
2025-12-19 20:30:03 - preprocess - INFO - Validation Epoch 761 | Loss: 0.314560
2025-12-19 20:30:03 - preprocess - INFO - Last model saved: results/diffusion/unet-2000-epochs-correct-data/models/last_model.pth
2025-12-19 20:30:08 - preprocess - INFO - Train Epoch 762 | Loss: 0.195876, Mean Loss: 0.189011
2025-12-19 20:30:09 - preprocess - INFO - Validation Epoch 762 | Loss: 0.340794
2025-12-19 20:30:09 - preprocess - INFO - Last model saved: results/diffusion/unet-2000-epochs-correct-data/models/last_model.pth
2025-12-19 20:30:14 - preprocess - INFO - Train Epoch 763 | Loss: 0.173251, Mean Loss: 0.183758
2025-12-19 20:30:15 - preprocess - INFO - Validation Epoch 763 | Loss: 0.311473
2025-12-19 20:30:15 - preprocess - INFO - Last model saved: results/diffusion/unet-2000-epochs-correct-data/models/last_model.pth
2025-12-19 20:30:21 - preprocess - INFO - Train Epoch 764 | Loss: 0.201518, Mean Loss: 0.188198
2025-12-19 20:30:22 - preprocess - INFO - Validation Epoch 764 | Loss: 0.326871
2025-12-19 20:30:22 - preprocess - INFO - Last model saved: results/diffusion/unet-2000-epochs-correct-data/models/last_model.pth
2025-12-19 20:30:28 - preprocess - INFO - Train Epoch 765 | Loss: 0.172465, Mean Loss: 0.185051
2025-12-19 20:30:29 - preprocess - INFO - Validation Epoch 765 | Loss: 0.286788
2025-12-19 20:30:29 - preprocess - INFO - Last model saved: results/diffusion/unet-2000-epochs-correct-data/models/last_model.pth
2025-12-19 20:30:35 - preprocess - INFO - Train Epoch 766 | Loss: 0.202294, Mean Loss: 0.187925
2025-12-19 20:30:36 - preprocess - INFO - Validation Epoch 766 | Loss: 0.303092
2025-12-19 20:30:36 - preprocess - INFO - Last model saved: results/diffusion/unet-2000-epochs-correct-data/models/last_model.pth
2025-12-19 20:30:42 - preprocess - INFO - Train Epoch 767 | Loss: 0.184738, Mean Loss: 0.187470
2025-12-19 20:30:43 - preprocess - INFO - Validation Epoch 767 | Loss: 0.274754
2025-12-19 20:30:43 - preprocess - INFO - Last model saved: results/diffusion/unet-2000-epochs-correct-data/models/last_model.pth
2025-12-19 20:30:48 - preprocess - INFO - Train Epoch 768 | Loss: 0.207506, Mean Loss: 0.189974
2025-12-19 20:30:49 - preprocess - INFO - Validation Epoch 768 | Loss: 0.299340
2025-12-19 20:30:49 - preprocess - INFO - Last model saved: results/diffusion/unet-2000-epochs-correct-data/models/last_model.pth
2025-12-19 20:30:55 - preprocess - INFO - Train Epoch 769 | Loss: 0.173879, Mean Loss: 0.188186
2025-12-19 20:30:56 - preprocess - INFO - Validation Epoch 769 | Loss: 0.367284
2025-12-19 20:30:56 - preprocess - INFO - Last model saved: results/diffusion/unet-2000-epochs-correct-data/models/last_model.pth
2025-12-19 20:31:01 - preprocess - INFO - Train Epoch 770 | Loss: 0.201109, Mean Loss: 0.189478
2025-12-19 20:31:03 - preprocess - INFO - Validation Epoch 770 | Loss: 0.276315
2025-12-19 20:31:03 - preprocess - INFO - Last model saved: results/diffusion/unet-2000-epochs-correct-data/models/last_model.pth
2025-12-19 20:32:09 - preprocess - INFO - Train Epoch 771 | Loss: 0.187443, Mean Loss: 0.187443
2025-12-19 20:32:09 - preprocess - INFO - Validation Epoch 771 | Loss: 0.361893
2025-12-19 20:32:09 - preprocess - INFO - Last model saved: results/diffusion/unet-2000-epochs-correct-data/models/last_model.pth
2025-12-19 20:32:13 - preprocess - INFO - Train Epoch 772 | Loss: 0.185583, Mean Loss: 0.186513
2025-12-19 20:32:14 - preprocess - INFO - Validation Epoch 772 | Loss: 0.328217
2025-12-19 20:32:14 - preprocess - INFO - Last model saved: results/diffusion/unet-2000-epochs-correct-data/models/last_model.pth
2025-12-19 20:32:18 - preprocess - INFO - Train Epoch 773 | Loss: 0.185765, Mean Loss: 0.186264
2025-12-19 20:32:19 - preprocess - INFO - Validation Epoch 773 | Loss: 0.291829
2025-12-19 20:32:19 - preprocess - INFO - Last model saved: results/diffusion/unet-2000-epochs-correct-data/models/last_model.pth
2025-12-19 20:32:25 - preprocess - INFO - Train Epoch 774 | Loss: 0.168288, Mean Loss: 0.181770
2025-12-19 20:32:26 - preprocess - INFO - Validation Epoch 774 | Loss: 0.302132
2025-12-19 20:32:26 - preprocess - INFO - Last model saved: results/diffusion/unet-2000-epochs-correct-data/models/last_model.pth
2025-12-19 20:32:33 - preprocess - INFO - Train Epoch 775 | Loss: 0.187619, Mean Loss: 0.182940
2025-12-19 20:32:34 - preprocess - INFO - Validation Epoch 775 | Loss: 0.266757
2025-12-19 20:32:34 - preprocess - INFO - Last model saved: results/diffusion/unet-2000-epochs-correct-data/models/last_model.pth
2025-12-19 20:32:40 - preprocess - INFO - Train Epoch 776 | Loss: 0.176495, Mean Loss: 0.181866
2025-12-19 20:32:41 - preprocess - INFO - Validation Epoch 776 | Loss: 0.313237
2025-12-19 20:32:41 - preprocess - INFO - Last model saved: results/diffusion/unet-2000-epochs-correct-data/models/last_model.pth
2025-12-19 20:32:47 - preprocess - INFO - Train Epoch 777 | Loss: 0.174842, Mean Loss: 0.180862
2025-12-19 20:32:48 - preprocess - INFO - Validation Epoch 777 | Loss: 0.319045
2025-12-19 20:32:48 - preprocess - INFO - Last model saved: results/diffusion/unet-2000-epochs-correct-data/models/last_model.pth
2025-12-19 20:32:54 - preprocess - INFO - Train Epoch 778 | Loss: 0.173101, Mean Loss: 0.179892
2025-12-19 20:32:55 - preprocess - INFO - Validation Epoch 778 | Loss: 0.292842
2025-12-19 20:32:55 - preprocess - INFO - Last model saved: results/diffusion/unet-2000-epochs-correct-data/models/last_model.pth
2025-12-19 20:33:01 - preprocess - INFO - Train Epoch 779 | Loss: 0.198625, Mean Loss: 0.181973
2025-12-19 20:33:02 - preprocess - INFO - Validation Epoch 779 | Loss: 0.294856
2025-12-19 20:33:02 - preprocess - INFO - Last model saved: results/diffusion/unet-2000-epochs-correct-data/models/last_model.pth
2025-12-19 20:33:07 - preprocess - INFO - Train Epoch 780 | Loss: 0.176068, Mean Loss: 0.181383
2025-12-19 20:33:08 - preprocess - INFO - Validation Epoch 780 | Loss: 0.288685
2025-12-19 20:33:09 - preprocess - INFO - Last model saved: results/diffusion/unet-2000-epochs-correct-data/models/last_model.pth
2025-12-19 20:34:21 - preprocess - INFO - Train Epoch 781 | Loss: 0.194538, Mean Loss: 0.194538
2025-12-19 20:34:22 - preprocess - INFO - Validation Epoch 781 | Loss: 0.297497
2025-12-19 20:34:22 - preprocess - INFO - Last model saved: results/diffusion/unet-2000-epochs-correct-data/models/last_model.pth
2025-12-19 20:34:26 - preprocess - INFO - Train Epoch 782 | Loss: 0.178443, Mean Loss: 0.186490
2025-12-19 20:34:27 - preprocess - INFO - Validation Epoch 782 | Loss: 0.315211
2025-12-19 20:34:27 - preprocess - INFO - Last model saved: results/diffusion/unet-2000-epochs-correct-data/models/last_model.pth
2025-12-19 20:34:31 - preprocess - INFO - Train Epoch 783 | Loss: 0.158079, Mean Loss: 0.177020
2025-12-19 20:34:31 - preprocess - INFO - Validation Epoch 783 | Loss: 0.297026
2025-12-19 20:34:32 - preprocess - INFO - Last model saved: results/diffusion/unet-2000-epochs-correct-data/models/last_model.pth
2025-12-19 20:34:36 - preprocess - INFO - Train Epoch 784 | Loss: 0.173207, Mean Loss: 0.176067
2025-12-19 20:34:37 - preprocess - INFO - Validation Epoch 784 | Loss: 0.310936
2025-12-19 20:34:37 - preprocess - INFO - Last model saved: results/diffusion/unet-2000-epochs-correct-data/models/last_model.pth
2025-12-19 20:34:42 - preprocess - INFO - Train Epoch 785 | Loss: 0.181313, Mean Loss: 0.177116
2025-12-19 20:34:43 - preprocess - INFO - Validation Epoch 785 | Loss: 0.317223
2025-12-19 20:34:43 - preprocess - INFO - Last model saved: results/diffusion/unet-2000-epochs-correct-data/models/last_model.pth
2025-12-19 20:34:48 - preprocess - INFO - Train Epoch 786 | Loss: 0.191832, Mean Loss: 0.179569
2025-12-19 20:34:49 - preprocess - INFO - Validation Epoch 786 | Loss: 0.315633
2025-12-19 20:34:49 - preprocess - INFO - Last model saved: results/diffusion/unet-2000-epochs-correct-data/models/last_model.pth
2025-12-19 20:34:54 - preprocess - INFO - Train Epoch 787 | Loss: 0.173310, Mean Loss: 0.178675
2025-12-19 20:34:55 - preprocess - INFO - Validation Epoch 787 | Loss: 0.272221
2025-12-19 20:34:55 - preprocess - INFO - Last model saved: results/diffusion/unet-2000-epochs-correct-data/models/last_model.pth
2025-12-19 20:35:00 - preprocess - INFO - Train Epoch 788 | Loss: 0.196872, Mean Loss: 0.180949
2025-12-19 20:35:01 - preprocess - INFO - Validation Epoch 788 | Loss: 0.277635
2025-12-19 20:35:01 - preprocess - INFO - Last model saved: results/diffusion/unet-2000-epochs-correct-data/models/last_model.pth
2025-12-19 20:35:06 - preprocess - INFO - Train Epoch 789 | Loss: 0.177328, Mean Loss: 0.180547
2025-12-19 20:35:07 - preprocess - INFO - Validation Epoch 789 | Loss: 0.344303
2025-12-19 20:35:07 - preprocess - INFO - Last model saved: results/diffusion/unet-2000-epochs-correct-data/models/last_model.pth
2025-12-19 20:35:12 - preprocess - INFO - Train Epoch 790 | Loss: 0.187782, Mean Loss: 0.181271
2025-12-19 20:35:13 - preprocess - INFO - Validation Epoch 790 | Loss: 0.324802
2025-12-19 20:35:13 - preprocess - INFO - Last model saved: results/diffusion/unet-2000-epochs-correct-data/models/last_model.pth
2025-12-19 20:36:33 - preprocess - INFO - Train Epoch 791 | Loss: 0.193938, Mean Loss: 0.193938
2025-12-19 20:36:34 - preprocess - INFO - Validation Epoch 791 | Loss: 0.279053
2025-12-19 20:36:34 - preprocess - INFO - Last model saved: results/diffusion/unet-2000-epochs-correct-data/models/last_model.pth
2025-12-19 20:36:38 - preprocess - INFO - Train Epoch 792 | Loss: 0.189687, Mean Loss: 0.191813
2025-12-19 20:36:39 - preprocess - INFO - Validation Epoch 792 | Loss: 0.344697
2025-12-19 20:36:39 - preprocess - INFO - Last model saved: results/diffusion/unet-2000-epochs-correct-data/models/last_model.pth
2025-12-19 20:36:43 - preprocess - INFO - Train Epoch 793 | Loss: 0.188398, Mean Loss: 0.190674
2025-12-19 20:36:44 - preprocess - INFO - Validation Epoch 793 | Loss: 0.314871
2025-12-19 20:36:44 - preprocess - INFO - Last model saved: results/diffusion/unet-2000-epochs-correct-data/models/last_model.pth
2025-12-19 20:36:49 - preprocess - INFO - Train Epoch 794 | Loss: 0.196733, Mean Loss: 0.192189
2025-12-19 20:36:50 - preprocess - INFO - Validation Epoch 794 | Loss: 0.268548
2025-12-19 20:36:50 - preprocess - INFO - Last model saved: results/diffusion/unet-2000-epochs-correct-data/models/last_model.pth
2025-12-19 20:36:55 - preprocess - INFO - Train Epoch 795 | Loss: 0.189528, Mean Loss: 0.191657
2025-12-19 20:36:55 - preprocess - INFO - Validation Epoch 795 | Loss: 0.353275
2025-12-19 20:36:55 - preprocess - INFO - Last model saved: results/diffusion/unet-2000-epochs-correct-data/models/last_model.pth
2025-12-19 20:37:00 - preprocess - INFO - Train Epoch 796 | Loss: 0.164531, Mean Loss: 0.187136
2025-12-19 20:37:01 - preprocess - INFO - Validation Epoch 796 | Loss: 0.278001
2025-12-19 20:37:01 - preprocess - INFO - Last model saved: results/diffusion/unet-2000-epochs-correct-data/models/last_model.pth
2025-12-19 20:37:06 - preprocess - INFO - Train Epoch 797 | Loss: 0.173579, Mean Loss: 0.185199
2025-12-19 20:37:07 - preprocess - INFO - Validation Epoch 797 | Loss: 0.296332
2025-12-19 20:37:07 - preprocess - INFO - Last model saved: results/diffusion/unet-2000-epochs-correct-data/models/last_model.pth
2025-12-19 20:37:12 - preprocess - INFO - Train Epoch 798 | Loss: 0.178542, Mean Loss: 0.184367
2025-12-19 20:37:13 - preprocess - INFO - Validation Epoch 798 | Loss: 0.334098
2025-12-19 20:37:13 - preprocess - INFO - Last model saved: results/diffusion/unet-2000-epochs-correct-data/models/last_model.pth
2025-12-19 20:37:18 - preprocess - INFO - Train Epoch 799 | Loss: 0.185085, Mean Loss: 0.184447
2025-12-19 20:37:19 - preprocess - INFO - Validation Epoch 799 | Loss: 0.336143
2025-12-19 20:37:19 - preprocess - INFO - Last model saved: results/diffusion/unet-2000-epochs-correct-data/models/last_model.pth
2025-12-19 20:37:25 - preprocess - INFO - Train Epoch 800 | Loss: 0.171505, Mean Loss: 0.183153
2025-12-19 20:37:26 - preprocess - INFO - Validation Epoch 800 | Loss: 0.323900
2025-12-19 20:37:26 - preprocess - INFO - Last model saved: results/diffusion/unet-2000-epochs-correct-data/models/last_model.pth
2025-12-19 20:38:40 - preprocess - INFO - Train Epoch 801 | Loss: 0.157573, Mean Loss: 0.157573
2025-12-19 20:38:41 - preprocess - INFO - Validation Epoch 801 | Loss: 0.380871
2025-12-19 20:38:41 - preprocess - INFO - Last model saved: results/diffusion/unet-2000-epochs-correct-data/models/last_model.pth
2025-12-19 20:38:46 - preprocess - INFO - Train Epoch 802 | Loss: 0.196755, Mean Loss: 0.177164
2025-12-19 20:38:47 - preprocess - INFO - Validation Epoch 802 | Loss: 0.274448
2025-12-19 20:38:47 - preprocess - INFO - Last model saved: results/diffusion/unet-2000-epochs-correct-data/models/last_model.pth
2025-12-19 20:38:52 - preprocess - INFO - Train Epoch 803 | Loss: 0.188415, Mean Loss: 0.180914
2025-12-19 20:38:53 - preprocess - INFO - Validation Epoch 803 | Loss: 0.319751
2025-12-19 20:38:53 - preprocess - INFO - Last model saved: results/diffusion/unet-2000-epochs-correct-data/models/last_model.pth
2025-12-19 20:38:59 - preprocess - INFO - Train Epoch 804 | Loss: 0.169728, Mean Loss: 0.178118
2025-12-19 20:39:00 - preprocess - INFO - Validation Epoch 804 | Loss: 0.310291
2025-12-19 20:39:00 - preprocess - INFO - Last model saved: results/diffusion/unet-2000-epochs-correct-data/models/last_model.pth
2025-12-19 20:39:06 - preprocess - INFO - Train Epoch 805 | Loss: 0.171826, Mean Loss: 0.176859
2025-12-19 20:39:07 - preprocess - INFO - Validation Epoch 805 | Loss: 0.274363
2025-12-19 20:39:07 - preprocess - INFO - Last model saved: results/diffusion/unet-2000-epochs-correct-data/models/last_model.pth
2025-12-19 20:39:13 - preprocess - INFO - Train Epoch 806 | Loss: 0.173458, Mean Loss: 0.176292
2025-12-19 20:39:14 - preprocess - INFO - Validation Epoch 806 | Loss: 0.278784
2025-12-19 20:39:14 - preprocess - INFO - Last model saved: results/diffusion/unet-2000-epochs-correct-data/models/last_model.pth
2025-12-19 20:39:19 - preprocess - INFO - Train Epoch 807 | Loss: 0.173136, Mean Loss: 0.175842
2025-12-19 20:39:20 - preprocess - INFO - Validation Epoch 807 | Loss: 0.291893
2025-12-19 20:39:21 - preprocess - INFO - Last model saved: results/diffusion/unet-2000-epochs-correct-data/models/last_model.pth
2025-12-19 20:39:26 - preprocess - INFO - Train Epoch 808 | Loss: 0.173490, Mean Loss: 0.175548
2025-12-19 20:39:27 - preprocess - INFO - Validation Epoch 808 | Loss: 0.289807
2025-12-19 20:39:27 - preprocess - INFO - Last model saved: results/diffusion/unet-2000-epochs-correct-data/models/last_model.pth
2025-12-19 20:39:32 - preprocess - INFO - Train Epoch 809 | Loss: 0.190231, Mean Loss: 0.177179
2025-12-19 20:39:33 - preprocess - INFO - Validation Epoch 809 | Loss: 0.255894
2025-12-19 20:39:33 - preprocess - INFO - Last model saved: results/diffusion/unet-2000-epochs-correct-data/models/last_model.pth
2025-12-19 20:39:38 - preprocess - INFO - Train Epoch 810 | Loss: 0.174984, Mean Loss: 0.176960
2025-12-19 20:39:38 - preprocess - INFO - Validation Epoch 810 | Loss: 0.265137
2025-12-19 20:39:38 - preprocess - INFO - Last model saved: results/diffusion/unet-2000-epochs-correct-data/models/last_model.pth
2025-12-19 20:40:46 - preprocess - INFO - Train Epoch 811 | Loss: 0.161078, Mean Loss: 0.161078
2025-12-19 20:40:46 - preprocess - INFO - Validation Epoch 811 | Loss: 0.328415
2025-12-19 20:40:47 - preprocess - INFO - Last model saved: results/diffusion/unet-2000-epochs-correct-data/models/last_model.pth
2025-12-19 20:40:51 - preprocess - INFO - Train Epoch 812 | Loss: 0.187900, Mean Loss: 0.174489
2025-12-19 20:40:52 - preprocess - INFO - Validation Epoch 812 | Loss: 0.345614
2025-12-19 20:40:52 - preprocess - INFO - Last model saved: results/diffusion/unet-2000-epochs-correct-data/models/last_model.pth
2025-12-19 20:40:58 - preprocess - INFO - Train Epoch 813 | Loss: 0.176596, Mean Loss: 0.175191
2025-12-19 20:40:59 - preprocess - INFO - Validation Epoch 813 | Loss: 0.290227
2025-12-19 20:40:59 - preprocess - INFO - Last model saved: results/diffusion/unet-2000-epochs-correct-data/models/last_model.pth
2025-12-19 20:41:04 - preprocess - INFO - Train Epoch 814 | Loss: 0.190026, Mean Loss: 0.178900
2025-12-19 20:41:05 - preprocess - INFO - Validation Epoch 814 | Loss: 0.376173
2025-12-19 20:41:06 - preprocess - INFO - Last model saved: results/diffusion/unet-2000-epochs-correct-data/models/last_model.pth
2025-12-19 20:41:11 - preprocess - INFO - Train Epoch 815 | Loss: 0.182405, Mean Loss: 0.179601
2025-12-19 20:41:12 - preprocess - INFO - Validation Epoch 815 | Loss: 0.321020
2025-12-19 20:41:12 - preprocess - INFO - Last model saved: results/diffusion/unet-2000-epochs-correct-data/models/last_model.pth
2025-12-19 20:41:18 - preprocess - INFO - Train Epoch 816 | Loss: 0.167921, Mean Loss: 0.177654
2025-12-19 20:41:19 - preprocess - INFO - Validation Epoch 816 | Loss: 0.289857
2025-12-19 20:41:19 - preprocess - INFO - Last model saved: results/diffusion/unet-2000-epochs-correct-data/models/last_model.pth
2025-12-19 20:41:25 - preprocess - INFO - Train Epoch 817 | Loss: 0.186436, Mean Loss: 0.178909
2025-12-19 20:41:26 - preprocess - INFO - Validation Epoch 817 | Loss: 0.276735
2025-12-19 20:41:26 - preprocess - INFO - Last model saved: results/diffusion/unet-2000-epochs-correct-data/models/last_model.pth
2025-12-19 20:41:32 - preprocess - INFO - Train Epoch 818 | Loss: 0.207625, Mean Loss: 0.182498
2025-12-19 20:41:33 - preprocess - INFO - Validation Epoch 818 | Loss: 0.279872
2025-12-19 20:41:33 - preprocess - INFO - Last model saved: results/diffusion/unet-2000-epochs-correct-data/models/last_model.pth
2025-12-19 20:41:39 - preprocess - INFO - Train Epoch 819 | Loss: 0.177659, Mean Loss: 0.181961
2025-12-19 20:41:40 - preprocess - INFO - Validation Epoch 819 | Loss: 0.411967
2025-12-19 20:41:40 - preprocess - INFO - Last model saved: results/diffusion/unet-2000-epochs-correct-data/models/last_model.pth
2025-12-19 20:41:46 - preprocess - INFO - Train Epoch 820 | Loss: 0.171708, Mean Loss: 0.180936
2025-12-19 20:41:47 - preprocess - INFO - Validation Epoch 820 | Loss: 0.232313
2025-12-19 20:41:47 - preprocess - INFO - Last model saved: results/diffusion/unet-2000-epochs-correct-data/models/last_model.pth
2025-12-19 20:42:55 - preprocess - INFO - Train Epoch 821 | Loss: 0.156329, Mean Loss: 0.156329
2025-12-19 20:42:55 - preprocess - INFO - Validation Epoch 821 | Loss: 0.282884
2025-12-19 20:42:55 - preprocess - INFO - Last model saved: results/diffusion/unet-2000-epochs-correct-data/models/last_model.pth
2025-12-19 20:42:59 - preprocess - INFO - Train Epoch 822 | Loss: 0.192635, Mean Loss: 0.174482
2025-12-19 20:43:00 - preprocess - INFO - Validation Epoch 822 | Loss: 0.278647
2025-12-19 20:43:00 - preprocess - INFO - Last model saved: results/diffusion/unet-2000-epochs-correct-data/models/last_model.pth
2025-12-19 20:43:04 - preprocess - INFO - Train Epoch 823 | Loss: 0.152348, Mean Loss: 0.167104
2025-12-19 20:43:05 - preprocess - INFO - Validation Epoch 823 | Loss: 0.295645
2025-12-19 20:43:05 - preprocess - INFO - Last model saved: results/diffusion/unet-2000-epochs-correct-data/models/last_model.pth
2025-12-19 20:43:10 - preprocess - INFO - Train Epoch 824 | Loss: 0.176120, Mean Loss: 0.169358
2025-12-19 20:43:11 - preprocess - INFO - Validation Epoch 824 | Loss: 0.313406
2025-12-19 20:43:11 - preprocess - INFO - Last model saved: results/diffusion/unet-2000-epochs-correct-data/models/last_model.pth
2025-12-19 20:43:17 - preprocess - INFO - Train Epoch 825 | Loss: 0.181356, Mean Loss: 0.171758
2025-12-19 20:43:18 - preprocess - INFO - Validation Epoch 825 | Loss: 0.322203
2025-12-19 20:43:18 - preprocess - INFO - Last model saved: results/diffusion/unet-2000-epochs-correct-data/models/last_model.pth
2025-12-19 20:43:23 - preprocess - INFO - Train Epoch 826 | Loss: 0.162083, Mean Loss: 0.170145
2025-12-19 20:43:25 - preprocess - INFO - Validation Epoch 826 | Loss: 0.252807
2025-12-19 20:43:25 - preprocess - INFO - Last model saved: results/diffusion/unet-2000-epochs-correct-data/models/last_model.pth
2025-12-19 20:43:30 - preprocess - INFO - Train Epoch 827 | Loss: 0.183145, Mean Loss: 0.172002
2025-12-19 20:43:31 - preprocess - INFO - Validation Epoch 827 | Loss: 0.308165
2025-12-19 20:43:32 - preprocess - INFO - Last model saved: results/diffusion/unet-2000-epochs-correct-data/models/last_model.pth
2025-12-19 20:43:37 - preprocess - INFO - Train Epoch 828 | Loss: 0.177380, Mean Loss: 0.172675
2025-12-19 20:43:39 - preprocess - INFO - Validation Epoch 828 | Loss: 0.344728
2025-12-19 20:43:39 - preprocess - INFO - Last model saved: results/diffusion/unet-2000-epochs-correct-data/models/last_model.pth
2025-12-19 20:43:44 - preprocess - INFO - Train Epoch 829 | Loss: 0.178987, Mean Loss: 0.173376
2025-12-19 20:43:45 - preprocess - INFO - Validation Epoch 829 | Loss: 0.324270
2025-12-19 20:43:45 - preprocess - INFO - Last model saved: results/diffusion/unet-2000-epochs-correct-data/models/last_model.pth
2025-12-19 20:43:51 - preprocess - INFO - Train Epoch 830 | Loss: 0.175039, Mean Loss: 0.173542
2025-12-19 20:43:52 - preprocess - INFO - Validation Epoch 830 | Loss: 0.323913
2025-12-19 20:43:52 - preprocess - INFO - Last model saved: results/diffusion/unet-2000-epochs-correct-data/models/last_model.pth
2025-12-19 20:45:08 - preprocess - INFO - Train Epoch 831 | Loss: 0.182313, Mean Loss: 0.182313
2025-12-19 20:45:08 - preprocess - INFO - Validation Epoch 831 | Loss: 0.330466
2025-12-19 20:45:08 - preprocess - INFO - Last model saved: results/diffusion/unet-2000-epochs-correct-data/models/last_model.pth
2025-12-19 20:45:12 - preprocess - INFO - Train Epoch 832 | Loss: 0.181459, Mean Loss: 0.181886
2025-12-19 20:45:13 - preprocess - INFO - Validation Epoch 832 | Loss: 0.270631
2025-12-19 20:45:13 - preprocess - INFO - Last model saved: results/diffusion/unet-2000-epochs-correct-data/models/last_model.pth
2025-12-19 20:45:17 - preprocess - INFO - Train Epoch 833 | Loss: 0.158218, Mean Loss: 0.173997
2025-12-19 20:45:18 - preprocess - INFO - Validation Epoch 833 | Loss: 0.293499
2025-12-19 20:45:18 - preprocess - INFO - Last model saved: results/diffusion/unet-2000-epochs-correct-data/models/last_model.pth
2025-12-19 20:45:23 - preprocess - INFO - Train Epoch 834 | Loss: 0.152678, Mean Loss: 0.168667
2025-12-19 20:45:23 - preprocess - INFO - Validation Epoch 834 | Loss: 0.313229
2025-12-19 20:45:23 - preprocess - INFO - Last model saved: results/diffusion/unet-2000-epochs-correct-data/models/last_model.pth
2025-12-19 20:45:28 - preprocess - INFO - Train Epoch 835 | Loss: 0.182333, Mean Loss: 0.171400
2025-12-19 20:45:29 - preprocess - INFO - Validation Epoch 835 | Loss: 0.307225
2025-12-19 20:45:29 - preprocess - INFO - Last model saved: results/diffusion/unet-2000-epochs-correct-data/models/last_model.pth
2025-12-19 20:45:34 - preprocess - INFO - Train Epoch 836 | Loss: 0.173631, Mean Loss: 0.171772
2025-12-19 20:45:35 - preprocess - INFO - Validation Epoch 836 | Loss: 0.290329
2025-12-19 20:45:35 - preprocess - INFO - Last model saved: results/diffusion/unet-2000-epochs-correct-data/models/last_model.pth
2025-12-19 20:45:40 - preprocess - INFO - Train Epoch 837 | Loss: 0.170750, Mean Loss: 0.171626
2025-12-19 20:45:41 - preprocess - INFO - Validation Epoch 837 | Loss: 0.267192
2025-12-19 20:45:41 - preprocess - INFO - Last model saved: results/diffusion/unet-2000-epochs-correct-data/models/last_model.pth
2025-12-19 20:45:46 - preprocess - INFO - Train Epoch 838 | Loss: 0.171250, Mean Loss: 0.171579
2025-12-19 20:45:47 - preprocess - INFO - Validation Epoch 838 | Loss: 0.291198
2025-12-19 20:45:47 - preprocess - INFO - Last model saved: results/diffusion/unet-2000-epochs-correct-data/models/last_model.pth
2025-12-19 20:45:52 - preprocess - INFO - Train Epoch 839 | Loss: 0.187775, Mean Loss: 0.173378
2025-12-19 20:45:53 - preprocess - INFO - Validation Epoch 839 | Loss: 0.296517
2025-12-19 20:45:53 - preprocess - INFO - Last model saved: results/diffusion/unet-2000-epochs-correct-data/models/last_model.pth
2025-12-19 20:45:58 - preprocess - INFO - Train Epoch 840 | Loss: 0.171033, Mean Loss: 0.173144
2025-12-19 20:45:59 - preprocess - INFO - Validation Epoch 840 | Loss: 0.265743
2025-12-19 20:45:59 - preprocess - INFO - Last model saved: results/diffusion/unet-2000-epochs-correct-data/models/last_model.pth
2025-12-19 20:47:17 - preprocess - INFO - Train Epoch 841 | Loss: 0.189231, Mean Loss: 0.189231
2025-12-19 20:47:18 - preprocess - INFO - Validation Epoch 841 | Loss: 0.356368
2025-12-19 20:47:18 - preprocess - INFO - Last model saved: results/diffusion/unet-2000-epochs-correct-data/models/last_model.pth
2025-12-19 20:47:23 - preprocess - INFO - Train Epoch 842 | Loss: 0.172786, Mean Loss: 0.181008
2025-12-19 20:47:24 - preprocess - INFO - Validation Epoch 842 | Loss: 0.316490
2025-12-19 20:47:24 - preprocess - INFO - Last model saved: results/diffusion/unet-2000-epochs-correct-data/models/last_model.pth
2025-12-19 20:47:29 - preprocess - INFO - Train Epoch 843 | Loss: 0.185618, Mean Loss: 0.182545
2025-12-19 20:47:30 - preprocess - INFO - Validation Epoch 843 | Loss: 0.345113
2025-12-19 20:47:30 - preprocess - INFO - Last model saved: results/diffusion/unet-2000-epochs-correct-data/models/last_model.pth
2025-12-19 20:47:35 - preprocess - INFO - Train Epoch 844 | Loss: 0.158688, Mean Loss: 0.176581
2025-12-19 20:47:36 - preprocess - INFO - Validation Epoch 844 | Loss: 0.295161
2025-12-19 20:47:36 - preprocess - INFO - Last model saved: results/diffusion/unet-2000-epochs-correct-data/models/last_model.pth
2025-12-19 20:47:41 - preprocess - INFO - Train Epoch 845 | Loss: 0.156998, Mean Loss: 0.172664
2025-12-19 20:47:42 - preprocess - INFO - Validation Epoch 845 | Loss: 0.379620
2025-12-19 20:47:42 - preprocess - INFO - Last model saved: results/diffusion/unet-2000-epochs-correct-data/models/last_model.pth
2025-12-19 20:47:47 - preprocess - INFO - Train Epoch 846 | Loss: 0.174641, Mean Loss: 0.172994
2025-12-19 20:47:48 - preprocess - INFO - Validation Epoch 846 | Loss: 0.351766
2025-12-19 20:47:48 - preprocess - INFO - Last model saved: results/diffusion/unet-2000-epochs-correct-data/models/last_model.pth
2025-12-19 20:47:53 - preprocess - INFO - Train Epoch 847 | Loss: 0.174067, Mean Loss: 0.173147
2025-12-19 20:47:54 - preprocess - INFO - Validation Epoch 847 | Loss: 0.304092
2025-12-19 20:47:54 - preprocess - INFO - Last model saved: results/diffusion/unet-2000-epochs-correct-data/models/last_model.pth
2025-12-19 20:47:59 - preprocess - INFO - Train Epoch 848 | Loss: 0.185182, Mean Loss: 0.174651
2025-12-19 20:48:00 - preprocess - INFO - Validation Epoch 848 | Loss: 0.303080
2025-12-19 20:48:00 - preprocess - INFO - Last model saved: results/diffusion/unet-2000-epochs-correct-data/models/last_model.pth
2025-12-19 20:48:05 - preprocess - INFO - Train Epoch 849 | Loss: 0.163984, Mean Loss: 0.173466
2025-12-19 20:48:05 - preprocess - INFO - Validation Epoch 849 | Loss: 0.311828
2025-12-19 20:48:06 - preprocess - INFO - Last model saved: results/diffusion/unet-2000-epochs-correct-data/models/last_model.pth
2025-12-19 20:48:12 - preprocess - INFO - Train Epoch 850 | Loss: 0.194550, Mean Loss: 0.175574
2025-12-19 20:48:12 - preprocess - INFO - Validation Epoch 850 | Loss: 0.268356
2025-12-19 20:48:12 - preprocess - INFO - Last model saved: results/diffusion/unet-2000-epochs-correct-data/models/last_model.pth
2025-12-19 20:49:24 - preprocess - INFO - Train Epoch 851 | Loss: 0.168150, Mean Loss: 0.168150
2025-12-19 20:49:25 - preprocess - INFO - Validation Epoch 851 | Loss: 0.255420
2025-12-19 20:49:25 - preprocess - INFO - Last model saved: results/diffusion/unet-2000-epochs-correct-data/models/last_model.pth
2025-12-19 20:49:30 - preprocess - INFO - Train Epoch 852 | Loss: 0.188519, Mean Loss: 0.178334
2025-12-19 20:49:31 - preprocess - INFO - Validation Epoch 852 | Loss: 0.319052
2025-12-19 20:49:31 - preprocess - INFO - Last model saved: results/diffusion/unet-2000-epochs-correct-data/models/last_model.pth
2025-12-19 20:49:36 - preprocess - INFO - Train Epoch 853 | Loss: 0.188132, Mean Loss: 0.181600
2025-12-19 20:49:37 - preprocess - INFO - Validation Epoch 853 | Loss: 0.283267
2025-12-19 20:49:37 - preprocess - INFO - Last model saved: results/diffusion/unet-2000-epochs-correct-data/models/last_model.pth
2025-12-19 20:49:43 - preprocess - INFO - Train Epoch 854 | Loss: 0.168861, Mean Loss: 0.178415
2025-12-19 20:49:44 - preprocess - INFO - Validation Epoch 854 | Loss: 0.343741
2025-12-19 20:49:44 - preprocess - INFO - Last model saved: results/diffusion/unet-2000-epochs-correct-data/models/last_model.pth
2025-12-19 20:49:50 - preprocess - INFO - Train Epoch 855 | Loss: 0.174646, Mean Loss: 0.177662
2025-12-19 20:49:51 - preprocess - INFO - Validation Epoch 855 | Loss: 0.345017
2025-12-19 20:49:51 - preprocess - INFO - Last model saved: results/diffusion/unet-2000-epochs-correct-data/models/last_model.pth
2025-12-19 20:49:57 - preprocess - INFO - Train Epoch 856 | Loss: 0.186582, Mean Loss: 0.179148
2025-12-19 20:49:58 - preprocess - INFO - Validation Epoch 856 | Loss: 0.327886
2025-12-19 20:49:58 - preprocess - INFO - Last model saved: results/diffusion/unet-2000-epochs-correct-data/models/last_model.pth
2025-12-19 20:50:04 - preprocess - INFO - Train Epoch 857 | Loss: 0.159771, Mean Loss: 0.176380
2025-12-19 20:50:05 - preprocess - INFO - Validation Epoch 857 | Loss: 0.321960
2025-12-19 20:50:05 - preprocess - INFO - Last model saved: results/diffusion/unet-2000-epochs-correct-data/models/last_model.pth
2025-12-19 20:50:10 - preprocess - INFO - Train Epoch 858 | Loss: 0.176040, Mean Loss: 0.176338
2025-12-19 20:50:11 - preprocess - INFO - Validation Epoch 858 | Loss: 0.240178
2025-12-19 20:50:11 - preprocess - INFO - Last model saved: results/diffusion/unet-2000-epochs-correct-data/models/last_model.pth
2025-12-19 20:50:17 - preprocess - INFO - Train Epoch 859 | Loss: 0.162860, Mean Loss: 0.174840
2025-12-19 20:50:18 - preprocess - INFO - Validation Epoch 859 | Loss: 0.335346
2025-12-19 20:50:18 - preprocess - INFO - Last model saved: results/diffusion/unet-2000-epochs-correct-data/models/last_model.pth
2025-12-19 20:50:24 - preprocess - INFO - Train Epoch 860 | Loss: 0.192353, Mean Loss: 0.176591
2025-12-19 20:50:25 - preprocess - INFO - Validation Epoch 860 | Loss: 0.317603
2025-12-19 20:50:25 - preprocess - INFO - Last model saved: results/diffusion/unet-2000-epochs-correct-data/models/last_model.pth
2025-12-19 20:51:30 - preprocess - INFO - Train Epoch 861 | Loss: 0.197748, Mean Loss: 0.197748
2025-12-19 20:51:30 - preprocess - INFO - Validation Epoch 861 | Loss: 0.299311
2025-12-19 20:51:30 - preprocess - INFO - Last model saved: results/diffusion/unet-2000-epochs-correct-data/models/last_model.pth
2025-12-19 20:51:36 - preprocess - INFO - Train Epoch 862 | Loss: 0.157176, Mean Loss: 0.177462
2025-12-19 20:51:36 - preprocess - INFO - Validation Epoch 862 | Loss: 0.316976
2025-12-19 20:51:36 - preprocess - INFO - Last model saved: results/diffusion/unet-2000-epochs-correct-data/models/last_model.pth
2025-12-19 20:51:42 - preprocess - INFO - Train Epoch 863 | Loss: 0.180710, Mean Loss: 0.178545
2025-12-19 20:51:42 - preprocess - INFO - Validation Epoch 863 | Loss: 0.371309
2025-12-19 20:51:43 - preprocess - INFO - Last model saved: results/diffusion/unet-2000-epochs-correct-data/models/last_model.pth
2025-12-19 20:51:48 - preprocess - INFO - Train Epoch 864 | Loss: 0.182412, Mean Loss: 0.179511
2025-12-19 20:51:49 - preprocess - INFO - Validation Epoch 864 | Loss: 0.355561
2025-12-19 20:51:49 - preprocess - INFO - Last model saved: results/diffusion/unet-2000-epochs-correct-data/models/last_model.pth
2025-12-19 20:51:55 - preprocess - INFO - Train Epoch 865 | Loss: 0.167663, Mean Loss: 0.177142
2025-12-19 20:51:56 - preprocess - INFO - Validation Epoch 865 | Loss: 0.300676
2025-12-19 20:51:56 - preprocess - INFO - Last model saved: results/diffusion/unet-2000-epochs-correct-data/models/last_model.pth
2025-12-19 20:52:02 - preprocess - INFO - Train Epoch 866 | Loss: 0.177774, Mean Loss: 0.177247
2025-12-19 20:52:03 - preprocess - INFO - Validation Epoch 866 | Loss: 0.334062
2025-12-19 20:52:03 - preprocess - INFO - Last model saved: results/diffusion/unet-2000-epochs-correct-data/models/last_model.pth
2025-12-19 20:52:09 - preprocess - INFO - Train Epoch 867 | Loss: 0.167145, Mean Loss: 0.175804
2025-12-19 20:52:10 - preprocess - INFO - Validation Epoch 867 | Loss: 0.283076
2025-12-19 20:52:10 - preprocess - INFO - Last model saved: results/diffusion/unet-2000-epochs-correct-data/models/last_model.pth
2025-12-19 20:52:16 - preprocess - INFO - Train Epoch 868 | Loss: 0.188897, Mean Loss: 0.177441
2025-12-19 20:52:17 - preprocess - INFO - Validation Epoch 868 | Loss: 0.344927
2025-12-19 20:52:17 - preprocess - INFO - Last model saved: results/diffusion/unet-2000-epochs-correct-data/models/last_model.pth
2025-12-19 20:52:23 - preprocess - INFO - Train Epoch 869 | Loss: 0.159620, Mean Loss: 0.175461
2025-12-19 20:52:24 - preprocess - INFO - Validation Epoch 869 | Loss: 0.279587
2025-12-19 20:52:24 - preprocess - INFO - Last model saved: results/diffusion/unet-2000-epochs-correct-data/models/last_model.pth
2025-12-19 20:52:30 - preprocess - INFO - Train Epoch 870 | Loss: 0.152454, Mean Loss: 0.173160
2025-12-19 20:52:31 - preprocess - INFO - Validation Epoch 870 | Loss: 0.304415
2025-12-19 20:52:31 - preprocess - INFO - Last model saved: results/diffusion/unet-2000-epochs-correct-data/models/last_model.pth
2025-12-19 20:53:41 - preprocess - INFO - Train Epoch 871 | Loss: 0.169611, Mean Loss: 0.169611
2025-12-19 20:53:42 - preprocess - INFO - Validation Epoch 871 | Loss: 0.408260
2025-12-19 20:53:42 - preprocess - INFO - Last model saved: results/diffusion/unet-2000-epochs-correct-data/models/last_model.pth
2025-12-19 20:53:46 - preprocess - INFO - Train Epoch 872 | Loss: 0.199218, Mean Loss: 0.184414
2025-12-19 20:53:47 - preprocess - INFO - Validation Epoch 872 | Loss: 0.280292
2025-12-19 20:53:47 - preprocess - INFO - Last model saved: results/diffusion/unet-2000-epochs-correct-data/models/last_model.pth
2025-12-19 20:53:51 - preprocess - INFO - Train Epoch 873 | Loss: 0.163074, Mean Loss: 0.177301
2025-12-19 20:53:52 - preprocess - INFO - Validation Epoch 873 | Loss: 0.372887
2025-12-19 20:53:52 - preprocess - INFO - Last model saved: results/diffusion/unet-2000-epochs-correct-data/models/last_model.pth
2025-12-19 20:53:57 - preprocess - INFO - Train Epoch 874 | Loss: 0.170588, Mean Loss: 0.175623
2025-12-19 20:53:57 - preprocess - INFO - Validation Epoch 874 | Loss: 0.349693
2025-12-19 20:53:58 - preprocess - INFO - Last model saved: results/diffusion/unet-2000-epochs-correct-data/models/last_model.pth
2025-12-19 20:54:03 - preprocess - INFO - Train Epoch 875 | Loss: 0.149825, Mean Loss: 0.170463
2025-12-19 20:54:04 - preprocess - INFO - Validation Epoch 875 | Loss: 0.301898
2025-12-19 20:54:04 - preprocess - INFO - Last model saved: results/diffusion/unet-2000-epochs-correct-data/models/last_model.pth
2025-12-19 20:54:09 - preprocess - INFO - Train Epoch 876 | Loss: 0.160609, Mean Loss: 0.168821
2025-12-19 20:54:10 - preprocess - INFO - Validation Epoch 876 | Loss: 0.349342
2025-12-19 20:54:10 - preprocess - INFO - Last model saved: results/diffusion/unet-2000-epochs-correct-data/models/last_model.pth
2025-12-19 20:54:15 - preprocess - INFO - Train Epoch 877 | Loss: 0.160643, Mean Loss: 0.167653
2025-12-19 20:54:16 - preprocess - INFO - Validation Epoch 877 | Loss: 0.287585
2025-12-19 20:54:16 - preprocess - INFO - Last model saved: results/diffusion/unet-2000-epochs-correct-data/models/last_model.pth
2025-12-19 20:54:22 - preprocess - INFO - Train Epoch 878 | Loss: 0.151004, Mean Loss: 0.165572
2025-12-19 20:54:23 - preprocess - INFO - Validation Epoch 878 | Loss: 0.300439
2025-12-19 20:54:23 - preprocess - INFO - Last model saved: results/diffusion/unet-2000-epochs-correct-data/models/last_model.pth
2025-12-19 20:54:29 - preprocess - INFO - Train Epoch 879 | Loss: 0.174798, Mean Loss: 0.166597
2025-12-19 20:54:30 - preprocess - INFO - Validation Epoch 879 | Loss: 0.335057
2025-12-19 20:54:30 - preprocess - INFO - Last model saved: results/diffusion/unet-2000-epochs-correct-data/models/last_model.pth
2025-12-19 20:54:36 - preprocess - INFO - Train Epoch 880 | Loss: 0.182574, Mean Loss: 0.168195
2025-12-19 20:54:37 - preprocess - INFO - Validation Epoch 880 | Loss: 0.323055
2025-12-19 20:54:37 - preprocess - INFO - Last model saved: results/diffusion/unet-2000-epochs-correct-data/models/last_model.pth
2025-12-19 20:55:54 - preprocess - INFO - Train Epoch 881 | Loss: 0.172619, Mean Loss: 0.172619
2025-12-19 20:55:55 - preprocess - INFO - Validation Epoch 881 | Loss: 0.291390
2025-12-19 20:55:55 - preprocess - INFO - Last model saved: results/diffusion/unet-2000-epochs-correct-data/models/last_model.pth
2025-12-19 20:55:59 - preprocess - INFO - Train Epoch 882 | Loss: 0.182959, Mean Loss: 0.177789
2025-12-19 20:56:00 - preprocess - INFO - Validation Epoch 882 | Loss: 0.384833
2025-12-19 20:56:00 - preprocess - INFO - Last model saved: results/diffusion/unet-2000-epochs-correct-data/models/last_model.pth
2025-12-19 20:56:04 - preprocess - INFO - Train Epoch 883 | Loss: 0.204863, Mean Loss: 0.186814
2025-12-19 20:56:04 - preprocess - INFO - Validation Epoch 883 | Loss: 0.372182
2025-12-19 20:56:04 - preprocess - INFO - Last model saved: results/diffusion/unet-2000-epochs-correct-data/models/last_model.pth
2025-12-19 20:56:09 - preprocess - INFO - Train Epoch 884 | Loss: 0.174433, Mean Loss: 0.183718
2025-12-19 20:56:10 - preprocess - INFO - Validation Epoch 884 | Loss: 0.367816
2025-12-19 20:56:10 - preprocess - INFO - Last model saved: results/diffusion/unet-2000-epochs-correct-data/models/last_model.pth
2025-12-19 20:56:15 - preprocess - INFO - Train Epoch 885 | Loss: 0.194277, Mean Loss: 0.185830
2025-12-19 20:56:16 - preprocess - INFO - Validation Epoch 885 | Loss: 0.317268
2025-12-19 20:56:16 - preprocess - INFO - Last model saved: results/diffusion/unet-2000-epochs-correct-data/models/last_model.pth
2025-12-19 20:56:21 - preprocess - INFO - Train Epoch 886 | Loss: 0.171935, Mean Loss: 0.183514
2025-12-19 20:56:22 - preprocess - INFO - Validation Epoch 886 | Loss: 0.290657
2025-12-19 20:56:22 - preprocess - INFO - Last model saved: results/diffusion/unet-2000-epochs-correct-data/models/last_model.pth
2025-12-19 20:56:27 - preprocess - INFO - Train Epoch 887 | Loss: 0.167550, Mean Loss: 0.181234
2025-12-19 20:56:28 - preprocess - INFO - Validation Epoch 887 | Loss: 0.318787
2025-12-19 20:56:28 - preprocess - INFO - Last model saved: results/diffusion/unet-2000-epochs-correct-data/models/last_model.pth
2025-12-19 20:56:33 - preprocess - INFO - Train Epoch 888 | Loss: 0.187266, Mean Loss: 0.181988
2025-12-19 20:56:33 - preprocess - INFO - Validation Epoch 888 | Loss: 0.260317
2025-12-19 20:56:33 - preprocess - INFO - Last model saved: results/diffusion/unet-2000-epochs-correct-data/models/last_model.pth
2025-12-19 20:56:38 - preprocess - INFO - Train Epoch 889 | Loss: 0.155078, Mean Loss: 0.178998
2025-12-19 20:56:39 - preprocess - INFO - Validation Epoch 889 | Loss: 0.325666
2025-12-19 20:56:39 - preprocess - INFO - Last model saved: results/diffusion/unet-2000-epochs-correct-data/models/last_model.pth
2025-12-19 20:56:44 - preprocess - INFO - Train Epoch 890 | Loss: 0.161989, Mean Loss: 0.177297
2025-12-19 20:56:45 - preprocess - INFO - Validation Epoch 890 | Loss: 0.368408
2025-12-19 20:56:45 - preprocess - INFO - Last model saved: results/diffusion/unet-2000-epochs-correct-data/models/last_model.pth
2025-12-19 20:58:02 - preprocess - INFO - Train Epoch 891 | Loss: 0.151664, Mean Loss: 0.151664
2025-12-19 20:58:02 - preprocess - INFO - Validation Epoch 891 | Loss: 0.328721
2025-12-19 20:58:02 - preprocess - INFO - Last model saved: results/diffusion/unet-2000-epochs-correct-data/models/last_model.pth
2025-12-19 20:58:08 - preprocess - INFO - Train Epoch 892 | Loss: 0.172565, Mean Loss: 0.162114
2025-12-19 20:58:08 - preprocess - INFO - Validation Epoch 892 | Loss: 0.308235
2025-12-19 20:58:09 - preprocess - INFO - Last model saved: results/diffusion/unet-2000-epochs-correct-data/models/last_model.pth
2025-12-19 20:58:13 - preprocess - INFO - Train Epoch 893 | Loss: 0.157181, Mean Loss: 0.160470
2025-12-19 20:58:14 - preprocess - INFO - Validation Epoch 893 | Loss: 0.293727
2025-12-19 20:58:14 - preprocess - INFO - Last model saved: results/diffusion/unet-2000-epochs-correct-data/models/last_model.pth
2025-12-19 20:58:20 - preprocess - INFO - Train Epoch 894 | Loss: 0.157307, Mean Loss: 0.159679
2025-12-19 20:58:21 - preprocess - INFO - Validation Epoch 894 | Loss: 0.336869
2025-12-19 20:58:21 - preprocess - INFO - Last model saved: results/diffusion/unet-2000-epochs-correct-data/models/last_model.pth
2025-12-19 20:58:27 - preprocess - INFO - Train Epoch 895 | Loss: 0.169702, Mean Loss: 0.161684
2025-12-19 20:58:28 - preprocess - INFO - Validation Epoch 895 | Loss: 0.415055
2025-12-19 20:58:28 - preprocess - INFO - Last model saved: results/diffusion/unet-2000-epochs-correct-data/models/last_model.pth
2025-12-19 20:58:34 - preprocess - INFO - Train Epoch 896 | Loss: 0.179917, Mean Loss: 0.164723
2025-12-19 20:58:35 - preprocess - INFO - Validation Epoch 896 | Loss: 0.355995
2025-12-19 20:58:35 - preprocess - INFO - Last model saved: results/diffusion/unet-2000-epochs-correct-data/models/last_model.pth
2025-12-19 20:58:40 - preprocess - INFO - Train Epoch 897 | Loss: 0.183324, Mean Loss: 0.167380
2025-12-19 20:58:41 - preprocess - INFO - Validation Epoch 897 | Loss: 0.324802
2025-12-19 20:58:41 - preprocess - INFO - Last model saved: results/diffusion/unet-2000-epochs-correct-data/models/last_model.pth
2025-12-19 20:58:46 - preprocess - INFO - Train Epoch 898 | Loss: 0.179241, Mean Loss: 0.168863
2025-12-19 20:58:46 - preprocess - INFO - Validation Epoch 898 | Loss: 0.425165
2025-12-19 20:58:46 - preprocess - INFO - Last model saved: results/diffusion/unet-2000-epochs-correct-data/models/last_model.pth
2025-12-19 20:58:51 - preprocess - INFO - Train Epoch 899 | Loss: 0.181422, Mean Loss: 0.170258
2025-12-19 20:58:52 - preprocess - INFO - Validation Epoch 899 | Loss: 0.318729
2025-12-19 20:58:52 - preprocess - INFO - Last model saved: results/diffusion/unet-2000-epochs-correct-data/models/last_model.pth
2025-12-19 20:58:58 - preprocess - INFO - Train Epoch 900 | Loss: 0.143497, Mean Loss: 0.167582
2025-12-19 20:58:59 - preprocess - INFO - Validation Epoch 900 | Loss: 0.365548
2025-12-19 20:58:59 - preprocess - INFO - Last model saved: results/diffusion/unet-2000-epochs-correct-data/models/last_model.pth
2025-12-19 21:00:09 - preprocess - INFO - Train Epoch 901 | Loss: 0.211401, Mean Loss: 0.211401
2025-12-19 21:00:10 - preprocess - INFO - Validation Epoch 901 | Loss: 0.313189
2025-12-19 21:00:10 - preprocess - INFO - Last model saved: results/diffusion/unet-2000-epochs-correct-data/models/last_model.pth
2025-12-19 21:00:15 - preprocess - INFO - Train Epoch 902 | Loss: 0.174292, Mean Loss: 0.192847
2025-12-19 21:00:16 - preprocess - INFO - Validation Epoch 902 | Loss: 0.315973
2025-12-19 21:00:16 - preprocess - INFO - Last model saved: results/diffusion/unet-2000-epochs-correct-data/models/last_model.pth
2025-12-19 21:00:21 - preprocess - INFO - Train Epoch 903 | Loss: 0.166067, Mean Loss: 0.183920
2025-12-19 21:00:22 - preprocess - INFO - Validation Epoch 903 | Loss: 0.315588
2025-12-19 21:00:22 - preprocess - INFO - Last model saved: results/diffusion/unet-2000-epochs-correct-data/models/last_model.pth
2025-12-19 21:00:28 - preprocess - INFO - Train Epoch 904 | Loss: 0.151236, Mean Loss: 0.175749
2025-12-19 21:00:29 - preprocess - INFO - Validation Epoch 904 | Loss: 0.274507
2025-12-19 21:00:29 - preprocess - INFO - Last model saved: results/diffusion/unet-2000-epochs-correct-data/models/last_model.pth
2025-12-19 21:00:34 - preprocess - INFO - Train Epoch 905 | Loss: 0.151462, Mean Loss: 0.170892
2025-12-19 21:00:35 - preprocess - INFO - Validation Epoch 905 | Loss: 0.282419
2025-12-19 21:00:35 - preprocess - INFO - Last model saved: results/diffusion/unet-2000-epochs-correct-data/models/last_model.pth
2025-12-19 21:00:41 - preprocess - INFO - Train Epoch 906 | Loss: 0.181310, Mean Loss: 0.172628
2025-12-19 21:00:42 - preprocess - INFO - Validation Epoch 906 | Loss: 0.329971
2025-12-19 21:00:42 - preprocess - INFO - Last model saved: results/diffusion/unet-2000-epochs-correct-data/models/last_model.pth
2025-12-19 21:00:48 - preprocess - INFO - Train Epoch 907 | Loss: 0.150351, Mean Loss: 0.169446
2025-12-19 21:00:49 - preprocess - INFO - Validation Epoch 907 | Loss: 0.348326
2025-12-19 21:00:49 - preprocess - INFO - Last model saved: results/diffusion/unet-2000-epochs-correct-data/models/last_model.pth
2025-12-19 21:00:54 - preprocess - INFO - Train Epoch 908 | Loss: 0.162249, Mean Loss: 0.168546
2025-12-19 21:00:55 - preprocess - INFO - Validation Epoch 908 | Loss: 0.374583
2025-12-19 21:00:55 - preprocess - INFO - Last model saved: results/diffusion/unet-2000-epochs-correct-data/models/last_model.pth
2025-12-19 21:01:01 - preprocess - INFO - Train Epoch 909 | Loss: 0.159865, Mean Loss: 0.167582
2025-12-19 21:01:02 - preprocess - INFO - Validation Epoch 909 | Loss: 0.352529
2025-12-19 21:01:02 - preprocess - INFO - Last model saved: results/diffusion/unet-2000-epochs-correct-data/models/last_model.pth
2025-12-19 21:01:08 - preprocess - INFO - Train Epoch 910 | Loss: 0.171403, Mean Loss: 0.167964
2025-12-19 21:01:09 - preprocess - INFO - Validation Epoch 910 | Loss: 0.348420
2025-12-19 21:01:09 - preprocess - INFO - Last model saved: results/diffusion/unet-2000-epochs-correct-data/models/last_model.pth
2025-12-19 21:02:15 - preprocess - INFO - Train Epoch 911 | Loss: 0.187366, Mean Loss: 0.187366
2025-12-19 21:02:16 - preprocess - INFO - Validation Epoch 911 | Loss: 0.358343
2025-12-19 21:02:16 - preprocess - INFO - Last model saved: results/diffusion/unet-2000-epochs-correct-data/models/last_model.pth
2025-12-19 21:02:20 - preprocess - INFO - Train Epoch 912 | Loss: 0.141777, Mean Loss: 0.164571
2025-12-19 21:02:21 - preprocess - INFO - Validation Epoch 912 | Loss: 0.341576
2025-12-19 21:02:21 - preprocess - INFO - Last model saved: results/diffusion/unet-2000-epochs-correct-data/models/last_model.pth
2025-12-19 21:02:25 - preprocess - INFO - Train Epoch 913 | Loss: 0.169370, Mean Loss: 0.166171
2025-12-19 21:02:26 - preprocess - INFO - Validation Epoch 913 | Loss: 0.356433
2025-12-19 21:02:26 - preprocess - INFO - Last model saved: results/diffusion/unet-2000-epochs-correct-data/models/last_model.pth
2025-12-19 21:02:31 - preprocess - INFO - Train Epoch 914 | Loss: 0.160323, Mean Loss: 0.164709
2025-12-19 21:02:32 - preprocess - INFO - Validation Epoch 914 | Loss: 0.319237
2025-12-19 21:02:32 - preprocess - INFO - Last model saved: results/diffusion/unet-2000-epochs-correct-data/models/last_model.pth
2025-12-19 21:02:38 - preprocess - INFO - Train Epoch 915 | Loss: 0.168619, Mean Loss: 0.165491
2025-12-19 21:02:39 - preprocess - INFO - Validation Epoch 915 | Loss: 0.314962
2025-12-19 21:02:39 - preprocess - INFO - Last model saved: results/diffusion/unet-2000-epochs-correct-data/models/last_model.pth
2025-12-19 21:02:45 - preprocess - INFO - Train Epoch 916 | Loss: 0.170978, Mean Loss: 0.166405
2025-12-19 21:02:46 - preprocess - INFO - Validation Epoch 916 | Loss: 0.321622
2025-12-19 21:02:46 - preprocess - INFO - Last model saved: results/diffusion/unet-2000-epochs-correct-data/models/last_model.pth
2025-12-19 21:02:52 - preprocess - INFO - Train Epoch 917 | Loss: 0.171261, Mean Loss: 0.167099
2025-12-19 21:02:53 - preprocess - INFO - Validation Epoch 917 | Loss: 0.388541
2025-12-19 21:02:53 - preprocess - INFO - Last model saved: results/diffusion/unet-2000-epochs-correct-data/models/last_model.pth
2025-12-19 21:02:59 - preprocess - INFO - Train Epoch 918 | Loss: 0.175857, Mean Loss: 0.168194
2025-12-19 21:03:00 - preprocess - INFO - Validation Epoch 918 | Loss: 0.324732
2025-12-19 21:03:00 - preprocess - INFO - Last model saved: results/diffusion/unet-2000-epochs-correct-data/models/last_model.pth
2025-12-19 21:03:06 - preprocess - INFO - Train Epoch 919 | Loss: 0.180058, Mean Loss: 0.169512
2025-12-19 21:03:07 - preprocess - INFO - Validation Epoch 919 | Loss: 0.301283
2025-12-19 21:03:07 - preprocess - INFO - Last model saved: results/diffusion/unet-2000-epochs-correct-data/models/last_model.pth
2025-12-19 21:03:13 - preprocess - INFO - Train Epoch 920 | Loss: 0.177988, Mean Loss: 0.170360
2025-12-19 21:03:14 - preprocess - INFO - Validation Epoch 920 | Loss: 0.347003
2025-12-19 21:03:14 - preprocess - INFO - Last model saved: results/diffusion/unet-2000-epochs-correct-data/models/last_model.pth
2025-12-19 21:04:27 - preprocess - INFO - Train Epoch 921 | Loss: 0.166117, Mean Loss: 0.166117
2025-12-19 21:04:28 - preprocess - INFO - Validation Epoch 921 | Loss: 0.310426
2025-12-19 21:04:28 - preprocess - INFO - Last model saved: results/diffusion/unet-2000-epochs-correct-data/models/last_model.pth
2025-12-19 21:04:32 - preprocess - INFO - Train Epoch 922 | Loss: 0.153647, Mean Loss: 0.159882
2025-12-19 21:04:33 - preprocess - INFO - Validation Epoch 922 | Loss: 0.398444
2025-12-19 21:04:33 - preprocess - INFO - Last model saved: results/diffusion/unet-2000-epochs-correct-data/models/last_model.pth
2025-12-19 21:04:37 - preprocess - INFO - Train Epoch 923 | Loss: 0.167018, Mean Loss: 0.162261
2025-12-19 21:04:37 - preprocess - INFO - Validation Epoch 923 | Loss: 0.329591
2025-12-19 21:04:37 - preprocess - INFO - Last model saved: results/diffusion/unet-2000-epochs-correct-data/models/last_model.pth
2025-12-19 21:04:42 - preprocess - INFO - Train Epoch 924 | Loss: 0.178540, Mean Loss: 0.166331
2025-12-19 21:04:43 - preprocess - INFO - Validation Epoch 924 | Loss: 0.325251
2025-12-19 21:04:43 - preprocess - INFO - Last model saved: results/diffusion/unet-2000-epochs-correct-data/models/last_model.pth
2025-12-19 21:04:49 - preprocess - INFO - Train Epoch 925 | Loss: 0.181649, Mean Loss: 0.169394
2025-12-19 21:04:50 - preprocess - INFO - Validation Epoch 925 | Loss: 0.293065
2025-12-19 21:04:50 - preprocess - INFO - Last model saved: results/diffusion/unet-2000-epochs-correct-data/models/last_model.pth
2025-12-19 21:04:55 - preprocess - INFO - Train Epoch 926 | Loss: 0.165980, Mean Loss: 0.168825
2025-12-19 21:04:56 - preprocess - INFO - Validation Epoch 926 | Loss: 0.317838
2025-12-19 21:04:56 - preprocess - INFO - Last model saved: results/diffusion/unet-2000-epochs-correct-data/models/last_model.pth
2025-12-19 21:05:01 - preprocess - INFO - Train Epoch 927 | Loss: 0.172440, Mean Loss: 0.169342
2025-12-19 21:05:01 - preprocess - INFO - Validation Epoch 927 | Loss: 0.358944
2025-12-19 21:05:02 - preprocess - INFO - Last model saved: results/diffusion/unet-2000-epochs-correct-data/models/last_model.pth
2025-12-19 21:05:06 - preprocess - INFO - Train Epoch 928 | Loss: 0.170108, Mean Loss: 0.169438
2025-12-19 21:05:07 - preprocess - INFO - Validation Epoch 928 | Loss: 0.343709
2025-12-19 21:05:07 - preprocess - INFO - Last model saved: results/diffusion/unet-2000-epochs-correct-data/models/last_model.pth
2025-12-19 21:05:12 - preprocess - INFO - Train Epoch 929 | Loss: 0.158861, Mean Loss: 0.168262
2025-12-19 21:05:13 - preprocess - INFO - Validation Epoch 929 | Loss: 0.279622
2025-12-19 21:05:13 - preprocess - INFO - Last model saved: results/diffusion/unet-2000-epochs-correct-data/models/last_model.pth
2025-12-19 21:05:19 - preprocess - INFO - Train Epoch 930 | Loss: 0.162807, Mean Loss: 0.167717
2025-12-19 21:05:20 - preprocess - INFO - Validation Epoch 930 | Loss: 0.317217
2025-12-19 21:05:20 - preprocess - INFO - Last model saved: results/diffusion/unet-2000-epochs-correct-data/models/last_model.pth
2025-12-19 21:06:39 - preprocess - INFO - Train Epoch 931 | Loss: 0.162824, Mean Loss: 0.162824
2025-12-19 21:06:40 - preprocess - INFO - Validation Epoch 931 | Loss: 0.333197
2025-12-19 21:06:40 - preprocess - INFO - Last model saved: results/diffusion/unet-2000-epochs-correct-data/models/last_model.pth
2025-12-19 21:06:45 - preprocess - INFO - Train Epoch 932 | Loss: 0.190045, Mean Loss: 0.176434
2025-12-19 21:06:46 - preprocess - INFO - Validation Epoch 932 | Loss: 0.315644
2025-12-19 21:06:46 - preprocess - INFO - Last model saved: results/diffusion/unet-2000-epochs-correct-data/models/last_model.pth
2025-12-19 21:06:50 - preprocess - INFO - Train Epoch 933 | Loss: 0.168235, Mean Loss: 0.173701
2025-12-19 21:06:50 - preprocess - INFO - Validation Epoch 933 | Loss: 0.356651
2025-12-19 21:06:50 - preprocess - INFO - Last model saved: results/diffusion/unet-2000-epochs-correct-data/models/last_model.pth
2025-12-19 21:06:54 - preprocess - INFO - Train Epoch 934 | Loss: 0.201663, Mean Loss: 0.180692
2025-12-19 21:06:55 - preprocess - INFO - Validation Epoch 934 | Loss: 0.337662
2025-12-19 21:06:55 - preprocess - INFO - Last model saved: results/diffusion/unet-2000-epochs-correct-data/models/last_model.pth
2025-12-19 21:07:00 - preprocess - INFO - Train Epoch 935 | Loss: 0.173369, Mean Loss: 0.179227
2025-12-19 21:07:01 - preprocess - INFO - Validation Epoch 935 | Loss: 0.381527
2025-12-19 21:07:01 - preprocess - INFO - Last model saved: results/diffusion/unet-2000-epochs-correct-data/models/last_model.pth
2025-12-19 21:07:06 - preprocess - INFO - Train Epoch 936 | Loss: 0.190255, Mean Loss: 0.181065
2025-12-19 21:07:07 - preprocess - INFO - Validation Epoch 936 | Loss: 0.318386
2025-12-19 21:07:07 - preprocess - INFO - Last model saved: results/diffusion/unet-2000-epochs-correct-data/models/last_model.pth
2025-12-19 21:07:12 - preprocess - INFO - Train Epoch 937 | Loss: 0.180753, Mean Loss: 0.181021
2025-12-19 21:07:13 - preprocess - INFO - Validation Epoch 937 | Loss: 0.315564
2025-12-19 21:07:13 - preprocess - INFO - Last model saved: results/diffusion/unet-2000-epochs-correct-data/models/last_model.pth
2025-12-19 21:07:18 - preprocess - INFO - Train Epoch 938 | Loss: 0.184232, Mean Loss: 0.181422
2025-12-19 21:07:19 - preprocess - INFO - Validation Epoch 938 | Loss: 0.302805
2025-12-19 21:07:19 - preprocess - INFO - Last model saved: results/diffusion/unet-2000-epochs-correct-data/models/last_model.pth
2025-12-19 21:07:24 - preprocess - INFO - Train Epoch 939 | Loss: 0.201517, Mean Loss: 0.183655
2025-12-19 21:07:25 - preprocess - INFO - Validation Epoch 939 | Loss: 0.379911
2025-12-19 21:07:25 - preprocess - INFO - Last model saved: results/diffusion/unet-2000-epochs-correct-data/models/last_model.pth
2025-12-19 21:07:30 - preprocess - INFO - Train Epoch 940 | Loss: 0.165489, Mean Loss: 0.181838
2025-12-19 21:07:31 - preprocess - INFO - Validation Epoch 940 | Loss: 0.317289
2025-12-19 21:07:31 - preprocess - INFO - Last model saved: results/diffusion/unet-2000-epochs-correct-data/models/last_model.pth
2025-12-19 21:08:45 - preprocess - INFO - Train Epoch 941 | Loss: 0.168044, Mean Loss: 0.168044
2025-12-19 21:08:46 - preprocess - INFO - Validation Epoch 941 | Loss: 0.320044
2025-12-19 21:08:46 - preprocess - INFO - Last model saved: results/diffusion/unet-2000-epochs-correct-data/models/last_model.pth
2025-12-19 21:08:51 - preprocess - INFO - Train Epoch 942 | Loss: 0.159658, Mean Loss: 0.163851
2025-12-19 21:08:52 - preprocess - INFO - Validation Epoch 942 | Loss: 0.280877
2025-12-19 21:08:52 - preprocess - INFO - Last model saved: results/diffusion/unet-2000-epochs-correct-data/models/last_model.pth
2025-12-19 21:08:57 - preprocess - INFO - Train Epoch 943 | Loss: 0.169116, Mean Loss: 0.165606
2025-12-19 21:08:58 - preprocess - INFO - Validation Epoch 943 | Loss: 0.318966
2025-12-19 21:08:58 - preprocess - INFO - Last model saved: results/diffusion/unet-2000-epochs-correct-data/models/last_model.pth
2025-12-19 21:09:03 - preprocess - INFO - Train Epoch 944 | Loss: 0.169788, Mean Loss: 0.166651
2025-12-19 21:09:04 - preprocess - INFO - Validation Epoch 944 | Loss: 0.299664
2025-12-19 21:09:04 - preprocess - INFO - Last model saved: results/diffusion/unet-2000-epochs-correct-data/models/last_model.pth
2025-12-19 21:09:10 - preprocess - INFO - Train Epoch 945 | Loss: 0.174241, Mean Loss: 0.168169
2025-12-19 21:09:11 - preprocess - INFO - Validation Epoch 945 | Loss: 0.335572
2025-12-19 21:09:11 - preprocess - INFO - Last model saved: results/diffusion/unet-2000-epochs-correct-data/models/last_model.pth
2025-12-19 21:09:17 - preprocess - INFO - Train Epoch 946 | Loss: 0.169215, Mean Loss: 0.168343
2025-12-19 21:09:18 - preprocess - INFO - Validation Epoch 946 | Loss: 0.286640
2025-12-19 21:09:18 - preprocess - INFO - Last model saved: results/diffusion/unet-2000-epochs-correct-data/models/last_model.pth
2025-12-19 21:09:24 - preprocess - INFO - Train Epoch 947 | Loss: 0.161030, Mean Loss: 0.167299
2025-12-19 21:09:25 - preprocess - INFO - Validation Epoch 947 | Loss: 0.342905
2025-12-19 21:09:25 - preprocess - INFO - Last model saved: results/diffusion/unet-2000-epochs-correct-data/models/last_model.pth
2025-12-19 21:09:31 - preprocess - INFO - Train Epoch 948 | Loss: 0.190552, Mean Loss: 0.170205
2025-12-19 21:09:32 - preprocess - INFO - Validation Epoch 948 | Loss: 0.332183
2025-12-19 21:09:32 - preprocess - INFO - Last model saved: results/diffusion/unet-2000-epochs-correct-data/models/last_model.pth
2025-12-19 21:09:37 - preprocess - INFO - Train Epoch 949 | Loss: 0.159648, Mean Loss: 0.169032
2025-12-19 21:09:38 - preprocess - INFO - Validation Epoch 949 | Loss: 0.348670
2025-12-19 21:09:38 - preprocess - INFO - Last model saved: results/diffusion/unet-2000-epochs-correct-data/models/last_model.pth
2025-12-19 21:09:44 - preprocess - INFO - Train Epoch 950 | Loss: 0.183327, Mean Loss: 0.170462
2025-12-19 21:09:45 - preprocess - INFO - Validation Epoch 950 | Loss: 0.359310
2025-12-19 21:09:45 - preprocess - INFO - Last model saved: results/diffusion/unet-2000-epochs-correct-data/models/last_model.pth
2025-12-19 21:10:52 - preprocess - INFO - Train Epoch 951 | Loss: 0.166428, Mean Loss: 0.166428
2025-12-19 21:10:53 - preprocess - INFO - Validation Epoch 951 | Loss: 0.390529
2025-12-19 21:10:53 - preprocess - INFO - Last model saved: results/diffusion/unet-2000-epochs-correct-data/models/last_model.pth
2025-12-19 21:10:58 - preprocess - INFO - Train Epoch 952 | Loss: 0.175157, Mean Loss: 0.170793
2025-12-19 21:10:59 - preprocess - INFO - Validation Epoch 952 | Loss: 0.303788
2025-12-19 21:10:59 - preprocess - INFO - Last model saved: results/diffusion/unet-2000-epochs-correct-data/models/last_model.pth
2025-12-19 21:11:04 - preprocess - INFO - Train Epoch 953 | Loss: 0.191443, Mean Loss: 0.177676
2025-12-19 21:11:05 - preprocess - INFO - Validation Epoch 953 | Loss: 0.288532
2025-12-19 21:11:05 - preprocess - INFO - Last model saved: results/diffusion/unet-2000-epochs-correct-data/models/last_model.pth
2025-12-19 21:11:11 - preprocess - INFO - Train Epoch 954 | Loss: 0.164197, Mean Loss: 0.174306
2025-12-19 21:11:12 - preprocess - INFO - Validation Epoch 954 | Loss: 0.310657
2025-12-19 21:11:12 - preprocess - INFO - Last model saved: results/diffusion/unet-2000-epochs-correct-data/models/last_model.pth
2025-12-19 21:11:18 - preprocess - INFO - Train Epoch 955 | Loss: 0.155236, Mean Loss: 0.170492
2025-12-19 21:11:19 - preprocess - INFO - Validation Epoch 955 | Loss: 0.303722
2025-12-19 21:11:19 - preprocess - INFO - Last model saved: results/diffusion/unet-2000-epochs-correct-data/models/last_model.pth
2025-12-19 21:11:25 - preprocess - INFO - Train Epoch 956 | Loss: 0.169316, Mean Loss: 0.170296
2025-12-19 21:11:26 - preprocess - INFO - Validation Epoch 956 | Loss: 0.321059
2025-12-19 21:11:26 - preprocess - INFO - Last model saved: results/diffusion/unet-2000-epochs-correct-data/models/last_model.pth
2025-12-19 21:11:32 - preprocess - INFO - Train Epoch 957 | Loss: 0.154912, Mean Loss: 0.168098
2025-12-19 21:11:33 - preprocess - INFO - Validation Epoch 957 | Loss: 0.259012
2025-12-19 21:11:33 - preprocess - INFO - Last model saved: results/diffusion/unet-2000-epochs-correct-data/models/last_model.pth
2025-12-19 21:11:38 - preprocess - INFO - Train Epoch 958 | Loss: 0.170062, Mean Loss: 0.168344
2025-12-19 21:11:38 - preprocess - INFO - Validation Epoch 958 | Loss: 0.326428
2025-12-19 21:11:38 - preprocess - INFO - Last model saved: results/diffusion/unet-2000-epochs-correct-data/models/last_model.pth
2025-12-19 21:11:44 - preprocess - INFO - Train Epoch 959 | Loss: 0.164348, Mean Loss: 0.167900
2025-12-19 21:11:45 - preprocess - INFO - Validation Epoch 959 | Loss: 0.328623
2025-12-19 21:11:45 - preprocess - INFO - Last model saved: results/diffusion/unet-2000-epochs-correct-data/models/last_model.pth
2025-12-19 21:11:51 - preprocess - INFO - Train Epoch 960 | Loss: 0.162517, Mean Loss: 0.167361
2025-12-19 21:11:52 - preprocess - INFO - Validation Epoch 960 | Loss: 0.362145
2025-12-19 21:11:52 - preprocess - INFO - Last model saved: results/diffusion/unet-2000-epochs-correct-data/models/last_model.pth
2025-12-19 21:13:01 - preprocess - INFO - Train Epoch 961 | Loss: 0.162189, Mean Loss: 0.162189
2025-12-19 21:13:02 - preprocess - INFO - Validation Epoch 961 | Loss: 0.278489
2025-12-19 21:13:02 - preprocess - INFO - Last model saved: results/diffusion/unet-2000-epochs-correct-data/models/last_model.pth
2025-12-19 21:13:06 - preprocess - INFO - Train Epoch 962 | Loss: 0.192545, Mean Loss: 0.177367
2025-12-19 21:13:06 - preprocess - INFO - Validation Epoch 962 | Loss: 0.350281
2025-12-19 21:13:07 - preprocess - INFO - Last model saved: results/diffusion/unet-2000-epochs-correct-data/models/last_model.pth
2025-12-19 21:13:10 - preprocess - INFO - Train Epoch 963 | Loss: 0.158507, Mean Loss: 0.171080
2025-12-19 21:13:11 - preprocess - INFO - Validation Epoch 963 | Loss: 0.294845
2025-12-19 21:13:11 - preprocess - INFO - Last model saved: results/diffusion/unet-2000-epochs-correct-data/models/last_model.pth
2025-12-19 21:13:16 - preprocess - INFO - Train Epoch 964 | Loss: 0.156969, Mean Loss: 0.167553
2025-12-19 21:13:17 - preprocess - INFO - Validation Epoch 964 | Loss: 0.380158
2025-12-19 21:13:17 - preprocess - INFO - Last model saved: results/diffusion/unet-2000-epochs-correct-data/models/last_model.pth
2025-12-19 21:13:22 - preprocess - INFO - Train Epoch 965 | Loss: 0.147054, Mean Loss: 0.163453
2025-12-19 21:13:23 - preprocess - INFO - Validation Epoch 965 | Loss: 0.364163
2025-12-19 21:13:23 - preprocess - INFO - Last model saved: results/diffusion/unet-2000-epochs-correct-data/models/last_model.pth
2025-12-19 21:13:28 - preprocess - INFO - Train Epoch 966 | Loss: 0.176708, Mean Loss: 0.165662
2025-12-19 21:13:29 - preprocess - INFO - Validation Epoch 966 | Loss: 0.320428
2025-12-19 21:13:29 - preprocess - INFO - Last model saved: results/diffusion/unet-2000-epochs-correct-data/models/last_model.pth
2025-12-19 21:13:35 - preprocess - INFO - Train Epoch 967 | Loss: 0.163680, Mean Loss: 0.165379
2025-12-19 21:13:36 - preprocess - INFO - Validation Epoch 967 | Loss: 0.327320
2025-12-19 21:13:36 - preprocess - INFO - Last model saved: results/diffusion/unet-2000-epochs-correct-data/models/last_model.pth
2025-12-19 21:13:42 - preprocess - INFO - Train Epoch 968 | Loss: 0.176923, Mean Loss: 0.166822
2025-12-19 21:13:43 - preprocess - INFO - Validation Epoch 968 | Loss: 0.344980
2025-12-19 21:13:43 - preprocess - INFO - Last model saved: results/diffusion/unet-2000-epochs-correct-data/models/last_model.pth
2025-12-19 21:13:49 - preprocess - INFO - Train Epoch 969 | Loss: 0.145616, Mean Loss: 0.164466
2025-12-19 21:13:50 - preprocess - INFO - Validation Epoch 969 | Loss: 0.311569
2025-12-19 21:13:50 - preprocess - INFO - Last model saved: results/diffusion/unet-2000-epochs-correct-data/models/last_model.pth
2025-12-19 21:13:56 - preprocess - INFO - Train Epoch 970 | Loss: 0.137211, Mean Loss: 0.161740
2025-12-19 21:13:57 - preprocess - INFO - Validation Epoch 970 | Loss: 0.302243
2025-12-19 21:13:57 - preprocess - INFO - Last model saved: results/diffusion/unet-2000-epochs-correct-data/models/last_model.pth
2025-12-19 21:15:13 - preprocess - INFO - Train Epoch 971 | Loss: 0.153252, Mean Loss: 0.153252
2025-12-19 21:15:14 - preprocess - INFO - Validation Epoch 971 | Loss: 0.293945
2025-12-19 21:15:14 - preprocess - INFO - Last model saved: results/diffusion/unet-2000-epochs-correct-data/models/last_model.pth
2025-12-19 21:15:18 - preprocess - INFO - Train Epoch 972 | Loss: 0.176423, Mean Loss: 0.164838
2025-12-19 21:15:18 - preprocess - INFO - Validation Epoch 972 | Loss: 0.408057
2025-12-19 21:15:18 - preprocess - INFO - Last model saved: results/diffusion/unet-2000-epochs-correct-data/models/last_model.pth
2025-12-19 21:15:22 - preprocess - INFO - Train Epoch 973 | Loss: 0.160523, Mean Loss: 0.163399
2025-12-19 21:15:23 - preprocess - INFO - Validation Epoch 973 | Loss: 0.315882
2025-12-19 21:15:23 - preprocess - INFO - Last model saved: results/diffusion/unet-2000-epochs-correct-data/models/last_model.pth
2025-12-19 21:15:27 - preprocess - INFO - Train Epoch 974 | Loss: 0.164575, Mean Loss: 0.163693
2025-12-19 21:15:28 - preprocess - INFO - Validation Epoch 974 | Loss: 0.405355
2025-12-19 21:15:28 - preprocess - INFO - Last model saved: results/diffusion/unet-2000-epochs-correct-data/models/last_model.pth
2025-12-19 21:15:35 - preprocess - INFO - Train Epoch 975 | Loss: 0.148812, Mean Loss: 0.160717
2025-12-19 21:15:35 - preprocess - INFO - Validation Epoch 975 | Loss: 0.361672
2025-12-19 21:15:35 - preprocess - INFO - Last model saved: results/diffusion/unet-2000-epochs-correct-data/models/last_model.pth
2025-12-19 21:15:40 - preprocess - INFO - Train Epoch 976 | Loss: 0.173455, Mean Loss: 0.162840
2025-12-19 21:15:41 - preprocess - INFO - Validation Epoch 976 | Loss: 0.388081
2025-12-19 21:15:41 - preprocess - INFO - Last model saved: results/diffusion/unet-2000-epochs-correct-data/models/last_model.pth
2025-12-19 21:15:46 - preprocess - INFO - Train Epoch 977 | Loss: 0.149026, Mean Loss: 0.160867
2025-12-19 21:15:47 - preprocess - INFO - Validation Epoch 977 | Loss: 0.291945
2025-12-19 21:15:47 - preprocess - INFO - Last model saved: results/diffusion/unet-2000-epochs-correct-data/models/last_model.pth
2025-12-19 21:15:52 - preprocess - INFO - Train Epoch 978 | Loss: 0.154266, Mean Loss: 0.160041
2025-12-19 21:15:53 - preprocess - INFO - Validation Epoch 978 | Loss: 0.331305
2025-12-19 21:15:53 - preprocess - INFO - Last model saved: results/diffusion/unet-2000-epochs-correct-data/models/last_model.pth
2025-12-19 21:15:58 - preprocess - INFO - Train Epoch 979 | Loss: 0.137757, Mean Loss: 0.157565
2025-12-19 21:15:59 - preprocess - INFO - Validation Epoch 979 | Loss: 0.313775
2025-12-19 21:15:59 - preprocess - INFO - Last model saved: results/diffusion/unet-2000-epochs-correct-data/models/last_model.pth
2025-12-19 21:16:04 - preprocess - INFO - Train Epoch 980 | Loss: 0.164547, Mean Loss: 0.158264
2025-12-19 21:16:05 - preprocess - INFO - Validation Epoch 980 | Loss: 0.375666
2025-12-19 21:16:05 - preprocess - INFO - Last model saved: results/diffusion/unet-2000-epochs-correct-data/models/last_model.pth
2025-12-19 21:17:23 - preprocess - INFO - Train Epoch 981 | Loss: 0.146063, Mean Loss: 0.146063
2025-12-19 21:17:24 - preprocess - INFO - Validation Epoch 981 | Loss: 0.300701
2025-12-19 21:17:24 - preprocess - INFO - Last model saved: results/diffusion/unet-2000-epochs-correct-data/models/last_model.pth
2025-12-19 21:17:29 - preprocess - INFO - Train Epoch 982 | Loss: 0.164507, Mean Loss: 0.155285
2025-12-19 21:17:30 - preprocess - INFO - Validation Epoch 982 | Loss: 0.327691
2025-12-19 21:17:30 - preprocess - INFO - Last model saved: results/diffusion/unet-2000-epochs-correct-data/models/last_model.pth
2025-12-19 21:17:35 - preprocess - INFO - Train Epoch 983 | Loss: 0.167542, Mean Loss: 0.159371
2025-12-19 21:17:36 - preprocess - INFO - Validation Epoch 983 | Loss: 0.372826
2025-12-19 21:17:36 - preprocess - INFO - Last model saved: results/diffusion/unet-2000-epochs-correct-data/models/last_model.pth
2025-12-19 21:17:41 - preprocess - INFO - Train Epoch 984 | Loss: 0.168891, Mean Loss: 0.161751
2025-12-19 21:17:42 - preprocess - INFO - Validation Epoch 984 | Loss: 0.388040
2025-12-19 21:17:42 - preprocess - INFO - Last model saved: results/diffusion/unet-2000-epochs-correct-data/models/last_model.pth
2025-12-19 21:17:47 - preprocess - INFO - Train Epoch 985 | Loss: 0.173613, Mean Loss: 0.164123
2025-12-19 21:17:48 - preprocess - INFO - Validation Epoch 985 | Loss: 0.404976
2025-12-19 21:17:48 - preprocess - INFO - Last model saved: results/diffusion/unet-2000-epochs-correct-data/models/last_model.pth
2025-12-19 21:17:53 - preprocess - INFO - Train Epoch 986 | Loss: 0.143965, Mean Loss: 0.160764
2025-12-19 21:17:54 - preprocess - INFO - Validation Epoch 986 | Loss: 0.323255
2025-12-19 21:17:54 - preprocess - INFO - Last model saved: results/diffusion/unet-2000-epochs-correct-data/models/last_model.pth
2025-12-19 21:17:59 - preprocess - INFO - Train Epoch 987 | Loss: 0.180675, Mean Loss: 0.163608
2025-12-19 21:18:00 - preprocess - INFO - Validation Epoch 987 | Loss: 0.314388
2025-12-19 21:18:00 - preprocess - INFO - Last model saved: results/diffusion/unet-2000-epochs-correct-data/models/last_model.pth
2025-12-19 21:18:05 - preprocess - INFO - Train Epoch 988 | Loss: 0.154486, Mean Loss: 0.162468
2025-12-19 21:18:05 - preprocess - INFO - Validation Epoch 988 | Loss: 0.360693
2025-12-19 21:18:05 - preprocess - INFO - Last model saved: results/diffusion/unet-2000-epochs-correct-data/models/last_model.pth
2025-12-19 21:18:10 - preprocess - INFO - Train Epoch 989 | Loss: 0.174769, Mean Loss: 0.163835
2025-12-19 21:18:11 - preprocess - INFO - Validation Epoch 989 | Loss: 0.351211
2025-12-19 21:18:11 - preprocess - INFO - Last model saved: results/diffusion/unet-2000-epochs-correct-data/models/last_model.pth
2025-12-19 21:18:16 - preprocess - INFO - Train Epoch 990 | Loss: 0.155480, Mean Loss: 0.162999
2025-12-19 21:18:17 - preprocess - INFO - Validation Epoch 990 | Loss: 0.393503
2025-12-19 21:18:17 - preprocess - INFO - Last model saved: results/diffusion/unet-2000-epochs-correct-data/models/last_model.pth
2025-12-19 21:19:29 - preprocess - INFO - Train Epoch 991 | Loss: 0.166982, Mean Loss: 0.166982
2025-12-19 21:19:30 - preprocess - INFO - Validation Epoch 991 | Loss: 0.397198
2025-12-19 21:19:30 - preprocess - INFO - Last model saved: results/diffusion/unet-2000-epochs-correct-data/models/last_model.pth
2025-12-19 21:19:35 - preprocess - INFO - Train Epoch 992 | Loss: 0.171237, Mean Loss: 0.169110
2025-12-19 21:19:36 - preprocess - INFO - Validation Epoch 992 | Loss: 0.370190
2025-12-19 21:19:36 - preprocess - INFO - Last model saved: results/diffusion/unet-2000-epochs-correct-data/models/last_model.pth
2025-12-19 21:19:41 - preprocess - INFO - Train Epoch 993 | Loss: 0.147430, Mean Loss: 0.161883
2025-12-19 21:19:42 - preprocess - INFO - Validation Epoch 993 | Loss: 0.334361
2025-12-19 21:19:42 - preprocess - INFO - Last model saved: results/diffusion/unet-2000-epochs-correct-data/models/last_model.pth
2025-12-19 21:19:47 - preprocess - INFO - Train Epoch 994 | Loss: 0.159311, Mean Loss: 0.161240
2025-12-19 21:19:48 - preprocess - INFO - Validation Epoch 994 | Loss: 0.362560
2025-12-19 21:19:48 - preprocess - INFO - Last model saved: results/diffusion/unet-2000-epochs-correct-data/models/last_model.pth
2025-12-19 21:19:54 - preprocess - INFO - Train Epoch 995 | Loss: 0.172585, Mean Loss: 0.163509
2025-12-19 21:19:55 - preprocess - INFO - Validation Epoch 995 | Loss: 0.405502
2025-12-19 21:19:55 - preprocess - INFO - Last model saved: results/diffusion/unet-2000-epochs-correct-data/models/last_model.pth
2025-12-19 21:20:01 - preprocess - INFO - Train Epoch 996 | Loss: 0.179958, Mean Loss: 0.166251
2025-12-19 21:20:02 - preprocess - INFO - Validation Epoch 996 | Loss: 0.321635
2025-12-19 21:20:02 - preprocess - INFO - Last model saved: results/diffusion/unet-2000-epochs-correct-data/models/last_model.pth
2025-12-19 21:20:08 - preprocess - INFO - Train Epoch 997 | Loss: 0.173399, Mean Loss: 0.167272
2025-12-19 21:20:09 - preprocess - INFO - Validation Epoch 997 | Loss: 0.363591
2025-12-19 21:20:09 - preprocess - INFO - Last model saved: results/diffusion/unet-2000-epochs-correct-data/models/last_model.pth
2025-12-19 21:20:15 - preprocess - INFO - Train Epoch 998 | Loss: 0.154619, Mean Loss: 0.165690
2025-12-19 21:20:16 - preprocess - INFO - Validation Epoch 998 | Loss: 0.298414
2025-12-19 21:20:16 - preprocess - INFO - Last model saved: results/diffusion/unet-2000-epochs-correct-data/models/last_model.pth
2025-12-19 21:20:22 - preprocess - INFO - Train Epoch 999 | Loss: 0.144412, Mean Loss: 0.163326
2025-12-19 21:20:23 - preprocess - INFO - Validation Epoch 999 | Loss: 0.387151
2025-12-19 21:20:23 - preprocess - INFO - Last model saved: results/diffusion/unet-2000-epochs-correct-data/models/last_model.pth
2025-12-19 21:20:30 - preprocess - INFO - Train Epoch 1000 | Loss: 0.140534, Mean Loss: 0.161047
2025-12-19 21:20:31 - preprocess - INFO - Validation Epoch 1000 | Loss: 0.337091
2025-12-19 21:20:31 - preprocess - INFO - Last model saved: results/diffusion/unet-2000-epochs-correct-data/models/last_model.pth
2025-12-19 21:21:36 - preprocess - INFO - Train Epoch 1001 | Loss: 0.153621, Mean Loss: 0.153621
2025-12-19 21:21:37 - preprocess - INFO - Validation Epoch 1001 | Loss: 0.345335
2025-12-19 21:21:37 - preprocess - INFO - Last model saved: results/diffusion/unet-2000-epochs-correct-data/models/last_model.pth
2025-12-19 21:21:42 - preprocess - INFO - Train Epoch 1002 | Loss: 0.151492, Mean Loss: 0.152557
2025-12-19 21:21:43 - preprocess - INFO - Validation Epoch 1002 | Loss: 0.341325
2025-12-19 21:21:43 - preprocess - INFO - Last model saved: results/diffusion/unet-2000-epochs-correct-data/models/last_model.pth
2025-12-19 21:21:48 - preprocess - INFO - Train Epoch 1003 | Loss: 0.183957, Mean Loss: 0.163024
2025-12-19 21:21:49 - preprocess - INFO - Validation Epoch 1003 | Loss: 0.331699
2025-12-19 21:21:49 - preprocess - INFO - Last model saved: results/diffusion/unet-2000-epochs-correct-data/models/last_model.pth
2025-12-19 21:21:55 - preprocess - INFO - Train Epoch 1004 | Loss: 0.151269, Mean Loss: 0.160085
2025-12-19 21:21:56 - preprocess - INFO - Validation Epoch 1004 | Loss: 0.371884
2025-12-19 21:21:56 - preprocess - INFO - Last model saved: results/diffusion/unet-2000-epochs-correct-data/models/last_model.pth
2025-12-19 21:22:02 - preprocess - INFO - Train Epoch 1005 | Loss: 0.170615, Mean Loss: 0.162191
2025-12-19 21:22:03 - preprocess - INFO - Validation Epoch 1005 | Loss: 0.306039
2025-12-19 21:22:03 - preprocess - INFO - Last model saved: results/diffusion/unet-2000-epochs-correct-data/models/last_model.pth
2025-12-19 21:22:09 - preprocess - INFO - Train Epoch 1006 | Loss: 0.162946, Mean Loss: 0.162317
2025-12-19 21:22:10 - preprocess - INFO - Validation Epoch 1006 | Loss: 0.369791
2025-12-19 21:22:10 - preprocess - INFO - Last model saved: results/diffusion/unet-2000-epochs-correct-data/models/last_model.pth
2025-12-19 21:22:16 - preprocess - INFO - Train Epoch 1007 | Loss: 0.150689, Mean Loss: 0.160656
2025-12-19 21:22:17 - preprocess - INFO - Validation Epoch 1007 | Loss: 0.323162
2025-12-19 21:22:17 - preprocess - INFO - Last model saved: results/diffusion/unet-2000-epochs-correct-data/models/last_model.pth
2025-12-19 21:22:22 - preprocess - INFO - Train Epoch 1008 | Loss: 0.167006, Mean Loss: 0.161450
2025-12-19 21:22:23 - preprocess - INFO - Validation Epoch 1008 | Loss: 0.348340
2025-12-19 21:22:23 - preprocess - INFO - Last model saved: results/diffusion/unet-2000-epochs-correct-data/models/last_model.pth
2025-12-19 21:22:29 - preprocess - INFO - Train Epoch 1009 | Loss: 0.163553, Mean Loss: 0.161683
2025-12-19 21:22:30 - preprocess - INFO - Validation Epoch 1009 | Loss: 0.336838
2025-12-19 21:22:30 - preprocess - INFO - Last model saved: results/diffusion/unet-2000-epochs-correct-data/models/last_model.pth
2025-12-19 21:22:36 - preprocess - INFO - Train Epoch 1010 | Loss: 0.177806, Mean Loss: 0.163296
2025-12-19 21:22:37 - preprocess - INFO - Validation Epoch 1010 | Loss: 0.305371
2025-12-19 21:22:37 - preprocess - INFO - Last model saved: results/diffusion/unet-2000-epochs-correct-data/models/last_model.pth
2025-12-19 21:23:47 - preprocess - INFO - Train Epoch 1011 | Loss: 0.169914, Mean Loss: 0.169914
2025-12-19 21:23:48 - preprocess - INFO - Validation Epoch 1011 | Loss: 0.342729
2025-12-19 21:23:48 - preprocess - INFO - Last model saved: results/diffusion/unet-2000-epochs-correct-data/models/last_model.pth
2025-12-19 21:23:52 - preprocess - INFO - Train Epoch 1012 | Loss: 0.143826, Mean Loss: 0.156870
2025-12-19 21:23:53 - preprocess - INFO - Validation Epoch 1012 | Loss: 0.309853
2025-12-19 21:23:53 - preprocess - INFO - Last model saved: results/diffusion/unet-2000-epochs-correct-data/models/last_model.pth
2025-12-19 21:23:57 - preprocess - INFO - Train Epoch 1013 | Loss: 0.150964, Mean Loss: 0.154901
2025-12-19 21:23:58 - preprocess - INFO - Validation Epoch 1013 | Loss: 0.379045
2025-12-19 21:23:58 - preprocess - INFO - Last model saved: results/diffusion/unet-2000-epochs-correct-data/models/last_model.pth
2025-12-19 21:24:02 - preprocess - INFO - Train Epoch 1014 | Loss: 0.149194, Mean Loss: 0.153475
2025-12-19 21:24:03 - preprocess - INFO - Validation Epoch 1014 | Loss: 0.322543
2025-12-19 21:24:03 - preprocess - INFO - Last model saved: results/diffusion/unet-2000-epochs-correct-data/models/last_model.pth
2025-12-19 21:24:08 - preprocess - INFO - Train Epoch 1015 | Loss: 0.165065, Mean Loss: 0.155793
2025-12-19 21:24:09 - preprocess - INFO - Validation Epoch 1015 | Loss: 0.367976
2025-12-19 21:24:09 - preprocess - INFO - Last model saved: results/diffusion/unet-2000-epochs-correct-data/models/last_model.pth
2025-12-19 21:24:14 - preprocess - INFO - Train Epoch 1016 | Loss: 0.156080, Mean Loss: 0.155840
2025-12-19 21:24:15 - preprocess - INFO - Validation Epoch 1016 | Loss: 0.319978
2025-12-19 21:24:15 - preprocess - INFO - Last model saved: results/diffusion/unet-2000-epochs-correct-data/models/last_model.pth
2025-12-19 21:24:20 - preprocess - INFO - Train Epoch 1017 | Loss: 0.152406, Mean Loss: 0.155350
2025-12-19 21:24:21 - preprocess - INFO - Validation Epoch 1017 | Loss: 0.319784
2025-12-19 21:24:21 - preprocess - INFO - Last model saved: results/diffusion/unet-2000-epochs-correct-data/models/last_model.pth
2025-12-19 21:24:26 - preprocess - INFO - Train Epoch 1018 | Loss: 0.155594, Mean Loss: 0.155380
2025-12-19 21:24:27 - preprocess - INFO - Validation Epoch 1018 | Loss: 0.355278
2025-12-19 21:24:27 - preprocess - INFO - Last model saved: results/diffusion/unet-2000-epochs-correct-data/models/last_model.pth
2025-12-19 21:24:33 - preprocess - INFO - Train Epoch 1019 | Loss: 0.149765, Mean Loss: 0.154756
2025-12-19 21:24:34 - preprocess - INFO - Validation Epoch 1019 | Loss: 0.351030
2025-12-19 21:24:34 - preprocess - INFO - Last model saved: results/diffusion/unet-2000-epochs-correct-data/models/last_model.pth
2025-12-19 21:24:40 - preprocess - INFO - Train Epoch 1020 | Loss: 0.171802, Mean Loss: 0.156461
2025-12-19 21:24:41 - preprocess - INFO - Validation Epoch 1020 | Loss: 0.352726
2025-12-19 21:24:41 - preprocess - INFO - Last model saved: results/diffusion/unet-2000-epochs-correct-data/models/last_model.pth
2025-12-19 21:25:59 - preprocess - INFO - Train Epoch 1021 | Loss: 0.167542, Mean Loss: 0.167542
2025-12-19 21:26:00 - preprocess - INFO - Validation Epoch 1021 | Loss: 0.312990
2025-12-19 21:26:00 - preprocess - INFO - Last model saved: results/diffusion/unet-2000-epochs-correct-data/models/last_model.pth
2025-12-19 21:26:04 - preprocess - INFO - Train Epoch 1022 | Loss: 0.140568, Mean Loss: 0.154055
2025-12-19 21:26:05 - preprocess - INFO - Validation Epoch 1022 | Loss: 0.298344
2025-12-19 21:26:05 - preprocess - INFO - Last model saved: results/diffusion/unet-2000-epochs-correct-data/models/last_model.pth
2025-12-19 21:26:09 - preprocess - INFO - Train Epoch 1023 | Loss: 0.165972, Mean Loss: 0.158028
2025-12-19 21:26:10 - preprocess - INFO - Validation Epoch 1023 | Loss: 0.343609
2025-12-19 21:26:10 - preprocess - INFO - Last model saved: results/diffusion/unet-2000-epochs-correct-data/models/last_model.pth
2025-12-19 21:26:14 - preprocess - INFO - Train Epoch 1024 | Loss: 0.155820, Mean Loss: 0.157476
2025-12-19 21:26:15 - preprocess - INFO - Validation Epoch 1024 | Loss: 0.296768
2025-12-19 21:26:15 - preprocess - INFO - Last model saved: results/diffusion/unet-2000-epochs-correct-data/models/last_model.pth
2025-12-19 21:26:21 - preprocess - INFO - Train Epoch 1025 | Loss: 0.168003, Mean Loss: 0.159581
2025-12-19 21:26:22 - preprocess - INFO - Validation Epoch 1025 | Loss: 0.331644
2025-12-19 21:26:22 - preprocess - INFO - Last model saved: results/diffusion/unet-2000-epochs-correct-data/models/last_model.pth
2025-12-19 21:26:27 - preprocess - INFO - Train Epoch 1026 | Loss: 0.170399, Mean Loss: 0.161384
2025-12-19 21:26:28 - preprocess - INFO - Validation Epoch 1026 | Loss: 0.369692
2025-12-19 21:26:28 - preprocess - INFO - Last model saved: results/diffusion/unet-2000-epochs-correct-data/models/last_model.pth
2025-12-19 21:26:33 - preprocess - INFO - Train Epoch 1027 | Loss: 0.167877, Mean Loss: 0.162312
2025-12-19 21:26:34 - preprocess - INFO - Validation Epoch 1027 | Loss: 0.397297
2025-12-19 21:26:34 - preprocess - INFO - Last model saved: results/diffusion/unet-2000-epochs-correct-data/models/last_model.pth
2025-12-19 21:26:39 - preprocess - INFO - Train Epoch 1028 | Loss: 0.147389, Mean Loss: 0.160446
2025-12-19 21:26:40 - preprocess - INFO - Validation Epoch 1028 | Loss: 0.402017
2025-12-19 21:26:40 - preprocess - INFO - Last model saved: results/diffusion/unet-2000-epochs-correct-data/models/last_model.pth
2025-12-19 21:26:45 - preprocess - INFO - Train Epoch 1029 | Loss: 0.181109, Mean Loss: 0.162742
2025-12-19 21:26:45 - preprocess - INFO - Validation Epoch 1029 | Loss: 0.333540
2025-12-19 21:26:45 - preprocess - INFO - Last model saved: results/diffusion/unet-2000-epochs-correct-data/models/last_model.pth
2025-12-19 21:26:50 - preprocess - INFO - Train Epoch 1030 | Loss: 0.148717, Mean Loss: 0.161340
2025-12-19 21:26:51 - preprocess - INFO - Validation Epoch 1030 | Loss: 0.395198
2025-12-19 21:26:51 - preprocess - INFO - Last model saved: results/diffusion/unet-2000-epochs-correct-data/models/last_model.pth
2025-12-19 21:28:08 - preprocess - INFO - Train Epoch 1031 | Loss: 0.151011, Mean Loss: 0.151011
2025-12-19 21:28:08 - preprocess - INFO - Validation Epoch 1031 | Loss: 0.339605
2025-12-19 21:28:08 - preprocess - INFO - Last model saved: results/diffusion/unet-2000-epochs-correct-data/models/last_model.pth
2025-12-19 21:28:14 - preprocess - INFO - Train Epoch 1032 | Loss: 0.158441, Mean Loss: 0.154726
2025-12-19 21:28:14 - preprocess - INFO - Validation Epoch 1032 | Loss: 0.393279
2025-12-19 21:28:15 - preprocess - INFO - Last model saved: results/diffusion/unet-2000-epochs-correct-data/models/last_model.pth
2025-12-19 21:28:19 - preprocess - INFO - Train Epoch 1033 | Loss: 0.173705, Mean Loss: 0.161052
2025-12-19 21:28:20 - preprocess - INFO - Validation Epoch 1033 | Loss: 0.401788
2025-12-19 21:28:20 - preprocess - INFO - Last model saved: results/diffusion/unet-2000-epochs-correct-data/models/last_model.pth
2025-12-19 21:28:26 - preprocess - INFO - Train Epoch 1034 | Loss: 0.171590, Mean Loss: 0.163687
2025-12-19 21:28:27 - preprocess - INFO - Validation Epoch 1034 | Loss: 0.301957
2025-12-19 21:28:27 - preprocess - INFO - Last model saved: results/diffusion/unet-2000-epochs-correct-data/models/last_model.pth
2025-12-19 21:28:33 - preprocess - INFO - Train Epoch 1035 | Loss: 0.164857, Mean Loss: 0.163921
2025-12-19 21:28:34 - preprocess - INFO - Validation Epoch 1035 | Loss: 0.340992
2025-12-19 21:28:34 - preprocess - INFO - Last model saved: results/diffusion/unet-2000-epochs-correct-data/models/last_model.pth
2025-12-19 21:28:40 - preprocess - INFO - Train Epoch 1036 | Loss: 0.165656, Mean Loss: 0.164210
2025-12-19 21:28:41 - preprocess - INFO - Validation Epoch 1036 | Loss: 0.291073
2025-12-19 21:28:41 - preprocess - INFO - Last model saved: results/diffusion/unet-2000-epochs-correct-data/models/last_model.pth
2025-12-19 21:28:46 - preprocess - INFO - Train Epoch 1037 | Loss: 0.186567, Mean Loss: 0.167404
2025-12-19 21:28:46 - preprocess - INFO - Validation Epoch 1037 | Loss: 0.289683
2025-12-19 21:28:47 - preprocess - INFO - Last model saved: results/diffusion/unet-2000-epochs-correct-data/models/last_model.pth
2025-12-19 21:28:52 - preprocess - INFO - Train Epoch 1038 | Loss: 0.174300, Mean Loss: 0.168266
2025-12-19 21:28:52 - preprocess - INFO - Validation Epoch 1038 | Loss: 0.383486
2025-12-19 21:28:52 - preprocess - INFO - Last model saved: results/diffusion/unet-2000-epochs-correct-data/models/last_model.pth
2025-12-19 21:28:57 - preprocess - INFO - Train Epoch 1039 | Loss: 0.163912, Mean Loss: 0.167782
2025-12-19 21:28:58 - preprocess - INFO - Validation Epoch 1039 | Loss: 0.364047
2025-12-19 21:28:58 - preprocess - INFO - Last model saved: results/diffusion/unet-2000-epochs-correct-data/models/last_model.pth
2025-12-19 21:29:03 - preprocess - INFO - Train Epoch 1040 | Loss: 0.161509, Mean Loss: 0.167155
2025-12-19 21:29:04 - preprocess - INFO - Validation Epoch 1040 | Loss: 0.352737
2025-12-19 21:29:04 - preprocess - INFO - Last model saved: results/diffusion/unet-2000-epochs-correct-data/models/last_model.pth
2025-12-19 21:30:14 - preprocess - INFO - Train Epoch 1041 | Loss: 0.148360, Mean Loss: 0.148360
2025-12-19 21:30:15 - preprocess - INFO - Validation Epoch 1041 | Loss: 0.390997
2025-12-19 21:30:15 - preprocess - INFO - Last model saved: results/diffusion/unet-2000-epochs-correct-data/models/last_model.pth
2025-12-19 21:30:19 - preprocess - INFO - Train Epoch 1042 | Loss: 0.171735, Mean Loss: 0.160047
2025-12-19 21:30:20 - preprocess - INFO - Validation Epoch 1042 | Loss: 0.306849
2025-12-19 21:30:20 - preprocess - INFO - Last model saved: results/diffusion/unet-2000-epochs-correct-data/models/last_model.pth
2025-12-19 21:30:25 - preprocess - INFO - Train Epoch 1043 | Loss: 0.179922, Mean Loss: 0.166672
2025-12-19 21:30:26 - preprocess - INFO - Validation Epoch 1043 | Loss: 0.383795
2025-12-19 21:30:26 - preprocess - INFO - Last model saved: results/diffusion/unet-2000-epochs-correct-data/models/last_model.pth
2025-12-19 21:30:32 - preprocess - INFO - Train Epoch 1044 | Loss: 0.158945, Mean Loss: 0.164740
2025-12-19 21:30:33 - preprocess - INFO - Validation Epoch 1044 | Loss: 0.325757
2025-12-19 21:30:33 - preprocess - INFO - Last model saved: results/diffusion/unet-2000-epochs-correct-data/models/last_model.pth
2025-12-19 21:30:39 - preprocess - INFO - Train Epoch 1045 | Loss: 0.157810, Mean Loss: 0.163354
2025-12-19 21:30:40 - preprocess - INFO - Validation Epoch 1045 | Loss: 0.425647
2025-12-19 21:30:40 - preprocess - INFO - Last model saved: results/diffusion/unet-2000-epochs-correct-data/models/last_model.pth
2025-12-19 21:30:46 - preprocess - INFO - Train Epoch 1046 | Loss: 0.142126, Mean Loss: 0.159816
2025-12-19 21:30:47 - preprocess - INFO - Validation Epoch 1046 | Loss: 0.400910
2025-12-19 21:30:47 - preprocess - INFO - Last model saved: results/diffusion/unet-2000-epochs-correct-data/models/last_model.pth
2025-12-19 21:30:52 - preprocess - INFO - Train Epoch 1047 | Loss: 0.154999, Mean Loss: 0.159128
2025-12-19 21:30:53 - preprocess - INFO - Validation Epoch 1047 | Loss: 0.351100
2025-12-19 21:30:54 - preprocess - INFO - Last model saved: results/diffusion/unet-2000-epochs-correct-data/models/last_model.pth
2025-12-19 21:30:59 - preprocess - INFO - Train Epoch 1048 | Loss: 0.155110, Mean Loss: 0.158626
2025-12-19 21:31:00 - preprocess - INFO - Validation Epoch 1048 | Loss: 0.348149
2025-12-19 21:31:00 - preprocess - INFO - Last model saved: results/diffusion/unet-2000-epochs-correct-data/models/last_model.pth
2025-12-19 21:31:06 - preprocess - INFO - Train Epoch 1049 | Loss: 0.174561, Mean Loss: 0.160396
2025-12-19 21:31:07 - preprocess - INFO - Validation Epoch 1049 | Loss: 0.293157
2025-12-19 21:31:07 - preprocess - INFO - Last model saved: results/diffusion/unet-2000-epochs-correct-data/models/last_model.pth
2025-12-19 21:31:15 - preprocess - INFO - Train Epoch 1050 | Loss: 0.141369, Mean Loss: 0.158494
2025-12-19 21:31:16 - preprocess - INFO - Validation Epoch 1050 | Loss: 0.340297
2025-12-19 21:31:16 - preprocess - INFO - Last model saved: results/diffusion/unet-2000-epochs-correct-data/models/last_model.pth
2025-12-19 21:32:22 - preprocess - INFO - Train Epoch 1051 | Loss: 0.148429, Mean Loss: 0.148429
2025-12-19 21:32:22 - preprocess - INFO - Validation Epoch 1051 | Loss: 0.384068
2025-12-19 21:32:22 - preprocess - INFO - Last model saved: results/diffusion/unet-2000-epochs-correct-data/models/last_model.pth
2025-12-19 21:32:26 - preprocess - INFO - Train Epoch 1052 | Loss: 0.144919, Mean Loss: 0.146674
2025-12-19 21:32:27 - preprocess - INFO - Validation Epoch 1052 | Loss: 0.392777
2025-12-19 21:32:27 - preprocess - INFO - Last model saved: results/diffusion/unet-2000-epochs-correct-data/models/last_model.pth
2025-12-19 21:32:31 - preprocess - INFO - Train Epoch 1053 | Loss: 0.166339, Mean Loss: 0.153229
2025-12-19 21:32:32 - preprocess - INFO - Validation Epoch 1053 | Loss: 0.399830
2025-12-19 21:32:32 - preprocess - INFO - Last model saved: results/diffusion/unet-2000-epochs-correct-data/models/last_model.pth
2025-12-19 21:32:38 - preprocess - INFO - Train Epoch 1054 | Loss: 0.180955, Mean Loss: 0.160160
2025-12-19 21:32:39 - preprocess - INFO - Validation Epoch 1054 | Loss: 0.397509
2025-12-19 21:32:39 - preprocess - INFO - Last model saved: results/diffusion/unet-2000-epochs-correct-data/models/last_model.pth
2025-12-19 21:32:45 - preprocess - INFO - Train Epoch 1055 | Loss: 0.134946, Mean Loss: 0.155117
2025-12-19 21:32:46 - preprocess - INFO - Validation Epoch 1055 | Loss: 0.306478
2025-12-19 21:32:46 - preprocess - INFO - Last model saved: results/diffusion/unet-2000-epochs-correct-data/models/last_model.pth
2025-12-19 21:32:52 - preprocess - INFO - Train Epoch 1056 | Loss: 0.166351, Mean Loss: 0.156990
2025-12-19 21:32:53 - preprocess - INFO - Validation Epoch 1056 | Loss: 0.312851
2025-12-19 21:32:53 - preprocess - INFO - Last model saved: results/diffusion/unet-2000-epochs-correct-data/models/last_model.pth
2025-12-19 21:32:59 - preprocess - INFO - Train Epoch 1057 | Loss: 0.147789, Mean Loss: 0.155675
2025-12-19 21:33:00 - preprocess - INFO - Validation Epoch 1057 | Loss: 0.335201
2025-12-19 21:33:00 - preprocess - INFO - Last model saved: results/diffusion/unet-2000-epochs-correct-data/models/last_model.pth
2025-12-19 21:33:06 - preprocess - INFO - Train Epoch 1058 | Loss: 0.173158, Mean Loss: 0.157861
2025-12-19 21:33:06 - preprocess - INFO - Validation Epoch 1058 | Loss: 0.316871
2025-12-19 21:33:06 - preprocess - INFO - Last model saved: results/diffusion/unet-2000-epochs-correct-data/models/last_model.pth
2025-12-19 21:33:12 - preprocess - INFO - Train Epoch 1059 | Loss: 0.164596, Mean Loss: 0.158609
2025-12-19 21:33:13 - preprocess - INFO - Validation Epoch 1059 | Loss: 0.395435
2025-12-19 21:33:13 - preprocess - INFO - Last model saved: results/diffusion/unet-2000-epochs-correct-data/models/last_model.pth
2025-12-19 21:33:19 - preprocess - INFO - Train Epoch 1060 | Loss: 0.159740, Mean Loss: 0.158722
2025-12-19 21:33:20 - preprocess - INFO - Validation Epoch 1060 | Loss: 0.361107
2025-12-19 21:33:20 - preprocess - INFO - Last model saved: results/diffusion/unet-2000-epochs-correct-data/models/last_model.pth
2025-12-19 21:34:33 - preprocess - INFO - Train Epoch 1061 | Loss: 0.167505, Mean Loss: 0.167505
2025-12-19 21:34:34 - preprocess - INFO - Validation Epoch 1061 | Loss: 0.353947
2025-12-19 21:34:34 - preprocess - INFO - Last model saved: results/diffusion/unet-2000-epochs-correct-data/models/last_model.pth
2025-12-19 21:34:38 - preprocess - INFO - Train Epoch 1062 | Loss: 0.174151, Mean Loss: 0.170828
2025-12-19 21:34:39 - preprocess - INFO - Validation Epoch 1062 | Loss: 0.328125
2025-12-19 21:34:39 - preprocess - INFO - Last model saved: results/diffusion/unet-2000-epochs-correct-data/models/last_model.pth
2025-12-19 21:34:43 - preprocess - INFO - Train Epoch 1063 | Loss: 0.159158, Mean Loss: 0.166938
2025-12-19 21:34:44 - preprocess - INFO - Validation Epoch 1063 | Loss: 0.306410
2025-12-19 21:34:44 - preprocess - INFO - Last model saved: results/diffusion/unet-2000-epochs-correct-data/models/last_model.pth
2025-12-19 21:34:48 - preprocess - INFO - Train Epoch 1064 | Loss: 0.155081, Mean Loss: 0.163974
2025-12-19 21:34:49 - preprocess - INFO - Validation Epoch 1064 | Loss: 0.412108
2025-12-19 21:34:49 - preprocess - INFO - Last model saved: results/diffusion/unet-2000-epochs-correct-data/models/last_model.pth
2025-12-19 21:34:54 - preprocess - INFO - Train Epoch 1065 | Loss: 0.160534, Mean Loss: 0.163286
2025-12-19 21:34:55 - preprocess - INFO - Validation Epoch 1065 | Loss: 0.338652
2025-12-19 21:34:55 - preprocess - INFO - Last model saved: results/diffusion/unet-2000-epochs-correct-data/models/last_model.pth
2025-12-19 21:35:00 - preprocess - INFO - Train Epoch 1066 | Loss: 0.143337, Mean Loss: 0.159961
2025-12-19 21:35:01 - preprocess - INFO - Validation Epoch 1066 | Loss: 0.378647
2025-12-19 21:35:01 - preprocess - INFO - Last model saved: results/diffusion/unet-2000-epochs-correct-data/models/last_model.pth
2025-12-19 21:35:06 - preprocess - INFO - Train Epoch 1067 | Loss: 0.159755, Mean Loss: 0.159931
2025-12-19 21:35:06 - preprocess - INFO - Validation Epoch 1067 | Loss: 0.315086
2025-12-19 21:35:06 - preprocess - INFO - Last model saved: results/diffusion/unet-2000-epochs-correct-data/models/last_model.pth
2025-12-19 21:35:11 - preprocess - INFO - Train Epoch 1068 | Loss: 0.173355, Mean Loss: 0.161609
2025-12-19 21:35:12 - preprocess - INFO - Validation Epoch 1068 | Loss: 0.387823
2025-12-19 21:35:12 - preprocess - INFO - Last model saved: results/diffusion/unet-2000-epochs-correct-data/models/last_model.pth
2025-12-19 21:35:17 - preprocess - INFO - Train Epoch 1069 | Loss: 0.162990, Mean Loss: 0.161763
2025-12-19 21:35:18 - preprocess - INFO - Validation Epoch 1069 | Loss: 0.453954
2025-12-19 21:35:18 - preprocess - INFO - Last model saved: results/diffusion/unet-2000-epochs-correct-data/models/last_model.pth
2025-12-19 21:35:23 - preprocess - INFO - Train Epoch 1070 | Loss: 0.147469, Mean Loss: 0.160333
2025-12-19 21:35:24 - preprocess - INFO - Validation Epoch 1070 | Loss: 0.309088
2025-12-19 21:35:24 - preprocess - INFO - Last model saved: results/diffusion/unet-2000-epochs-correct-data/models/last_model.pth
2025-12-19 21:36:45 - preprocess - INFO - Train Epoch 1071 | Loss: 0.162495, Mean Loss: 0.162495
2025-12-19 21:36:46 - preprocess - INFO - Validation Epoch 1071 | Loss: 0.364847
2025-12-19 21:36:46 - preprocess - INFO - Last model saved: results/diffusion/unet-2000-epochs-correct-data/models/last_model.pth
2025-12-19 21:36:51 - preprocess - INFO - Train Epoch 1072 | Loss: 0.172117, Mean Loss: 0.167306
2025-12-19 21:36:51 - preprocess - INFO - Validation Epoch 1072 | Loss: 0.424964
2025-12-19 21:36:51 - preprocess - INFO - Last model saved: results/diffusion/unet-2000-epochs-correct-data/models/last_model.pth
2025-12-19 21:36:55 - preprocess - INFO - Train Epoch 1073 | Loss: 0.169752, Mean Loss: 0.168121
2025-12-19 21:36:56 - preprocess - INFO - Validation Epoch 1073 | Loss: 0.376601
2025-12-19 21:36:56 - preprocess - INFO - Last model saved: results/diffusion/unet-2000-epochs-correct-data/models/last_model.pth
2025-12-19 21:37:00 - preprocess - INFO - Train Epoch 1074 | Loss: 0.158008, Mean Loss: 0.165593
2025-12-19 21:37:01 - preprocess - INFO - Validation Epoch 1074 | Loss: 0.383759
2025-12-19 21:37:01 - preprocess - INFO - Last model saved: results/diffusion/unet-2000-epochs-correct-data/models/last_model.pth
2025-12-19 21:37:08 - preprocess - INFO - Train Epoch 1075 | Loss: 0.151103, Mean Loss: 0.162695
2025-12-19 21:37:09 - preprocess - INFO - Validation Epoch 1075 | Loss: 0.336032
2025-12-19 21:37:09 - preprocess - INFO - Last model saved: results/diffusion/unet-2000-epochs-correct-data/models/last_model.pth
2025-12-19 21:37:14 - preprocess - INFO - Train Epoch 1076 | Loss: 0.179331, Mean Loss: 0.165468
2025-12-19 21:37:14 - preprocess - INFO - Validation Epoch 1076 | Loss: 0.347065
2025-12-19 21:37:14 - preprocess - INFO - Last model saved: results/diffusion/unet-2000-epochs-correct-data/models/last_model.pth
2025-12-19 21:37:19 - preprocess - INFO - Train Epoch 1077 | Loss: 0.164550, Mean Loss: 0.165337
2025-12-19 21:37:20 - preprocess - INFO - Validation Epoch 1077 | Loss: 0.306392
2025-12-19 21:37:20 - preprocess - INFO - Last model saved: results/diffusion/unet-2000-epochs-correct-data/models/last_model.pth
2025-12-19 21:37:25 - preprocess - INFO - Train Epoch 1078 | Loss: 0.157287, Mean Loss: 0.164330
2025-12-19 21:37:26 - preprocess - INFO - Validation Epoch 1078 | Loss: 0.294148
2025-12-19 21:37:26 - preprocess - INFO - Last model saved: results/diffusion/unet-2000-epochs-correct-data/models/last_model.pth
2025-12-19 21:37:31 - preprocess - INFO - Train Epoch 1079 | Loss: 0.157848, Mean Loss: 0.163610
2025-12-19 21:37:32 - preprocess - INFO - Validation Epoch 1079 | Loss: 0.339132
2025-12-19 21:37:32 - preprocess - INFO - Last model saved: results/diffusion/unet-2000-epochs-correct-data/models/last_model.pth
2025-12-19 21:37:37 - preprocess - INFO - Train Epoch 1080 | Loss: 0.150272, Mean Loss: 0.162276
2025-12-19 21:37:38 - preprocess - INFO - Validation Epoch 1080 | Loss: 0.337332
2025-12-19 21:37:38 - preprocess - INFO - Last model saved: results/diffusion/unet-2000-epochs-correct-data/models/last_model.pth
2025-12-19 21:38:52 - preprocess - INFO - Train Epoch 1081 | Loss: 0.169605, Mean Loss: 0.169605
2025-12-19 21:38:52 - preprocess - INFO - Validation Epoch 1081 | Loss: 0.290857
2025-12-19 21:38:52 - preprocess - INFO - Last model saved: results/diffusion/unet-2000-epochs-correct-data/models/last_model.pth
2025-12-19 21:38:57 - preprocess - INFO - Train Epoch 1082 | Loss: 0.176997, Mean Loss: 0.173301
2025-12-19 21:38:58 - preprocess - INFO - Validation Epoch 1082 | Loss: 0.310914
2025-12-19 21:38:58 - preprocess - INFO - Last model saved: results/diffusion/unet-2000-epochs-correct-data/models/last_model.pth
2025-12-19 21:39:03 - preprocess - INFO - Train Epoch 1083 | Loss: 0.155455, Mean Loss: 0.167352
2025-12-19 21:39:04 - preprocess - INFO - Validation Epoch 1083 | Loss: 0.384538
2025-12-19 21:39:04 - preprocess - INFO - Last model saved: results/diffusion/unet-2000-epochs-correct-data/models/last_model.pth
2025-12-19 21:39:10 - preprocess - INFO - Train Epoch 1084 | Loss: 0.143739, Mean Loss: 0.161449
2025-12-19 21:39:11 - preprocess - INFO - Validation Epoch 1084 | Loss: 0.325510
2025-12-19 21:39:11 - preprocess - INFO - Last model saved: results/diffusion/unet-2000-epochs-correct-data/models/last_model.pth
2025-12-19 21:39:17 - preprocess - INFO - Train Epoch 1085 | Loss: 0.161930, Mean Loss: 0.161545
2025-12-19 21:39:18 - preprocess - INFO - Validation Epoch 1085 | Loss: 0.379170
2025-12-19 21:39:18 - preprocess - INFO - Last model saved: results/diffusion/unet-2000-epochs-correct-data/models/last_model.pth
2025-12-19 21:39:24 - preprocess - INFO - Train Epoch 1086 | Loss: 0.164558, Mean Loss: 0.162047
2025-12-19 21:39:25 - preprocess - INFO - Validation Epoch 1086 | Loss: 0.343217
2025-12-19 21:39:25 - preprocess - INFO - Last model saved: results/diffusion/unet-2000-epochs-correct-data/models/last_model.pth
2025-12-19 21:39:30 - preprocess - INFO - Train Epoch 1087 | Loss: 0.154963, Mean Loss: 0.161035
2025-12-19 21:39:31 - preprocess - INFO - Validation Epoch 1087 | Loss: 0.341234
2025-12-19 21:39:32 - preprocess - INFO - Last model saved: results/diffusion/unet-2000-epochs-correct-data/models/last_model.pth
2025-12-19 21:39:37 - preprocess - INFO - Train Epoch 1088 | Loss: 0.162201, Mean Loss: 0.161181
2025-12-19 21:39:38 - preprocess - INFO - Validation Epoch 1088 | Loss: 0.302199
2025-12-19 21:39:38 - preprocess - INFO - Last model saved: results/diffusion/unet-2000-epochs-correct-data/models/last_model.pth
2025-12-19 21:39:44 - preprocess - INFO - Train Epoch 1089 | Loss: 0.157490, Mean Loss: 0.160771
2025-12-19 21:39:44 - preprocess - INFO - Validation Epoch 1089 | Loss: 0.346094
2025-12-19 21:39:44 - preprocess - INFO - Last model saved: results/diffusion/unet-2000-epochs-correct-data/models/last_model.pth
2025-12-19 21:39:49 - preprocess - INFO - Train Epoch 1090 | Loss: 0.165629, Mean Loss: 0.161257
2025-12-19 21:39:50 - preprocess - INFO - Validation Epoch 1090 | Loss: 0.346197
2025-12-19 21:39:50 - preprocess - INFO - Last model saved: results/diffusion/unet-2000-epochs-correct-data/models/last_model.pth
2025-12-19 21:40:58 - preprocess - INFO - Train Epoch 1091 | Loss: 0.141001, Mean Loss: 0.141001
2025-12-19 21:40:59 - preprocess - INFO - Validation Epoch 1091 | Loss: 0.336408
2025-12-19 21:40:59 - preprocess - INFO - Last model saved: results/diffusion/unet-2000-epochs-correct-data/models/last_model.pth
2025-12-19 21:41:04 - preprocess - INFO - Train Epoch 1092 | Loss: 0.136374, Mean Loss: 0.138688
2025-12-19 21:41:04 - preprocess - INFO - Validation Epoch 1092 | Loss: 0.321495
2025-12-19 21:41:04 - preprocess - INFO - Last model saved: results/diffusion/unet-2000-epochs-correct-data/models/last_model.pth
2025-12-19 21:41:10 - preprocess - INFO - Train Epoch 1093 | Loss: 0.140035, Mean Loss: 0.139137
2025-12-19 21:41:10 - preprocess - INFO - Validation Epoch 1093 | Loss: 0.409998
2025-12-19 21:41:11 - preprocess - INFO - Last model saved: results/diffusion/unet-2000-epochs-correct-data/models/last_model.pth
2025-12-19 21:41:16 - preprocess - INFO - Train Epoch 1094 | Loss: 0.158818, Mean Loss: 0.144057
2025-12-19 21:41:17 - preprocess - INFO - Validation Epoch 1094 | Loss: 0.389915
2025-12-19 21:41:17 - preprocess - INFO - Last model saved: results/diffusion/unet-2000-epochs-correct-data/models/last_model.pth
2025-12-19 21:41:22 - preprocess - INFO - Train Epoch 1095 | Loss: 0.174340, Mean Loss: 0.150113
2025-12-19 21:41:23 - preprocess - INFO - Validation Epoch 1095 | Loss: 0.299978
2025-12-19 21:41:23 - preprocess - INFO - Last model saved: results/diffusion/unet-2000-epochs-correct-data/models/last_model.pth
2025-12-19 21:41:29 - preprocess - INFO - Train Epoch 1096 | Loss: 0.176270, Mean Loss: 0.154473
2025-12-19 21:41:30 - preprocess - INFO - Validation Epoch 1096 | Loss: 0.370587
2025-12-19 21:41:30 - preprocess - INFO - Last model saved: results/diffusion/unet-2000-epochs-correct-data/models/last_model.pth
2025-12-19 21:41:36 - preprocess - INFO - Train Epoch 1097 | Loss: 0.152326, Mean Loss: 0.154166
2025-12-19 21:41:37 - preprocess - INFO - Validation Epoch 1097 | Loss: 0.330837
2025-12-19 21:41:37 - preprocess - INFO - Last model saved: results/diffusion/unet-2000-epochs-correct-data/models/last_model.pth
2025-12-19 21:41:43 - preprocess - INFO - Train Epoch 1098 | Loss: 0.167507, Mean Loss: 0.155834
2025-12-19 21:41:44 - preprocess - INFO - Validation Epoch 1098 | Loss: 0.334605
2025-12-19 21:41:44 - preprocess - INFO - Last model saved: results/diffusion/unet-2000-epochs-correct-data/models/last_model.pth
2025-12-19 21:41:50 - preprocess - INFO - Train Epoch 1099 | Loss: 0.152852, Mean Loss: 0.155502
2025-12-19 21:41:51 - preprocess - INFO - Validation Epoch 1099 | Loss: 0.330159
2025-12-19 21:41:51 - preprocess - INFO - Last model saved: results/diffusion/unet-2000-epochs-correct-data/models/last_model.pth
2025-12-19 21:41:58 - preprocess - INFO - Train Epoch 1100 | Loss: 0.136702, Mean Loss: 0.153622
2025-12-19 21:41:59 - preprocess - INFO - Validation Epoch 1100 | Loss: 0.409539
2025-12-19 21:41:59 - preprocess - INFO - Last model saved: results/diffusion/unet-2000-epochs-correct-data/models/last_model.pth
2025-12-19 21:43:08 - preprocess - INFO - Train Epoch 1101 | Loss: 0.173597, Mean Loss: 0.173597
2025-12-19 21:43:09 - preprocess - INFO - Validation Epoch 1101 | Loss: 0.362464
2025-12-19 21:43:09 - preprocess - INFO - Last model saved: results/diffusion/unet-2000-epochs-correct-data/models/last_model.pth
2025-12-19 21:43:13 - preprocess - INFO - Train Epoch 1102 | Loss: 0.152022, Mean Loss: 0.162809
2025-12-19 21:43:13 - preprocess - INFO - Validation Epoch 1102 | Loss: 0.388321
2025-12-19 21:43:13 - preprocess - INFO - Last model saved: results/diffusion/unet-2000-epochs-correct-data/models/last_model.pth
2025-12-19 21:43:17 - preprocess - INFO - Train Epoch 1103 | Loss: 0.129520, Mean Loss: 0.151713
2025-12-19 21:43:18 - preprocess - INFO - Validation Epoch 1103 | Loss: 0.365281
2025-12-19 21:43:18 - preprocess - INFO - Last model saved: results/diffusion/unet-2000-epochs-correct-data/models/last_model.pth
2025-12-19 21:43:23 - preprocess - INFO - Train Epoch 1104 | Loss: 0.148310, Mean Loss: 0.150862
2025-12-19 21:43:24 - preprocess - INFO - Validation Epoch 1104 | Loss: 0.361054
2025-12-19 21:43:24 - preprocess - INFO - Last model saved: results/diffusion/unet-2000-epochs-correct-data/models/last_model.pth
2025-12-19 21:43:29 - preprocess - INFO - Train Epoch 1105 | Loss: 0.169532, Mean Loss: 0.154596
2025-12-19 21:43:30 - preprocess - INFO - Validation Epoch 1105 | Loss: 0.385520
2025-12-19 21:43:30 - preprocess - INFO - Last model saved: results/diffusion/unet-2000-epochs-correct-data/models/last_model.pth
2025-12-19 21:43:35 - preprocess - INFO - Train Epoch 1106 | Loss: 0.194560, Mean Loss: 0.161257
2025-12-19 21:43:37 - preprocess - INFO - Validation Epoch 1106 | Loss: 0.380455
2025-12-19 21:43:37 - preprocess - INFO - Last model saved: results/diffusion/unet-2000-epochs-correct-data/models/last_model.pth
2025-12-19 21:43:42 - preprocess - INFO - Train Epoch 1107 | Loss: 0.163870, Mean Loss: 0.161630
2025-12-19 21:43:43 - preprocess - INFO - Validation Epoch 1107 | Loss: 0.378728
2025-12-19 21:43:43 - preprocess - INFO - Last model saved: results/diffusion/unet-2000-epochs-correct-data/models/last_model.pth
2025-12-19 21:43:49 - preprocess - INFO - Train Epoch 1108 | Loss: 0.164029, Mean Loss: 0.161930
2025-12-19 21:43:50 - preprocess - INFO - Validation Epoch 1108 | Loss: 0.292251
2025-12-19 21:43:50 - preprocess - INFO - Last model saved: results/diffusion/unet-2000-epochs-correct-data/models/last_model.pth
2025-12-19 21:43:55 - preprocess - INFO - Train Epoch 1109 | Loss: 0.145139, Mean Loss: 0.160064
2025-12-19 21:43:56 - preprocess - INFO - Validation Epoch 1109 | Loss: 0.390415
2025-12-19 21:43:56 - preprocess - INFO - Last model saved: results/diffusion/unet-2000-epochs-correct-data/models/last_model.pth
2025-12-19 21:44:02 - preprocess - INFO - Train Epoch 1110 | Loss: 0.169937, Mean Loss: 0.161052
2025-12-19 21:44:03 - preprocess - INFO - Validation Epoch 1110 | Loss: 0.355116
2025-12-19 21:44:03 - preprocess - INFO - Last model saved: results/diffusion/unet-2000-epochs-correct-data/models/last_model.pth
2025-12-19 21:45:19 - preprocess - INFO - Train Epoch 1111 | Loss: 0.156736, Mean Loss: 0.156736
2025-12-19 21:45:20 - preprocess - INFO - Validation Epoch 1111 | Loss: 0.321664
2025-12-19 21:45:20 - preprocess - INFO - Last model saved: results/diffusion/unet-2000-epochs-correct-data/models/last_model.pth
2025-12-19 21:45:24 - preprocess - INFO - Train Epoch 1112 | Loss: 0.144479, Mean Loss: 0.150608
2025-12-19 21:45:25 - preprocess - INFO - Validation Epoch 1112 | Loss: 0.394669
2025-12-19 21:45:25 - preprocess - INFO - Last model saved: results/diffusion/unet-2000-epochs-correct-data/models/last_model.pth
2025-12-19 21:45:29 - preprocess - INFO - Train Epoch 1113 | Loss: 0.152229, Mean Loss: 0.151148
2025-12-19 21:45:30 - preprocess - INFO - Validation Epoch 1113 | Loss: 0.333838
2025-12-19 21:45:30 - preprocess - INFO - Last model saved: results/diffusion/unet-2000-epochs-correct-data/models/last_model.pth
2025-12-19 21:45:34 - preprocess - INFO - Train Epoch 1114 | Loss: 0.146800, Mean Loss: 0.150061
2025-12-19 21:45:35 - preprocess - INFO - Validation Epoch 1114 | Loss: 0.351882
2025-12-19 21:45:35 - preprocess - INFO - Last model saved: results/diffusion/unet-2000-epochs-correct-data/models/last_model.pth
2025-12-19 21:45:40 - preprocess - INFO - Train Epoch 1115 | Loss: 0.149348, Mean Loss: 0.149918
2025-12-19 21:45:41 - preprocess - INFO - Validation Epoch 1115 | Loss: 0.377911
2025-12-19 21:45:41 - preprocess - INFO - Last model saved: results/diffusion/unet-2000-epochs-correct-data/models/last_model.pth
2025-12-19 21:45:46 - preprocess - INFO - Train Epoch 1116 | Loss: 0.163445, Mean Loss: 0.152173
2025-12-19 21:45:46 - preprocess - INFO - Validation Epoch 1116 | Loss: 0.393755
2025-12-19 21:45:46 - preprocess - INFO - Last model saved: results/diffusion/unet-2000-epochs-correct-data/models/last_model.pth
2025-12-19 21:45:51 - preprocess - INFO - Train Epoch 1117 | Loss: 0.135535, Mean Loss: 0.149796
2025-12-19 21:45:52 - preprocess - INFO - Validation Epoch 1117 | Loss: 0.344585
2025-12-19 21:45:52 - preprocess - INFO - Last model saved: results/diffusion/unet-2000-epochs-correct-data/models/last_model.pth
2025-12-19 21:45:57 - preprocess - INFO - Train Epoch 1118 | Loss: 0.155286, Mean Loss: 0.150482
2025-12-19 21:45:58 - preprocess - INFO - Validation Epoch 1118 | Loss: 0.348205
2025-12-19 21:45:58 - preprocess - INFO - Last model saved: results/diffusion/unet-2000-epochs-correct-data/models/last_model.pth
2025-12-19 21:46:03 - preprocess - INFO - Train Epoch 1119 | Loss: 0.163433, Mean Loss: 0.151921
2025-12-19 21:46:04 - preprocess - INFO - Validation Epoch 1119 | Loss: 0.344012
2025-12-19 21:46:04 - preprocess - INFO - Last model saved: results/diffusion/unet-2000-epochs-correct-data/models/last_model.pth
2025-12-19 21:46:09 - preprocess - INFO - Train Epoch 1120 | Loss: 0.162404, Mean Loss: 0.152970
2025-12-19 21:46:10 - preprocess - INFO - Validation Epoch 1120 | Loss: 0.385467
2025-12-19 21:46:10 - preprocess - INFO - Last model saved: results/diffusion/unet-2000-epochs-correct-data/models/last_model.pth
2025-12-19 21:47:28 - preprocess - INFO - Train Epoch 1121 | Loss: 0.140062, Mean Loss: 0.140062
2025-12-19 21:47:29 - preprocess - INFO - Validation Epoch 1121 | Loss: 0.427454
2025-12-19 21:47:29 - preprocess - INFO - Last model saved: results/diffusion/unet-2000-epochs-correct-data/models/last_model.pth
2025-12-19 21:47:34 - preprocess - INFO - Train Epoch 1122 | Loss: 0.141824, Mean Loss: 0.140943
2025-12-19 21:47:35 - preprocess - INFO - Validation Epoch 1122 | Loss: 0.327479
2025-12-19 21:47:35 - preprocess - INFO - Last model saved: results/diffusion/unet-2000-epochs-correct-data/models/last_model.pth
2025-12-19 21:47:40 - preprocess - INFO - Train Epoch 1123 | Loss: 0.151293, Mean Loss: 0.144393
2025-12-19 21:47:41 - preprocess - INFO - Validation Epoch 1123 | Loss: 0.329585
2025-12-19 21:47:41 - preprocess - INFO - Last model saved: results/diffusion/unet-2000-epochs-correct-data/models/last_model.pth
2025-12-19 21:47:47 - preprocess - INFO - Train Epoch 1124 | Loss: 0.157501, Mean Loss: 0.147670
2025-12-19 21:47:48 - preprocess - INFO - Validation Epoch 1124 | Loss: 0.393623
2025-12-19 21:47:48 - preprocess - INFO - Last model saved: results/diffusion/unet-2000-epochs-correct-data/models/last_model.pth
2025-12-19 21:47:54 - preprocess - INFO - Train Epoch 1125 | Loss: 0.157000, Mean Loss: 0.149536
2025-12-19 21:47:55 - preprocess - INFO - Validation Epoch 1125 | Loss: 0.426997
2025-12-19 21:47:55 - preprocess - INFO - Last model saved: results/diffusion/unet-2000-epochs-correct-data/models/last_model.pth
2025-12-19 21:48:00 - preprocess - INFO - Train Epoch 1126 | Loss: 0.151032, Mean Loss: 0.149785
2025-12-19 21:48:01 - preprocess - INFO - Validation Epoch 1126 | Loss: 0.372994
2025-12-19 21:48:01 - preprocess - INFO - Last model saved: results/diffusion/unet-2000-epochs-correct-data/models/last_model.pth
2025-12-19 21:48:06 - preprocess - INFO - Train Epoch 1127 | Loss: 0.162719, Mean Loss: 0.151633
2025-12-19 21:48:07 - preprocess - INFO - Validation Epoch 1127 | Loss: 0.372487
2025-12-19 21:48:07 - preprocess - INFO - Last model saved: results/diffusion/unet-2000-epochs-correct-data/models/last_model.pth
2025-12-19 21:48:12 - preprocess - INFO - Train Epoch 1128 | Loss: 0.158216, Mean Loss: 0.152456
2025-12-19 21:48:13 - preprocess - INFO - Validation Epoch 1128 | Loss: 0.419721
2025-12-19 21:48:13 - preprocess - INFO - Last model saved: results/diffusion/unet-2000-epochs-correct-data/models/last_model.pth
2025-12-19 21:48:18 - preprocess - INFO - Train Epoch 1129 | Loss: 0.147692, Mean Loss: 0.151927
2025-12-19 21:48:19 - preprocess - INFO - Validation Epoch 1129 | Loss: 0.391215
2025-12-19 21:48:19 - preprocess - INFO - Last model saved: results/diffusion/unet-2000-epochs-correct-data/models/last_model.pth
2025-12-19 21:48:23 - preprocess - INFO - Train Epoch 1130 | Loss: 0.157652, Mean Loss: 0.152499
2025-12-19 21:48:24 - preprocess - INFO - Validation Epoch 1130 | Loss: 0.334389
2025-12-19 21:48:24 - preprocess - INFO - Last model saved: results/diffusion/unet-2000-epochs-correct-data/models/last_model.pth
2025-12-19 21:49:35 - preprocess - INFO - Train Epoch 1131 | Loss: 0.157138, Mean Loss: 0.157138
2025-12-19 21:49:36 - preprocess - INFO - Validation Epoch 1131 | Loss: 0.322318
2025-12-19 21:49:36 - preprocess - INFO - Last model saved: results/diffusion/unet-2000-epochs-correct-data/models/last_model.pth
2025-12-19 21:49:41 - preprocess - INFO - Train Epoch 1132 | Loss: 0.161577, Mean Loss: 0.159358
2025-12-19 21:49:42 - preprocess - INFO - Validation Epoch 1132 | Loss: 0.399712
2025-12-19 21:49:42 - preprocess - INFO - Last model saved: results/diffusion/unet-2000-epochs-correct-data/models/last_model.pth
2025-12-19 21:49:47 - preprocess - INFO - Train Epoch 1133 | Loss: 0.150697, Mean Loss: 0.156471
2025-12-19 21:49:48 - preprocess - INFO - Validation Epoch 1133 | Loss: 0.272140
2025-12-19 21:49:48 - preprocess - INFO - Last model saved: results/diffusion/unet-2000-epochs-correct-data/models/last_model.pth
2025-12-19 21:49:54 - preprocess - INFO - Train Epoch 1134 | Loss: 0.150267, Mean Loss: 0.154920
2025-12-19 21:49:55 - preprocess - INFO - Validation Epoch 1134 | Loss: 0.314860
2025-12-19 21:49:55 - preprocess - INFO - Last model saved: results/diffusion/unet-2000-epochs-correct-data/models/last_model.pth
2025-12-19 21:50:01 - preprocess - INFO - Train Epoch 1135 | Loss: 0.188955, Mean Loss: 0.161727
2025-12-19 21:50:02 - preprocess - INFO - Validation Epoch 1135 | Loss: 0.397337
2025-12-19 21:50:02 - preprocess - INFO - Last model saved: results/diffusion/unet-2000-epochs-correct-data/models/last_model.pth
2025-12-19 21:50:07 - preprocess - INFO - Train Epoch 1136 | Loss: 0.138524, Mean Loss: 0.157860
2025-12-19 21:50:09 - preprocess - INFO - Validation Epoch 1136 | Loss: 0.267120
2025-12-19 21:50:09 - preprocess - INFO - Last model saved: results/diffusion/unet-2000-epochs-correct-data/models/last_model.pth
2025-12-19 21:50:14 - preprocess - INFO - Train Epoch 1137 | Loss: 0.160668, Mean Loss: 0.158261
2025-12-19 21:50:15 - preprocess - INFO - Validation Epoch 1137 | Loss: 0.393361
2025-12-19 21:50:16 - preprocess - INFO - Last model saved: results/diffusion/unet-2000-epochs-correct-data/models/last_model.pth
2025-12-19 21:50:21 - preprocess - INFO - Train Epoch 1138 | Loss: 0.140720, Mean Loss: 0.156068
2025-12-19 21:50:22 - preprocess - INFO - Validation Epoch 1138 | Loss: 0.437175
2025-12-19 21:50:22 - preprocess - INFO - Last model saved: results/diffusion/unet-2000-epochs-correct-data/models/last_model.pth
2025-12-19 21:50:28 - preprocess - INFO - Train Epoch 1139 | Loss: 0.162050, Mean Loss: 0.156733
2025-12-19 21:50:29 - preprocess - INFO - Validation Epoch 1139 | Loss: 0.447092
2025-12-19 21:50:29 - preprocess - INFO - Last model saved: results/diffusion/unet-2000-epochs-correct-data/models/last_model.pth
2025-12-19 21:50:35 - preprocess - INFO - Train Epoch 1140 | Loss: 0.149885, Mean Loss: 0.156048
2025-12-19 21:50:36 - preprocess - INFO - Validation Epoch 1140 | Loss: 0.501424
2025-12-19 21:50:36 - preprocess - INFO - Last model saved: results/diffusion/unet-2000-epochs-correct-data/models/last_model.pth
2025-12-19 21:51:41 - preprocess - INFO - Train Epoch 1141 | Loss: 0.178304, Mean Loss: 0.178304
2025-12-19 21:51:42 - preprocess - INFO - Validation Epoch 1141 | Loss: 0.373732
2025-12-19 21:51:42 - preprocess - INFO - Last model saved: results/diffusion/unet-2000-epochs-correct-data/models/last_model.pth
2025-12-19 21:51:47 - preprocess - INFO - Train Epoch 1142 | Loss: 0.164343, Mean Loss: 0.171323
2025-12-19 21:51:48 - preprocess - INFO - Validation Epoch 1142 | Loss: 0.358928
2025-12-19 21:51:48 - preprocess - INFO - Last model saved: results/diffusion/unet-2000-epochs-correct-data/models/last_model.pth
2025-12-19 21:51:53 - preprocess - INFO - Train Epoch 1143 | Loss: 0.146213, Mean Loss: 0.162953
2025-12-19 21:51:53 - preprocess - INFO - Validation Epoch 1143 | Loss: 0.399417
2025-12-19 21:51:53 - preprocess - INFO - Last model saved: results/diffusion/unet-2000-epochs-correct-data/models/last_model.pth
2025-12-19 21:51:59 - preprocess - INFO - Train Epoch 1144 | Loss: 0.172160, Mean Loss: 0.165255
2025-12-19 21:52:00 - preprocess - INFO - Validation Epoch 1144 | Loss: 0.417380
2025-12-19 21:52:00 - preprocess - INFO - Last model saved: results/diffusion/unet-2000-epochs-correct-data/models/last_model.pth
2025-12-19 21:52:06 - preprocess - INFO - Train Epoch 1145 | Loss: 0.163691, Mean Loss: 0.164942
2025-12-19 21:52:07 - preprocess - INFO - Validation Epoch 1145 | Loss: 0.365743
2025-12-19 21:52:07 - preprocess - INFO - Last model saved: results/diffusion/unet-2000-epochs-correct-data/models/last_model.pth
2025-12-19 21:52:13 - preprocess - INFO - Train Epoch 1146 | Loss: 0.145265, Mean Loss: 0.161663
2025-12-19 21:52:14 - preprocess - INFO - Validation Epoch 1146 | Loss: 0.414108
2025-12-19 21:52:14 - preprocess - INFO - Last model saved: results/diffusion/unet-2000-epochs-correct-data/models/last_model.pth
2025-12-19 21:52:20 - preprocess - INFO - Train Epoch 1147 | Loss: 0.154356, Mean Loss: 0.160619
2025-12-19 21:52:21 - preprocess - INFO - Validation Epoch 1147 | Loss: 0.325280
2025-12-19 21:52:21 - preprocess - INFO - Last model saved: results/diffusion/unet-2000-epochs-correct-data/models/last_model.pth
2025-12-19 21:52:27 - preprocess - INFO - Train Epoch 1148 | Loss: 0.148921, Mean Loss: 0.159157
2025-12-19 21:52:28 - preprocess - INFO - Validation Epoch 1148 | Loss: 0.381634
2025-12-19 21:52:28 - preprocess - INFO - Last model saved: results/diffusion/unet-2000-epochs-correct-data/models/last_model.pth
2025-12-19 21:52:33 - preprocess - INFO - Train Epoch 1149 | Loss: 0.150995, Mean Loss: 0.158250
2025-12-19 21:52:34 - preprocess - INFO - Validation Epoch 1149 | Loss: 0.359313
2025-12-19 21:52:34 - preprocess - INFO - Last model saved: results/diffusion/unet-2000-epochs-correct-data/models/last_model.pth
2025-12-19 21:52:41 - preprocess - INFO - Train Epoch 1150 | Loss: 0.165230, Mean Loss: 0.158948
2025-12-19 21:52:42 - preprocess - INFO - Validation Epoch 1150 | Loss: 0.415342
2025-12-19 21:52:42 - preprocess - INFO - Last model saved: results/diffusion/unet-2000-epochs-correct-data/models/last_model.pth
2025-12-19 21:53:54 - preprocess - INFO - Train Epoch 1151 | Loss: 0.137378, Mean Loss: 0.137378
2025-12-19 21:53:55 - preprocess - INFO - Validation Epoch 1151 | Loss: 0.382320
2025-12-19 21:53:55 - preprocess - INFO - Last model saved: results/diffusion/unet-2000-epochs-correct-data/models/last_model.pth
2025-12-19 21:53:59 - preprocess - INFO - Train Epoch 1152 | Loss: 0.154574, Mean Loss: 0.145976
2025-12-19 21:53:59 - preprocess - INFO - Validation Epoch 1152 | Loss: 0.330577
2025-12-19 21:53:59 - preprocess - INFO - Last model saved: results/diffusion/unet-2000-epochs-correct-data/models/last_model.pth
2025-12-19 21:54:03 - preprocess - INFO - Train Epoch 1153 | Loss: 0.156147, Mean Loss: 0.149366
2025-12-19 21:54:04 - preprocess - INFO - Validation Epoch 1153 | Loss: 0.353116
2025-12-19 21:54:04 - preprocess - INFO - Last model saved: results/diffusion/unet-2000-epochs-correct-data/models/last_model.pth
2025-12-19 21:54:09 - preprocess - INFO - Train Epoch 1154 | Loss: 0.167536, Mean Loss: 0.153909
2025-12-19 21:54:10 - preprocess - INFO - Validation Epoch 1154 | Loss: 0.296721
2025-12-19 21:54:10 - preprocess - INFO - Last model saved: results/diffusion/unet-2000-epochs-correct-data/models/last_model.pth
2025-12-19 21:54:15 - preprocess - INFO - Train Epoch 1155 | Loss: 0.164381, Mean Loss: 0.156003
2025-12-19 21:54:16 - preprocess - INFO - Validation Epoch 1155 | Loss: 0.387679
2025-12-19 21:54:16 - preprocess - INFO - Last model saved: results/diffusion/unet-2000-epochs-correct-data/models/last_model.pth
2025-12-19 21:54:21 - preprocess - INFO - Train Epoch 1156 | Loss: 0.158539, Mean Loss: 0.156426
2025-12-19 21:54:21 - preprocess - INFO - Validation Epoch 1156 | Loss: 0.436979
2025-12-19 21:54:22 - preprocess - INFO - Last model saved: results/diffusion/unet-2000-epochs-correct-data/models/last_model.pth
2025-12-19 21:54:27 - preprocess - INFO - Train Epoch 1157 | Loss: 0.158465, Mean Loss: 0.156717
2025-12-19 21:54:27 - preprocess - INFO - Validation Epoch 1157 | Loss: 0.389803
2025-12-19 21:54:27 - preprocess - INFO - Last model saved: results/diffusion/unet-2000-epochs-correct-data/models/last_model.pth
2025-12-19 21:54:32 - preprocess - INFO - Train Epoch 1158 | Loss: 0.153006, Mean Loss: 0.156253
2025-12-19 21:54:34 - preprocess - INFO - Validation Epoch 1158 | Loss: 0.309988
2025-12-19 21:54:34 - preprocess - INFO - Last model saved: results/diffusion/unet-2000-epochs-correct-data/models/last_model.pth
2025-12-19 21:54:39 - preprocess - INFO - Train Epoch 1159 | Loss: 0.139409, Mean Loss: 0.154381
2025-12-19 21:54:40 - preprocess - INFO - Validation Epoch 1159 | Loss: 0.297270
2025-12-19 21:54:40 - preprocess - INFO - Last model saved: results/diffusion/unet-2000-epochs-correct-data/models/last_model.pth
2025-12-19 21:54:46 - preprocess - INFO - Train Epoch 1160 | Loss: 0.148467, Mean Loss: 0.153790
2025-12-19 21:54:47 - preprocess - INFO - Validation Epoch 1160 | Loss: 0.362735
2025-12-19 21:54:47 - preprocess - INFO - Last model saved: results/diffusion/unet-2000-epochs-correct-data/models/last_model.pth
2025-12-19 21:56:05 - preprocess - INFO - Train Epoch 1161 | Loss: 0.171039, Mean Loss: 0.171039
2025-12-19 21:56:06 - preprocess - INFO - Validation Epoch 1161 | Loss: 0.305154
2025-12-19 21:56:06 - preprocess - INFO - Last model saved: results/diffusion/unet-2000-epochs-correct-data/models/last_model.pth
2025-12-19 21:56:10 - preprocess - INFO - Train Epoch 1162 | Loss: 0.166393, Mean Loss: 0.168716
2025-12-19 21:56:11 - preprocess - INFO - Validation Epoch 1162 | Loss: 0.334247
2025-12-19 21:56:11 - preprocess - INFO - Last model saved: results/diffusion/unet-2000-epochs-correct-data/models/last_model.pth
2025-12-19 21:56:15 - preprocess - INFO - Train Epoch 1163 | Loss: 0.159921, Mean Loss: 0.165785
2025-12-19 21:56:16 - preprocess - INFO - Validation Epoch 1163 | Loss: 0.413698
2025-12-19 21:56:16 - preprocess - INFO - Last model saved: results/diffusion/unet-2000-epochs-correct-data/models/last_model.pth
2025-12-19 21:56:20 - preprocess - INFO - Train Epoch 1164 | Loss: 0.155103, Mean Loss: 0.163114
2025-12-19 21:56:21 - preprocess - INFO - Validation Epoch 1164 | Loss: 0.403537
2025-12-19 21:56:21 - preprocess - INFO - Last model saved: results/diffusion/unet-2000-epochs-correct-data/models/last_model.pth
2025-12-19 21:56:26 - preprocess - INFO - Train Epoch 1165 | Loss: 0.160985, Mean Loss: 0.162688
2025-12-19 21:56:27 - preprocess - INFO - Validation Epoch 1165 | Loss: 0.344383
2025-12-19 21:56:27 - preprocess - INFO - Last model saved: results/diffusion/unet-2000-epochs-correct-data/models/last_model.pth
2025-12-19 21:56:32 - preprocess - INFO - Train Epoch 1166 | Loss: 0.176702, Mean Loss: 0.165024
2025-12-19 21:56:32 - preprocess - INFO - Validation Epoch 1166 | Loss: 0.331718
2025-12-19 21:56:32 - preprocess - INFO - Last model saved: results/diffusion/unet-2000-epochs-correct-data/models/last_model.pth
2025-12-19 21:56:37 - preprocess - INFO - Train Epoch 1167 | Loss: 0.136976, Mean Loss: 0.161017
2025-12-19 21:56:38 - preprocess - INFO - Validation Epoch 1167 | Loss: 0.381064
2025-12-19 21:56:38 - preprocess - INFO - Last model saved: results/diffusion/unet-2000-epochs-correct-data/models/last_model.pth
2025-12-19 21:56:43 - preprocess - INFO - Train Epoch 1168 | Loss: 0.152342, Mean Loss: 0.159933
2025-12-19 21:56:44 - preprocess - INFO - Validation Epoch 1168 | Loss: 0.429655
2025-12-19 21:56:44 - preprocess - INFO - Last model saved: results/diffusion/unet-2000-epochs-correct-data/models/last_model.pth
2025-12-19 21:56:49 - preprocess - INFO - Train Epoch 1169 | Loss: 0.154492, Mean Loss: 0.159328
2025-12-19 21:56:50 - preprocess - INFO - Validation Epoch 1169 | Loss: 0.357490
2025-12-19 21:56:50 - preprocess - INFO - Last model saved: results/diffusion/unet-2000-epochs-correct-data/models/last_model.pth
2025-12-19 21:56:55 - preprocess - INFO - Train Epoch 1170 | Loss: 0.159839, Mean Loss: 0.159379
2025-12-19 21:56:56 - preprocess - INFO - Validation Epoch 1170 | Loss: 0.437490
2025-12-19 21:56:56 - preprocess - INFO - Last model saved: results/diffusion/unet-2000-epochs-correct-data/models/last_model.pth
2025-12-19 21:58:12 - preprocess - INFO - Train Epoch 1171 | Loss: 0.134456, Mean Loss: 0.134456
2025-12-19 21:58:13 - preprocess - INFO - Validation Epoch 1171 | Loss: 0.378338
2025-12-19 21:58:13 - preprocess - INFO - Last model saved: results/diffusion/unet-2000-epochs-correct-data/models/last_model.pth
2025-12-19 21:58:18 - preprocess - INFO - Train Epoch 1172 | Loss: 0.149395, Mean Loss: 0.141926
2025-12-19 21:58:19 - preprocess - INFO - Validation Epoch 1172 | Loss: 0.372940
2025-12-19 21:58:19 - preprocess - INFO - Last model saved: results/diffusion/unet-2000-epochs-correct-data/models/last_model.pth
2025-12-19 21:58:24 - preprocess - INFO - Train Epoch 1173 | Loss: 0.153041, Mean Loss: 0.145631
2025-12-19 21:58:25 - preprocess - INFO - Validation Epoch 1173 | Loss: 0.344001
2025-12-19 21:58:25 - preprocess - INFO - Last model saved: results/diffusion/unet-2000-epochs-correct-data/models/last_model.pth
2025-12-19 21:58:31 - preprocess - INFO - Train Epoch 1174 | Loss: 0.145763, Mean Loss: 0.145664
2025-12-19 21:58:32 - preprocess - INFO - Validation Epoch 1174 | Loss: 0.393548
2025-12-19 21:58:32 - preprocess - INFO - Last model saved: results/diffusion/unet-2000-epochs-correct-data/models/last_model.pth
2025-12-19 21:58:39 - preprocess - INFO - Train Epoch 1175 | Loss: 0.144670, Mean Loss: 0.145465
2025-12-19 21:58:40 - preprocess - INFO - Validation Epoch 1175 | Loss: 0.382968
2025-12-19 21:58:40 - preprocess - INFO - Last model saved: results/diffusion/unet-2000-epochs-correct-data/models/last_model.pth
2025-12-19 21:58:46 - preprocess - INFO - Train Epoch 1176 | Loss: 0.151076, Mean Loss: 0.146400
2025-12-19 21:58:47 - preprocess - INFO - Validation Epoch 1176 | Loss: 0.355698
2025-12-19 21:58:47 - preprocess - INFO - Last model saved: results/diffusion/unet-2000-epochs-correct-data/models/last_model.pth
2025-12-19 21:58:52 - preprocess - INFO - Train Epoch 1177 | Loss: 0.168535, Mean Loss: 0.149562
2025-12-19 21:58:53 - preprocess - INFO - Validation Epoch 1177 | Loss: 0.371051
2025-12-19 21:58:53 - preprocess - INFO - Last model saved: results/diffusion/unet-2000-epochs-correct-data/models/last_model.pth
2025-12-19 21:58:58 - preprocess - INFO - Train Epoch 1178 | Loss: 0.130286, Mean Loss: 0.147153
2025-12-19 21:58:59 - preprocess - INFO - Validation Epoch 1178 | Loss: 0.352396
2025-12-19 21:58:59 - preprocess - INFO - Last model saved: results/diffusion/unet-2000-epochs-correct-data/models/last_model.pth
2025-12-19 21:59:04 - preprocess - INFO - Train Epoch 1179 | Loss: 0.163916, Mean Loss: 0.149015
2025-12-19 21:59:05 - preprocess - INFO - Validation Epoch 1179 | Loss: 0.392323
2025-12-19 21:59:05 - preprocess - INFO - Last model saved: results/diffusion/unet-2000-epochs-correct-data/models/last_model.pth
2025-12-19 21:59:10 - preprocess - INFO - Train Epoch 1180 | Loss: 0.162121, Mean Loss: 0.150326
2025-12-19 21:59:11 - preprocess - INFO - Validation Epoch 1180 | Loss: 0.378908
2025-12-19 21:59:11 - preprocess - INFO - Last model saved: results/diffusion/unet-2000-epochs-correct-data/models/last_model.pth
2025-12-19 22:00:19 - preprocess - INFO - Train Epoch 1181 | Loss: 0.136868, Mean Loss: 0.136868
2025-12-19 22:00:20 - preprocess - INFO - Validation Epoch 1181 | Loss: 0.363038
2025-12-19 22:00:20 - preprocess - INFO - Last model saved: results/diffusion/unet-2000-epochs-correct-data/models/last_model.pth
2025-12-19 22:00:25 - preprocess - INFO - Train Epoch 1182 | Loss: 0.157365, Mean Loss: 0.147117
2025-12-19 22:00:26 - preprocess - INFO - Validation Epoch 1182 | Loss: 0.316860
2025-12-19 22:00:26 - preprocess - INFO - Last model saved: results/diffusion/unet-2000-epochs-correct-data/models/last_model.pth
2025-12-19 22:00:31 - preprocess - INFO - Train Epoch 1183 | Loss: 0.144069, Mean Loss: 0.146101
2025-12-19 22:00:32 - preprocess - INFO - Validation Epoch 1183 | Loss: 0.394222
2025-12-19 22:00:32 - preprocess - INFO - Last model saved: results/diffusion/unet-2000-epochs-correct-data/models/last_model.pth
2025-12-19 22:00:37 - preprocess - INFO - Train Epoch 1184 | Loss: 0.159103, Mean Loss: 0.149351
2025-12-19 22:00:38 - preprocess - INFO - Validation Epoch 1184 | Loss: 0.396664
2025-12-19 22:00:39 - preprocess - INFO - Last model saved: results/diffusion/unet-2000-epochs-correct-data/models/last_model.pth
2025-12-19 22:00:44 - preprocess - INFO - Train Epoch 1185 | Loss: 0.162008, Mean Loss: 0.151883
2025-12-19 22:00:45 - preprocess - INFO - Validation Epoch 1185 | Loss: 0.358402
2025-12-19 22:00:45 - preprocess - INFO - Last model saved: results/diffusion/unet-2000-epochs-correct-data/models/last_model.pth
2025-12-19 22:00:51 - preprocess - INFO - Train Epoch 1186 | Loss: 0.138891, Mean Loss: 0.149717
2025-12-19 22:00:52 - preprocess - INFO - Validation Epoch 1186 | Loss: 0.406821
2025-12-19 22:00:52 - preprocess - INFO - Last model saved: results/diffusion/unet-2000-epochs-correct-data/models/last_model.pth
2025-12-19 22:00:58 - preprocess - INFO - Train Epoch 1187 | Loss: 0.140784, Mean Loss: 0.148441
2025-12-19 22:00:59 - preprocess - INFO - Validation Epoch 1187 | Loss: 0.407812
2025-12-19 22:00:59 - preprocess - INFO - Last model saved: results/diffusion/unet-2000-epochs-correct-data/models/last_model.pth
2025-12-19 22:01:05 - preprocess - INFO - Train Epoch 1188 | Loss: 0.165536, Mean Loss: 0.150578
2025-12-19 22:01:06 - preprocess - INFO - Validation Epoch 1188 | Loss: 0.394614
2025-12-19 22:01:06 - preprocess - INFO - Last model saved: results/diffusion/unet-2000-epochs-correct-data/models/last_model.pth
2025-12-19 22:01:12 - preprocess - INFO - Train Epoch 1189 | Loss: 0.135447, Mean Loss: 0.148897
2025-12-19 22:01:13 - preprocess - INFO - Validation Epoch 1189 | Loss: 0.400626
2025-12-19 22:01:13 - preprocess - INFO - Last model saved: results/diffusion/unet-2000-epochs-correct-data/models/last_model.pth
2025-12-19 22:01:19 - preprocess - INFO - Train Epoch 1190 | Loss: 0.156806, Mean Loss: 0.149688
2025-12-19 22:01:20 - preprocess - INFO - Validation Epoch 1190 | Loss: 0.479818
2025-12-19 22:01:20 - preprocess - INFO - Last model saved: results/diffusion/unet-2000-epochs-correct-data/models/last_model.pth
2025-12-19 22:02:27 - preprocess - INFO - Train Epoch 1191 | Loss: 0.150480, Mean Loss: 0.150480
2025-12-19 22:02:27 - preprocess - INFO - Validation Epoch 1191 | Loss: 0.292268
2025-12-19 22:02:27 - preprocess - INFO - Last model saved: results/diffusion/unet-2000-epochs-correct-data/models/last_model.pth
2025-12-19 22:02:31 - preprocess - INFO - Train Epoch 1192 | Loss: 0.160808, Mean Loss: 0.155644
2025-12-19 22:02:32 - preprocess - INFO - Validation Epoch 1192 | Loss: 0.285129
2025-12-19 22:02:32 - preprocess - INFO - Last model saved: results/diffusion/unet-2000-epochs-correct-data/models/last_model.pth
2025-12-19 22:02:36 - preprocess - INFO - Train Epoch 1193 | Loss: 0.164455, Mean Loss: 0.158581
2025-12-19 22:02:37 - preprocess - INFO - Validation Epoch 1193 | Loss: 0.345036
2025-12-19 22:02:37 - preprocess - INFO - Last model saved: results/diffusion/unet-2000-epochs-correct-data/models/last_model.pth
2025-12-19 22:02:42 - preprocess - INFO - Train Epoch 1194 | Loss: 0.142739, Mean Loss: 0.154621
2025-12-19 22:02:43 - preprocess - INFO - Validation Epoch 1194 | Loss: 0.380906
2025-12-19 22:02:43 - preprocess - INFO - Last model saved: results/diffusion/unet-2000-epochs-correct-data/models/last_model.pth
2025-12-19 22:02:49 - preprocess - INFO - Train Epoch 1195 | Loss: 0.175308, Mean Loss: 0.158758
2025-12-19 22:02:50 - preprocess - INFO - Validation Epoch 1195 | Loss: 0.395499
2025-12-19 22:02:50 - preprocess - INFO - Last model saved: results/diffusion/unet-2000-epochs-correct-data/models/last_model.pth
2025-12-19 22:02:55 - preprocess - INFO - Train Epoch 1196 | Loss: 0.172899, Mean Loss: 0.161115
2025-12-19 22:02:56 - preprocess - INFO - Validation Epoch 1196 | Loss: 0.361998
2025-12-19 22:02:57 - preprocess - INFO - Last model saved: results/diffusion/unet-2000-epochs-correct-data/models/last_model.pth
2025-12-19 22:03:02 - preprocess - INFO - Train Epoch 1197 | Loss: 0.139658, Mean Loss: 0.158050
2025-12-19 22:03:03 - preprocess - INFO - Validation Epoch 1197 | Loss: 0.295262
2025-12-19 22:03:03 - preprocess - INFO - Last model saved: results/diffusion/unet-2000-epochs-correct-data/models/last_model.pth
2025-12-19 22:03:09 - preprocess - INFO - Train Epoch 1198 | Loss: 0.169808, Mean Loss: 0.159520
2025-12-19 22:03:10 - preprocess - INFO - Validation Epoch 1198 | Loss: 0.403584
2025-12-19 22:03:10 - preprocess - INFO - Last model saved: results/diffusion/unet-2000-epochs-correct-data/models/last_model.pth
2025-12-19 22:03:16 - preprocess - INFO - Train Epoch 1199 | Loss: 0.182686, Mean Loss: 0.162094
2025-12-19 22:03:17 - preprocess - INFO - Validation Epoch 1199 | Loss: 0.401231
2025-12-19 22:03:17 - preprocess - INFO - Last model saved: results/diffusion/unet-2000-epochs-correct-data/models/last_model.pth
2025-12-19 22:03:25 - preprocess - INFO - Train Epoch 1200 | Loss: 0.157302, Mean Loss: 0.161614
2025-12-19 22:03:26 - preprocess - INFO - Validation Epoch 1200 | Loss: 0.305766
2025-12-19 22:03:26 - preprocess - INFO - Last model saved: results/diffusion/unet-2000-epochs-correct-data/models/last_model.pth
2025-12-19 22:04:39 - preprocess - INFO - Train Epoch 1201 | Loss: 0.152455, Mean Loss: 0.152455
2025-12-19 22:04:40 - preprocess - INFO - Validation Epoch 1201 | Loss: 0.294185
2025-12-19 22:04:40 - preprocess - INFO - Last model saved: results/diffusion/unet-2000-epochs-correct-data/models/last_model.pth
2025-12-19 22:04:44 - preprocess - INFO - Train Epoch 1202 | Loss: 0.146465, Mean Loss: 0.149460
2025-12-19 22:04:45 - preprocess - INFO - Validation Epoch 1202 | Loss: 0.392344
2025-12-19 22:04:45 - preprocess - INFO - Last model saved: results/diffusion/unet-2000-epochs-correct-data/models/last_model.pth
2025-12-19 22:04:49 - preprocess - INFO - Train Epoch 1203 | Loss: 0.162276, Mean Loss: 0.153732
2025-12-19 22:04:50 - preprocess - INFO - Validation Epoch 1203 | Loss: 0.480296
2025-12-19 22:04:50 - preprocess - INFO - Last model saved: results/diffusion/unet-2000-epochs-correct-data/models/last_model.pth
2025-12-19 22:04:54 - preprocess - INFO - Train Epoch 1204 | Loss: 0.139854, Mean Loss: 0.150262
2025-12-19 22:04:55 - preprocess - INFO - Validation Epoch 1204 | Loss: 0.364839
2025-12-19 22:04:55 - preprocess - INFO - Last model saved: results/diffusion/unet-2000-epochs-correct-data/models/last_model.pth
2025-12-19 22:05:00 - preprocess - INFO - Train Epoch 1205 | Loss: 0.143862, Mean Loss: 0.148982
2025-12-19 22:05:01 - preprocess - INFO - Validation Epoch 1205 | Loss: 0.392894
2025-12-19 22:05:01 - preprocess - INFO - Last model saved: results/diffusion/unet-2000-epochs-correct-data/models/last_model.pth
2025-12-19 22:05:06 - preprocess - INFO - Train Epoch 1206 | Loss: 0.152365, Mean Loss: 0.149546
2025-12-19 22:05:07 - preprocess - INFO - Validation Epoch 1206 | Loss: 0.347054
2025-12-19 22:05:07 - preprocess - INFO - Last model saved: results/diffusion/unet-2000-epochs-correct-data/models/last_model.pth
2025-12-19 22:05:12 - preprocess - INFO - Train Epoch 1207 | Loss: 0.159666, Mean Loss: 0.150992
2025-12-19 22:05:13 - preprocess - INFO - Validation Epoch 1207 | Loss: 0.342793
2025-12-19 22:05:13 - preprocess - INFO - Last model saved: results/diffusion/unet-2000-epochs-correct-data/models/last_model.pth
2025-12-19 22:05:18 - preprocess - INFO - Train Epoch 1208 | Loss: 0.145312, Mean Loss: 0.150282
2025-12-19 22:05:19 - preprocess - INFO - Validation Epoch 1208 | Loss: 0.395894
2025-12-19 22:05:19 - preprocess - INFO - Last model saved: results/diffusion/unet-2000-epochs-correct-data/models/last_model.pth
2025-12-19 22:05:23 - preprocess - INFO - Train Epoch 1209 | Loss: 0.156013, Mean Loss: 0.150919
2025-12-19 22:05:24 - preprocess - INFO - Validation Epoch 1209 | Loss: 0.434987
2025-12-19 22:05:24 - preprocess - INFO - Last model saved: results/diffusion/unet-2000-epochs-correct-data/models/last_model.pth
2025-12-19 22:05:29 - preprocess - INFO - Train Epoch 1210 | Loss: 0.152862, Mean Loss: 0.151113
2025-12-19 22:05:29 - preprocess - INFO - Validation Epoch 1210 | Loss: 0.424564
2025-12-19 22:05:29 - preprocess - INFO - Last model saved: results/diffusion/unet-2000-epochs-correct-data/models/last_model.pth
2025-12-19 22:06:49 - preprocess - INFO - Train Epoch 1211 | Loss: 0.167579, Mean Loss: 0.167579
2025-12-19 22:06:50 - preprocess - INFO - Validation Epoch 1211 | Loss: 0.364850
2025-12-19 22:06:50 - preprocess - INFO - Last model saved: results/diffusion/unet-2000-epochs-correct-data/models/last_model.pth
2025-12-19 22:06:55 - preprocess - INFO - Train Epoch 1212 | Loss: 0.155054, Mean Loss: 0.161317
2025-12-19 22:06:56 - preprocess - INFO - Validation Epoch 1212 | Loss: 0.414776
2025-12-19 22:06:56 - preprocess - INFO - Last model saved: results/diffusion/unet-2000-epochs-correct-data/models/last_model.pth
2025-12-19 22:07:01 - preprocess - INFO - Train Epoch 1213 | Loss: 0.178693, Mean Loss: 0.167109
2025-12-19 22:07:02 - preprocess - INFO - Validation Epoch 1213 | Loss: 0.311363
2025-12-19 22:07:02 - preprocess - INFO - Last model saved: results/diffusion/unet-2000-epochs-correct-data/models/last_model.pth
2025-12-19 22:07:06 - preprocess - INFO - Train Epoch 1214 | Loss: 0.144947, Mean Loss: 0.161568
2025-12-19 22:07:06 - preprocess - INFO - Validation Epoch 1214 | Loss: 0.330761
2025-12-19 22:07:06 - preprocess - INFO - Last model saved: results/diffusion/unet-2000-epochs-correct-data/models/last_model.pth
2025-12-19 22:07:12 - preprocess - INFO - Train Epoch 1215 | Loss: 0.149660, Mean Loss: 0.159187
2025-12-19 22:07:12 - preprocess - INFO - Validation Epoch 1215 | Loss: 0.373137
2025-12-19 22:07:12 - preprocess - INFO - Last model saved: results/diffusion/unet-2000-epochs-correct-data/models/last_model.pth
2025-12-19 22:07:17 - preprocess - INFO - Train Epoch 1216 | Loss: 0.134369, Mean Loss: 0.155051
2025-12-19 22:07:18 - preprocess - INFO - Validation Epoch 1216 | Loss: 0.344985
2025-12-19 22:07:18 - preprocess - INFO - Last model saved: results/diffusion/unet-2000-epochs-correct-data/models/last_model.pth
2025-12-19 22:07:23 - preprocess - INFO - Train Epoch 1217 | Loss: 0.168903, Mean Loss: 0.157029
2025-12-19 22:07:24 - preprocess - INFO - Validation Epoch 1217 | Loss: 0.391303
2025-12-19 22:07:24 - preprocess - INFO - Last model saved: results/diffusion/unet-2000-epochs-correct-data/models/last_model.pth
2025-12-19 22:07:29 - preprocess - INFO - Train Epoch 1218 | Loss: 0.152499, Mean Loss: 0.156463
2025-12-19 22:07:30 - preprocess - INFO - Validation Epoch 1218 | Loss: 0.383829
2025-12-19 22:07:30 - preprocess - INFO - Last model saved: results/diffusion/unet-2000-epochs-correct-data/models/last_model.pth
2025-12-19 22:07:35 - preprocess - INFO - Train Epoch 1219 | Loss: 0.165312, Mean Loss: 0.157446
2025-12-19 22:07:36 - preprocess - INFO - Validation Epoch 1219 | Loss: 0.391478
2025-12-19 22:07:36 - preprocess - INFO - Last model saved: results/diffusion/unet-2000-epochs-correct-data/models/last_model.pth
2025-12-19 22:07:41 - preprocess - INFO - Train Epoch 1220 | Loss: 0.129516, Mean Loss: 0.154653
2025-12-19 22:07:42 - preprocess - INFO - Validation Epoch 1220 | Loss: 0.390502
2025-12-19 22:07:42 - preprocess - INFO - Last model saved: results/diffusion/unet-2000-epochs-correct-data/models/last_model.pth
2025-12-19 22:08:56 - preprocess - INFO - Train Epoch 1221 | Loss: 0.147305, Mean Loss: 0.147305
2025-12-19 22:08:57 - preprocess - INFO - Validation Epoch 1221 | Loss: 0.385089
2025-12-19 22:08:57 - preprocess - INFO - Last model saved: results/diffusion/unet-2000-epochs-correct-data/models/last_model.pth
2025-12-19 22:09:02 - preprocess - INFO - Train Epoch 1222 | Loss: 0.182509, Mean Loss: 0.164907
2025-12-19 22:09:03 - preprocess - INFO - Validation Epoch 1222 | Loss: 0.352795
2025-12-19 22:09:03 - preprocess - INFO - Last model saved: results/diffusion/unet-2000-epochs-correct-data/models/last_model.pth
2025-12-19 22:09:08 - preprocess - INFO - Train Epoch 1223 | Loss: 0.144175, Mean Loss: 0.157996
2025-12-19 22:09:09 - preprocess - INFO - Validation Epoch 1223 | Loss: 0.388667
2025-12-19 22:09:09 - preprocess - INFO - Last model saved: results/diffusion/unet-2000-epochs-correct-data/models/last_model.pth
2025-12-19 22:09:14 - preprocess - INFO - Train Epoch 1224 | Loss: 0.145782, Mean Loss: 0.154943
2025-12-19 22:09:15 - preprocess - INFO - Validation Epoch 1224 | Loss: 0.322342
2025-12-19 22:09:15 - preprocess - INFO - Last model saved: results/diffusion/unet-2000-epochs-correct-data/models/last_model.pth
2025-12-19 22:09:23 - preprocess - INFO - Train Epoch 1225 | Loss: 0.156057, Mean Loss: 0.155166
2025-12-19 22:09:24 - preprocess - INFO - Validation Epoch 1225 | Loss: 0.386636
2025-12-19 22:09:24 - preprocess - INFO - Last model saved: results/diffusion/unet-2000-epochs-correct-data/models/last_model.pth
2025-12-19 22:09:29 - preprocess - INFO - Train Epoch 1226 | Loss: 0.164583, Mean Loss: 0.156735
2025-12-19 22:09:31 - preprocess - INFO - Validation Epoch 1226 | Loss: 0.389568
2025-12-19 22:09:31 - preprocess - INFO - Last model saved: results/diffusion/unet-2000-epochs-correct-data/models/last_model.pth
2025-12-19 22:09:36 - preprocess - INFO - Train Epoch 1227 | Loss: 0.154602, Mean Loss: 0.156430
2025-12-19 22:09:37 - preprocess - INFO - Validation Epoch 1227 | Loss: 0.422161
2025-12-19 22:09:37 - preprocess - INFO - Last model saved: results/diffusion/unet-2000-epochs-correct-data/models/last_model.pth
2025-12-19 22:09:43 - preprocess - INFO - Train Epoch 1228 | Loss: 0.150199, Mean Loss: 0.155651
2025-12-19 22:09:44 - preprocess - INFO - Validation Epoch 1228 | Loss: 0.334158
2025-12-19 22:09:44 - preprocess - INFO - Last model saved: results/diffusion/unet-2000-epochs-correct-data/models/last_model.pth
2025-12-19 22:09:50 - preprocess - INFO - Train Epoch 1229 | Loss: 0.148590, Mean Loss: 0.154867
2025-12-19 22:09:51 - preprocess - INFO - Validation Epoch 1229 | Loss: 0.298186
2025-12-19 22:09:51 - preprocess - INFO - Last model saved: results/diffusion/unet-2000-epochs-correct-data/models/last_model.pth
2025-12-19 22:09:56 - preprocess - INFO - Train Epoch 1230 | Loss: 0.152780, Mean Loss: 0.154658
2025-12-19 22:09:57 - preprocess - INFO - Validation Epoch 1230 | Loss: 0.362136
2025-12-19 22:09:57 - preprocess - INFO - Last model saved: results/diffusion/unet-2000-epochs-correct-data/models/last_model.pth
2025-12-19 22:11:03 - preprocess - INFO - Train Epoch 1231 | Loss: 0.163356, Mean Loss: 0.163356
2025-12-19 22:11:04 - preprocess - INFO - Validation Epoch 1231 | Loss: 0.364332
2025-12-19 22:11:04 - preprocess - INFO - Last model saved: results/diffusion/unet-2000-epochs-correct-data/models/last_model.pth
2025-12-19 22:11:08 - preprocess - INFO - Train Epoch 1232 | Loss: 0.170581, Mean Loss: 0.166968
2025-12-19 22:11:09 - preprocess - INFO - Validation Epoch 1232 | Loss: 0.418928
2025-12-19 22:11:09 - preprocess - INFO - Last model saved: results/diffusion/unet-2000-epochs-correct-data/models/last_model.pth
2025-12-19 22:11:14 - preprocess - INFO - Train Epoch 1233 | Loss: 0.141429, Mean Loss: 0.158455
2025-12-19 22:11:15 - preprocess - INFO - Validation Epoch 1233 | Loss: 0.339738
2025-12-19 22:11:15 - preprocess - INFO - Last model saved: results/diffusion/unet-2000-epochs-correct-data/models/last_model.pth
2025-12-19 22:11:21 - preprocess - INFO - Train Epoch 1234 | Loss: 0.160295, Mean Loss: 0.158915
2025-12-19 22:11:22 - preprocess - INFO - Validation Epoch 1234 | Loss: 0.356294
2025-12-19 22:11:22 - preprocess - INFO - Last model saved: results/diffusion/unet-2000-epochs-correct-data/models/last_model.pth
2025-12-19 22:11:27 - preprocess - INFO - Train Epoch 1235 | Loss: 0.148842, Mean Loss: 0.156900
2025-12-19 22:11:28 - preprocess - INFO - Validation Epoch 1235 | Loss: 0.469158
2025-12-19 22:11:29 - preprocess - INFO - Last model saved: results/diffusion/unet-2000-epochs-correct-data/models/last_model.pth
2025-12-19 22:11:34 - preprocess - INFO - Train Epoch 1236 | Loss: 0.166798, Mean Loss: 0.158550
2025-12-19 22:11:35 - preprocess - INFO - Validation Epoch 1236 | Loss: 0.300095
2025-12-19 22:11:35 - preprocess - INFO - Last model saved: results/diffusion/unet-2000-epochs-correct-data/models/last_model.pth
2025-12-19 22:11:41 - preprocess - INFO - Train Epoch 1237 | Loss: 0.152801, Mean Loss: 0.157729
2025-12-19 22:11:42 - preprocess - INFO - Validation Epoch 1237 | Loss: 0.381790
2025-12-19 22:11:42 - preprocess - INFO - Last model saved: results/diffusion/unet-2000-epochs-correct-data/models/last_model.pth
2025-12-19 22:11:48 - preprocess - INFO - Train Epoch 1238 | Loss: 0.143830, Mean Loss: 0.155991
2025-12-19 22:11:49 - preprocess - INFO - Validation Epoch 1238 | Loss: 0.378212
2025-12-19 22:11:49 - preprocess - INFO - Last model saved: results/diffusion/unet-2000-epochs-correct-data/models/last_model.pth
2025-12-19 22:11:55 - preprocess - INFO - Train Epoch 1239 | Loss: 0.146970, Mean Loss: 0.154989
2025-12-19 22:11:56 - preprocess - INFO - Validation Epoch 1239 | Loss: 0.381557
2025-12-19 22:11:56 - preprocess - INFO - Last model saved: results/diffusion/unet-2000-epochs-correct-data/models/last_model.pth
2025-12-19 22:12:02 - preprocess - INFO - Train Epoch 1240 | Loss: 0.172845, Mean Loss: 0.156775
2025-12-19 22:12:03 - preprocess - INFO - Validation Epoch 1240 | Loss: 0.298358
2025-12-19 22:12:03 - preprocess - INFO - Last model saved: results/diffusion/unet-2000-epochs-correct-data/models/last_model.pth
2025-12-19 22:13:13 - preprocess - INFO - Train Epoch 1241 | Loss: 0.143219, Mean Loss: 0.143219
2025-12-19 22:13:13 - preprocess - INFO - Validation Epoch 1241 | Loss: 0.325724
2025-12-19 22:13:14 - preprocess - INFO - Last model saved: results/diffusion/unet-2000-epochs-correct-data/models/last_model.pth
2025-12-19 22:13:17 - preprocess - INFO - Train Epoch 1242 | Loss: 0.135001, Mean Loss: 0.139110
2025-12-19 22:13:18 - preprocess - INFO - Validation Epoch 1242 | Loss: 0.359435
2025-12-19 22:13:18 - preprocess - INFO - Last model saved: results/diffusion/unet-2000-epochs-correct-data/models/last_model.pth
2025-12-19 22:13:22 - preprocess - INFO - Train Epoch 1243 | Loss: 0.159560, Mean Loss: 0.145927
2025-12-19 22:13:23 - preprocess - INFO - Validation Epoch 1243 | Loss: 0.410425
2025-12-19 22:13:23 - preprocess - INFO - Last model saved: results/diffusion/unet-2000-epochs-correct-data/models/last_model.pth
2025-12-19 22:13:27 - preprocess - INFO - Train Epoch 1244 | Loss: 0.159403, Mean Loss: 0.149296
2025-12-19 22:13:28 - preprocess - INFO - Validation Epoch 1244 | Loss: 0.412139
2025-12-19 22:13:28 - preprocess - INFO - Last model saved: results/diffusion/unet-2000-epochs-correct-data/models/last_model.pth
2025-12-19 22:13:33 - preprocess - INFO - Train Epoch 1245 | Loss: 0.161923, Mean Loss: 0.151821
2025-12-19 22:13:34 - preprocess - INFO - Validation Epoch 1245 | Loss: 0.364133
2025-12-19 22:13:34 - preprocess - INFO - Last model saved: results/diffusion/unet-2000-epochs-correct-data/models/last_model.pth
2025-12-19 22:13:39 - preprocess - INFO - Train Epoch 1246 | Loss: 0.179512, Mean Loss: 0.156436
2025-12-19 22:13:40 - preprocess - INFO - Validation Epoch 1246 | Loss: 0.399537
2025-12-19 22:13:40 - preprocess - INFO - Last model saved: results/diffusion/unet-2000-epochs-correct-data/models/last_model.pth
2025-12-19 22:13:46 - preprocess - INFO - Train Epoch 1247 | Loss: 0.143797, Mean Loss: 0.154631
2025-12-19 22:13:47 - preprocess - INFO - Validation Epoch 1247 | Loss: 0.463552
2025-12-19 22:13:47 - preprocess - INFO - Last model saved: results/diffusion/unet-2000-epochs-correct-data/models/last_model.pth
2025-12-19 22:13:52 - preprocess - INFO - Train Epoch 1248 | Loss: 0.140302, Mean Loss: 0.152840
2025-12-19 22:13:54 - preprocess - INFO - Validation Epoch 1248 | Loss: 0.259100
2025-12-19 22:13:54 - preprocess - INFO - Last model saved: results/diffusion/unet-2000-epochs-correct-data/models/last_model.pth
2025-12-19 22:13:59 - preprocess - INFO - Train Epoch 1249 | Loss: 0.162956, Mean Loss: 0.153964
2025-12-19 22:14:01 - preprocess - INFO - Validation Epoch 1249 | Loss: 0.405413
2025-12-19 22:14:01 - preprocess - INFO - Last model saved: results/diffusion/unet-2000-epochs-correct-data/models/last_model.pth
2025-12-19 22:14:08 - preprocess - INFO - Train Epoch 1250 | Loss: 0.152944, Mean Loss: 0.153862
2025-12-19 22:14:09 - preprocess - INFO - Validation Epoch 1250 | Loss: 0.437181
2025-12-19 22:14:09 - preprocess - INFO - Last model saved: results/diffusion/unet-2000-epochs-correct-data/models/last_model.pth
2025-12-19 22:15:26 - preprocess - INFO - Train Epoch 1251 | Loss: 0.162127, Mean Loss: 0.162127
2025-12-19 22:15:26 - preprocess - INFO - Validation Epoch 1251 | Loss: 0.402140
2025-12-19 22:15:26 - preprocess - INFO - Last model saved: results/diffusion/unet-2000-epochs-correct-data/models/last_model.pth
2025-12-19 22:15:30 - preprocess - INFO - Train Epoch 1252 | Loss: 0.150545, Mean Loss: 0.156336
2025-12-19 22:15:31 - preprocess - INFO - Validation Epoch 1252 | Loss: 0.308352
2025-12-19 22:15:31 - preprocess - INFO - Last model saved: results/diffusion/unet-2000-epochs-correct-data/models/last_model.pth
2025-12-19 22:15:35 - preprocess - INFO - Train Epoch 1253 | Loss: 0.155110, Mean Loss: 0.155927
2025-12-19 22:15:36 - preprocess - INFO - Validation Epoch 1253 | Loss: 0.366639
2025-12-19 22:15:36 - preprocess - INFO - Last model saved: results/diffusion/unet-2000-epochs-correct-data/models/last_model.pth
2025-12-19 22:15:40 - preprocess - INFO - Train Epoch 1254 | Loss: 0.157864, Mean Loss: 0.156411
2025-12-19 22:15:41 - preprocess - INFO - Validation Epoch 1254 | Loss: 0.451271
2025-12-19 22:15:41 - preprocess - INFO - Last model saved: results/diffusion/unet-2000-epochs-correct-data/models/last_model.pth
2025-12-19 22:15:46 - preprocess - INFO - Train Epoch 1255 | Loss: 0.169574, Mean Loss: 0.159044
2025-12-19 22:15:47 - preprocess - INFO - Validation Epoch 1255 | Loss: 0.320623
2025-12-19 22:15:47 - preprocess - INFO - Last model saved: results/diffusion/unet-2000-epochs-correct-data/models/last_model.pth
2025-12-19 22:15:52 - preprocess - INFO - Train Epoch 1256 | Loss: 0.133534, Mean Loss: 0.154792
2025-12-19 22:15:53 - preprocess - INFO - Validation Epoch 1256 | Loss: 0.420829
2025-12-19 22:15:53 - preprocess - INFO - Last model saved: results/diffusion/unet-2000-epochs-correct-data/models/last_model.pth
2025-12-19 22:15:58 - preprocess - INFO - Train Epoch 1257 | Loss: 0.128723, Mean Loss: 0.151068
2025-12-19 22:15:59 - preprocess - INFO - Validation Epoch 1257 | Loss: 0.329832
2025-12-19 22:15:59 - preprocess - INFO - Last model saved: results/diffusion/unet-2000-epochs-correct-data/models/last_model.pth
2025-12-19 22:16:04 - preprocess - INFO - Train Epoch 1258 | Loss: 0.155013, Mean Loss: 0.151561
2025-12-19 22:16:05 - preprocess - INFO - Validation Epoch 1258 | Loss: 0.347277
2025-12-19 22:16:05 - preprocess - INFO - Last model saved: results/diffusion/unet-2000-epochs-correct-data/models/last_model.pth
2025-12-19 22:16:09 - preprocess - INFO - Train Epoch 1259 | Loss: 0.154434, Mean Loss: 0.151880
2025-12-19 22:16:10 - preprocess - INFO - Validation Epoch 1259 | Loss: 0.335112
2025-12-19 22:16:10 - preprocess - INFO - Last model saved: results/diffusion/unet-2000-epochs-correct-data/models/last_model.pth
2025-12-19 22:16:15 - preprocess - INFO - Train Epoch 1260 | Loss: 0.156489, Mean Loss: 0.152341
2025-12-19 22:16:15 - preprocess - INFO - Validation Epoch 1260 | Loss: 0.367446
2025-12-19 22:16:16 - preprocess - INFO - Last model saved: results/diffusion/unet-2000-epochs-correct-data/models/last_model.pth
2025-12-19 22:17:51 - preprocess - INFO - Train Epoch 1261 | Loss: 0.147952, Mean Loss: 0.147952
2025-12-19 22:17:52 - preprocess - INFO - Validation Epoch 1261 | Loss: 0.387974
2025-12-19 22:17:52 - preprocess - INFO - Last model saved: results/diffusion/unet-2000-epochs-correct-data/models/last_model.pth
2025-12-19 22:18:00 - preprocess - INFO - Train Epoch 1262 | Loss: 0.143845, Mean Loss: 0.145899
2025-12-19 22:18:01 - preprocess - INFO - Validation Epoch 1262 | Loss: 0.376358
2025-12-19 22:18:01 - preprocess - INFO - Last model saved: results/diffusion/unet-2000-epochs-correct-data/models/last_model.pth
2025-12-19 22:18:09 - preprocess - INFO - Train Epoch 1263 | Loss: 0.167575, Mean Loss: 0.153124
2025-12-19 22:18:10 - preprocess - INFO - Validation Epoch 1263 | Loss: 0.430611
2025-12-19 22:18:10 - preprocess - INFO - Last model saved: results/diffusion/unet-2000-epochs-correct-data/models/last_model.pth
2025-12-19 22:18:17 - preprocess - INFO - Train Epoch 1264 | Loss: 0.151300, Mean Loss: 0.152668
2025-12-19 22:18:19 - preprocess - INFO - Validation Epoch 1264 | Loss: 0.317166
2025-12-19 22:18:19 - preprocess - INFO - Last model saved: results/diffusion/unet-2000-epochs-correct-data/models/last_model.pth
2025-12-19 22:18:28 - preprocess - INFO - Train Epoch 1265 | Loss: 0.143168, Mean Loss: 0.150768
2025-12-19 22:18:29 - preprocess - INFO - Validation Epoch 1265 | Loss: 0.385964
2025-12-19 22:18:29 - preprocess - INFO - Last model saved: results/diffusion/unet-2000-epochs-correct-data/models/last_model.pth
2025-12-19 22:18:37 - preprocess - INFO - Train Epoch 1266 | Loss: 0.144142, Mean Loss: 0.149664
2025-12-19 22:18:39 - preprocess - INFO - Validation Epoch 1266 | Loss: 0.390667
2025-12-19 22:18:39 - preprocess - INFO - Last model saved: results/diffusion/unet-2000-epochs-correct-data/models/last_model.pth
2025-12-19 22:18:46 - preprocess - INFO - Train Epoch 1267 | Loss: 0.144943, Mean Loss: 0.148989
2025-12-19 22:18:48 - preprocess - INFO - Validation Epoch 1267 | Loss: 0.407776
2025-12-19 22:18:48 - preprocess - INFO - Last model saved: results/diffusion/unet-2000-epochs-correct-data/models/last_model.pth
2025-12-19 22:18:54 - preprocess - INFO - Train Epoch 1268 | Loss: 0.173613, Mean Loss: 0.152067
2025-12-19 22:18:54 - preprocess - INFO - Validation Epoch 1268 | Loss: 0.397171
2025-12-19 22:18:54 - preprocess - INFO - Last model saved: results/diffusion/unet-2000-epochs-correct-data/models/last_model.pth
2025-12-19 22:19:00 - preprocess - INFO - Train Epoch 1269 | Loss: 0.148661, Mean Loss: 0.151689
2025-12-19 22:19:01 - preprocess - INFO - Validation Epoch 1269 | Loss: 0.363120
2025-12-19 22:19:01 - preprocess - INFO - Last model saved: results/diffusion/unet-2000-epochs-correct-data/models/last_model.pth
2025-12-19 22:19:06 - preprocess - INFO - Train Epoch 1270 | Loss: 0.139488, Mean Loss: 0.150469
2025-12-19 22:19:06 - preprocess - INFO - Validation Epoch 1270 | Loss: 0.320888
2025-12-19 22:19:06 - preprocess - INFO - Last model saved: results/diffusion/unet-2000-epochs-correct-data/models/last_model.pth
2025-12-19 22:20:18 - preprocess - INFO - Train Epoch 1271 | Loss: 0.125326, Mean Loss: 0.125326
2025-12-19 22:20:18 - preprocess - INFO - Validation Epoch 1271 | Loss: 0.498093
2025-12-19 22:20:18 - preprocess - INFO - Last model saved: results/diffusion/unet-2000-epochs-correct-data/models/last_model.pth
2025-12-19 22:20:23 - preprocess - INFO - Train Epoch 1272 | Loss: 0.164003, Mean Loss: 0.144664
2025-12-19 22:20:24 - preprocess - INFO - Validation Epoch 1272 | Loss: 0.408153
2025-12-19 22:20:24 - preprocess - INFO - Last model saved: results/diffusion/unet-2000-epochs-correct-data/models/last_model.pth
2025-12-19 22:20:29 - preprocess - INFO - Train Epoch 1273 | Loss: 0.169525, Mean Loss: 0.152951
2025-12-19 22:20:30 - preprocess - INFO - Validation Epoch 1273 | Loss: 0.366895
2025-12-19 22:20:30 - preprocess - INFO - Last model saved: results/diffusion/unet-2000-epochs-correct-data/models/last_model.pth
2025-12-19 22:20:36 - preprocess - INFO - Train Epoch 1274 | Loss: 0.133901, Mean Loss: 0.148189
2025-12-19 22:20:37 - preprocess - INFO - Validation Epoch 1274 | Loss: 0.312383
2025-12-19 22:20:37 - preprocess - INFO - Last model saved: results/diffusion/unet-2000-epochs-correct-data/models/last_model.pth
2025-12-19 22:20:44 - preprocess - INFO - Train Epoch 1275 | Loss: 0.144240, Mean Loss: 0.147399
2025-12-19 22:20:45 - preprocess - INFO - Validation Epoch 1275 | Loss: 0.367202
2025-12-19 22:20:45 - preprocess - INFO - Last model saved: results/diffusion/unet-2000-epochs-correct-data/models/last_model.pth
2025-12-19 22:20:51 - preprocess - INFO - Train Epoch 1276 | Loss: 0.161519, Mean Loss: 0.149752
2025-12-19 22:20:52 - preprocess - INFO - Validation Epoch 1276 | Loss: 0.441575
2025-12-19 22:20:52 - preprocess - INFO - Last model saved: results/diffusion/unet-2000-epochs-correct-data/models/last_model.pth
2025-12-19 22:20:58 - preprocess - INFO - Train Epoch 1277 | Loss: 0.146842, Mean Loss: 0.149336
2025-12-19 22:20:59 - preprocess - INFO - Validation Epoch 1277 | Loss: 0.369044
2025-12-19 22:20:59 - preprocess - INFO - Last model saved: results/diffusion/unet-2000-epochs-correct-data/models/last_model.pth
2025-12-19 22:21:05 - preprocess - INFO - Train Epoch 1278 | Loss: 0.141792, Mean Loss: 0.148393
2025-12-19 22:21:06 - preprocess - INFO - Validation Epoch 1278 | Loss: 0.299740
2025-12-19 22:21:06 - preprocess - INFO - Last model saved: results/diffusion/unet-2000-epochs-correct-data/models/last_model.pth
2025-12-19 22:21:12 - preprocess - INFO - Train Epoch 1279 | Loss: 0.148155, Mean Loss: 0.148367
2025-12-19 22:21:13 - preprocess - INFO - Validation Epoch 1279 | Loss: 0.321831
2025-12-19 22:21:13 - preprocess - INFO - Last model saved: results/diffusion/unet-2000-epochs-correct-data/models/last_model.pth
2025-12-19 22:21:19 - preprocess - INFO - Train Epoch 1280 | Loss: 0.129957, Mean Loss: 0.146526
2025-12-19 22:21:19 - preprocess - INFO - Validation Epoch 1280 | Loss: 0.395267
2025-12-19 22:21:20 - preprocess - INFO - Last model saved: results/diffusion/unet-2000-epochs-correct-data/models/last_model.pth
2025-12-19 22:22:25 - preprocess - INFO - Train Epoch 1281 | Loss: 0.168321, Mean Loss: 0.168321
2025-12-19 22:22:25 - preprocess - INFO - Validation Epoch 1281 | Loss: 0.413421
2025-12-19 22:22:25 - preprocess - INFO - Last model saved: results/diffusion/unet-2000-epochs-correct-data/models/last_model.pth
2025-12-19 22:22:29 - preprocess - INFO - Train Epoch 1282 | Loss: 0.142993, Mean Loss: 0.155657
2025-12-19 22:22:30 - preprocess - INFO - Validation Epoch 1282 | Loss: 0.432065
2025-12-19 22:22:30 - preprocess - INFO - Last model saved: results/diffusion/unet-2000-epochs-correct-data/models/last_model.pth
2025-12-19 22:22:35 - preprocess - INFO - Train Epoch 1283 | Loss: 0.154686, Mean Loss: 0.155333
2025-12-19 22:22:36 - preprocess - INFO - Validation Epoch 1283 | Loss: 0.363387
2025-12-19 22:22:36 - preprocess - INFO - Last model saved: results/diffusion/unet-2000-epochs-correct-data/models/last_model.pth
2025-12-19 22:22:41 - preprocess - INFO - Train Epoch 1284 | Loss: 0.142169, Mean Loss: 0.152042
2025-12-19 22:22:43 - preprocess - INFO - Validation Epoch 1284 | Loss: 0.392313
2025-12-19 22:22:43 - preprocess - INFO - Last model saved: results/diffusion/unet-2000-epochs-correct-data/models/last_model.pth
2025-12-19 22:22:48 - preprocess - INFO - Train Epoch 1285 | Loss: 0.137617, Mean Loss: 0.149157
2025-12-19 22:22:49 - preprocess - INFO - Validation Epoch 1285 | Loss: 0.440630
2025-12-19 22:22:50 - preprocess - INFO - Last model saved: results/diffusion/unet-2000-epochs-correct-data/models/last_model.pth
2025-12-19 22:22:55 - preprocess - INFO - Train Epoch 1286 | Loss: 0.169755, Mean Loss: 0.152590
2025-12-19 22:22:56 - preprocess - INFO - Validation Epoch 1286 | Loss: 0.355180
2025-12-19 22:22:56 - preprocess - INFO - Last model saved: results/diffusion/unet-2000-epochs-correct-data/models/last_model.pth
2025-12-19 22:23:01 - preprocess - INFO - Train Epoch 1287 | Loss: 0.176561, Mean Loss: 0.156015
2025-12-19 22:23:03 - preprocess - INFO - Validation Epoch 1287 | Loss: 0.358550
2025-12-19 22:23:03 - preprocess - INFO - Last model saved: results/diffusion/unet-2000-epochs-correct-data/models/last_model.pth
2025-12-19 22:23:08 - preprocess - INFO - Train Epoch 1288 | Loss: 0.169729, Mean Loss: 0.157729
2025-12-19 22:23:09 - preprocess - INFO - Validation Epoch 1288 | Loss: 0.418335
2025-12-19 22:23:09 - preprocess - INFO - Last model saved: results/diffusion/unet-2000-epochs-correct-data/models/last_model.pth
2025-12-19 22:23:16 - preprocess - INFO - Train Epoch 1289 | Loss: 0.137773, Mean Loss: 0.155511
2025-12-19 22:23:17 - preprocess - INFO - Validation Epoch 1289 | Loss: 0.382151
2025-12-19 22:23:17 - preprocess - INFO - Last model saved: results/diffusion/unet-2000-epochs-correct-data/models/last_model.pth
2025-12-19 22:23:25 - preprocess - INFO - Train Epoch 1290 | Loss: 0.161479, Mean Loss: 0.156108
2025-12-19 22:23:27 - preprocess - INFO - Validation Epoch 1290 | Loss: 0.463937
2025-12-19 22:23:27 - preprocess - INFO - Last model saved: results/diffusion/unet-2000-epochs-correct-data/models/last_model.pth
2025-12-19 22:25:29 - preprocess - INFO - Train Epoch 1291 | Loss: 0.152443, Mean Loss: 0.152443
2025-12-19 22:25:30 - preprocess - INFO - Validation Epoch 1291 | Loss: 0.384713
2025-12-19 22:25:30 - preprocess - INFO - Last model saved: results/diffusion/unet-2000-epochs-correct-data/models/last_model.pth
2025-12-19 22:25:37 - preprocess - INFO - Train Epoch 1292 | Loss: 0.161572, Mean Loss: 0.157008
2025-12-19 22:25:38 - preprocess - INFO - Validation Epoch 1292 | Loss: 0.378325
2025-12-19 22:25:38 - preprocess - INFO - Last model saved: results/diffusion/unet-2000-epochs-correct-data/models/last_model.pth
2025-12-19 22:25:45 - preprocess - INFO - Train Epoch 1293 | Loss: 0.159779, Mean Loss: 0.157932
2025-12-19 22:25:46 - preprocess - INFO - Validation Epoch 1293 | Loss: 0.460041
2025-12-19 22:25:46 - preprocess - INFO - Last model saved: results/diffusion/unet-2000-epochs-correct-data/models/last_model.pth
2025-12-19 22:25:54 - preprocess - INFO - Train Epoch 1294 | Loss: 0.149133, Mean Loss: 0.155732
2025-12-19 22:25:55 - preprocess - INFO - Validation Epoch 1294 | Loss: 0.425523
2025-12-19 22:25:55 - preprocess - INFO - Last model saved: results/diffusion/unet-2000-epochs-correct-data/models/last_model.pth
2025-12-19 22:26:03 - preprocess - INFO - Train Epoch 1295 | Loss: 0.184579, Mean Loss: 0.161501
2025-12-19 22:26:04 - preprocess - INFO - Validation Epoch 1295 | Loss: 0.366536
2025-12-19 22:26:04 - preprocess - INFO - Last model saved: results/diffusion/unet-2000-epochs-correct-data/models/last_model.pth
2025-12-19 22:26:12 - preprocess - INFO - Train Epoch 1296 | Loss: 0.125230, Mean Loss: 0.155456
2025-12-19 22:26:13 - preprocess - INFO - Validation Epoch 1296 | Loss: 0.484496
2025-12-19 22:26:13 - preprocess - INFO - Last model saved: results/diffusion/unet-2000-epochs-correct-data/models/last_model.pth
2025-12-19 22:26:21 - preprocess - INFO - Train Epoch 1297 | Loss: 0.123316, Mean Loss: 0.150865
2025-12-19 22:26:22 - preprocess - INFO - Validation Epoch 1297 | Loss: 0.363666
2025-12-19 22:26:22 - preprocess - INFO - Last model saved: results/diffusion/unet-2000-epochs-correct-data/models/last_model.pth
2025-12-19 22:26:30 - preprocess - INFO - Train Epoch 1298 | Loss: 0.146628, Mean Loss: 0.150335
2025-12-19 22:26:31 - preprocess - INFO - Validation Epoch 1298 | Loss: 0.339599
2025-12-19 22:26:31 - preprocess - INFO - Last model saved: results/diffusion/unet-2000-epochs-correct-data/models/last_model.pth
2025-12-19 22:26:39 - preprocess - INFO - Train Epoch 1299 | Loss: 0.146570, Mean Loss: 0.149917
2025-12-19 22:26:40 - preprocess - INFO - Validation Epoch 1299 | Loss: 0.371664
2025-12-19 22:26:40 - preprocess - INFO - Last model saved: results/diffusion/unet-2000-epochs-correct-data/models/last_model.pth
2025-12-19 22:26:52 - preprocess - INFO - Train Epoch 1300 | Loss: 0.135480, Mean Loss: 0.148473
2025-12-19 22:26:54 - preprocess - INFO - Validation Epoch 1300 | Loss: 0.438931
2025-12-19 22:26:54 - preprocess - INFO - Last model saved: results/diffusion/unet-2000-epochs-correct-data/models/last_model.pth
2025-12-19 22:29:01 - preprocess - INFO - Train Epoch 1301 | Loss: 0.127215, Mean Loss: 0.127215
2025-12-19 22:29:02 - preprocess - INFO - Validation Epoch 1301 | Loss: 0.368440
2025-12-19 22:29:02 - preprocess - INFO - Last model saved: results/diffusion/unet-2000-epochs-correct-data/models/last_model.pth
2025-12-19 22:29:10 - preprocess - INFO - Train Epoch 1302 | Loss: 0.134464, Mean Loss: 0.130839
2025-12-19 22:29:11 - preprocess - INFO - Validation Epoch 1302 | Loss: 0.440541
2025-12-19 22:29:11 - preprocess - INFO - Last model saved: results/diffusion/unet-2000-epochs-correct-data/models/last_model.pth
2025-12-19 22:29:18 - preprocess - INFO - Train Epoch 1303 | Loss: 0.157371, Mean Loss: 0.139683
2025-12-19 22:29:19 - preprocess - INFO - Validation Epoch 1303 | Loss: 0.367679
2025-12-19 22:29:19 - preprocess - INFO - Last model saved: results/diffusion/unet-2000-epochs-correct-data/models/last_model.pth
2025-12-19 22:29:27 - preprocess - INFO - Train Epoch 1304 | Loss: 0.140890, Mean Loss: 0.139985
2025-12-19 22:29:28 - preprocess - INFO - Validation Epoch 1304 | Loss: 0.346582
2025-12-19 22:29:28 - preprocess - INFO - Last model saved: results/diffusion/unet-2000-epochs-correct-data/models/last_model.pth
2025-12-19 22:29:36 - preprocess - INFO - Train Epoch 1305 | Loss: 0.166150, Mean Loss: 0.145218
2025-12-19 22:29:37 - preprocess - INFO - Validation Epoch 1305 | Loss: 0.404702
2025-12-19 22:29:37 - preprocess - INFO - Last model saved: results/diffusion/unet-2000-epochs-correct-data/models/last_model.pth
2025-12-19 22:29:45 - preprocess - INFO - Train Epoch 1306 | Loss: 0.153696, Mean Loss: 0.146631
2025-12-19 22:29:46 - preprocess - INFO - Validation Epoch 1306 | Loss: 0.259665
2025-12-19 22:29:46 - preprocess - INFO - Last model saved: results/diffusion/unet-2000-epochs-correct-data/models/last_model.pth
2025-12-19 22:29:54 - preprocess - INFO - Train Epoch 1307 | Loss: 0.158310, Mean Loss: 0.148299
2025-12-19 22:29:55 - preprocess - INFO - Validation Epoch 1307 | Loss: 0.428570
2025-12-19 22:29:55 - preprocess - INFO - Last model saved: results/diffusion/unet-2000-epochs-correct-data/models/last_model.pth
2025-12-19 22:30:03 - preprocess - INFO - Train Epoch 1308 | Loss: 0.145835, Mean Loss: 0.147991
2025-12-19 22:30:04 - preprocess - INFO - Validation Epoch 1308 | Loss: 0.406295
2025-12-19 22:30:04 - preprocess - INFO - Last model saved: results/diffusion/unet-2000-epochs-correct-data/models/last_model.pth
2025-12-19 22:30:11 - preprocess - INFO - Train Epoch 1309 | Loss: 0.141598, Mean Loss: 0.147281
2025-12-19 22:30:12 - preprocess - INFO - Validation Epoch 1309 | Loss: 0.377837
2025-12-19 22:30:13 - preprocess - INFO - Last model saved: results/diffusion/unet-2000-epochs-correct-data/models/last_model.pth
2025-12-19 22:30:20 - preprocess - INFO - Train Epoch 1310 | Loss: 0.162116, Mean Loss: 0.148764
2025-12-19 22:30:22 - preprocess - INFO - Validation Epoch 1310 | Loss: 0.365085
2025-12-19 22:30:22 - preprocess - INFO - Last model saved: results/diffusion/unet-2000-epochs-correct-data/models/last_model.pth
2025-12-19 22:32:23 - preprocess - INFO - Train Epoch 1311 | Loss: 0.134508, Mean Loss: 0.134508
2025-12-19 22:32:25 - preprocess - INFO - Validation Epoch 1311 | Loss: 0.410954
2025-12-19 22:32:25 - preprocess - INFO - Last model saved: results/diffusion/unet-2000-epochs-correct-data/models/last_model.pth
2025-12-19 22:32:32 - preprocess - INFO - Train Epoch 1312 | Loss: 0.156215, Mean Loss: 0.145361
2025-12-19 22:32:34 - preprocess - INFO - Validation Epoch 1312 | Loss: 0.395934
2025-12-19 22:32:34 - preprocess - INFO - Last model saved: results/diffusion/unet-2000-epochs-correct-data/models/last_model.pth
2025-12-19 22:32:42 - preprocess - INFO - Train Epoch 1313 | Loss: 0.151638, Mean Loss: 0.147454
2025-12-19 22:32:43 - preprocess - INFO - Validation Epoch 1313 | Loss: 0.361788
2025-12-19 22:32:43 - preprocess - INFO - Last model saved: results/diffusion/unet-2000-epochs-correct-data/models/last_model.pth
2025-12-19 22:32:51 - preprocess - INFO - Train Epoch 1314 | Loss: 0.159323, Mean Loss: 0.150421
2025-12-19 22:32:53 - preprocess - INFO - Validation Epoch 1314 | Loss: 0.378188
2025-12-19 22:32:53 - preprocess - INFO - Last model saved: results/diffusion/unet-2000-epochs-correct-data/models/last_model.pth
2025-12-19 22:33:01 - preprocess - INFO - Train Epoch 1315 | Loss: 0.143804, Mean Loss: 0.149098
2025-12-19 22:33:03 - preprocess - INFO - Validation Epoch 1315 | Loss: 0.472131
2025-12-19 22:33:03 - preprocess - INFO - Last model saved: results/diffusion/unet-2000-epochs-correct-data/models/last_model.pth
2025-12-19 22:33:11 - preprocess - INFO - Train Epoch 1316 | Loss: 0.165636, Mean Loss: 0.151854
2025-12-19 22:33:13 - preprocess - INFO - Validation Epoch 1316 | Loss: 0.322360
2025-12-19 22:33:13 - preprocess - INFO - Last model saved: results/diffusion/unet-2000-epochs-correct-data/models/last_model.pth
2025-12-19 22:33:21 - preprocess - INFO - Train Epoch 1317 | Loss: 0.146369, Mean Loss: 0.151071
2025-12-19 22:33:23 - preprocess - INFO - Validation Epoch 1317 | Loss: 0.385643
2025-12-19 22:33:23 - preprocess - INFO - Last model saved: results/diffusion/unet-2000-epochs-correct-data/models/last_model.pth
2025-12-19 22:33:31 - preprocess - INFO - Train Epoch 1318 | Loss: 0.155042, Mean Loss: 0.151567
2025-12-19 22:33:33 - preprocess - INFO - Validation Epoch 1318 | Loss: 0.452132
2025-12-19 22:33:33 - preprocess - INFO - Last model saved: results/diffusion/unet-2000-epochs-correct-data/models/last_model.pth
2025-12-19 22:33:41 - preprocess - INFO - Train Epoch 1319 | Loss: 0.142411, Mean Loss: 0.150550
2025-12-19 22:33:42 - preprocess - INFO - Validation Epoch 1319 | Loss: 0.519083
2025-12-19 22:33:42 - preprocess - INFO - Last model saved: results/diffusion/unet-2000-epochs-correct-data/models/last_model.pth
2025-12-19 22:33:50 - preprocess - INFO - Train Epoch 1320 | Loss: 0.130504, Mean Loss: 0.148545
2025-12-19 22:33:52 - preprocess - INFO - Validation Epoch 1320 | Loss: 0.364508
2025-12-19 22:33:52 - preprocess - INFO - Last model saved: results/diffusion/unet-2000-epochs-correct-data/models/last_model.pth
2025-12-19 22:35:45 - preprocess - INFO - Train Epoch 1321 | Loss: 0.151866, Mean Loss: 0.151866
2025-12-19 22:35:47 - preprocess - INFO - Validation Epoch 1321 | Loss: 0.393760
2025-12-19 22:35:47 - preprocess - INFO - Last model saved: results/diffusion/unet-2000-epochs-correct-data/models/last_model.pth
2025-12-19 22:35:55 - preprocess - INFO - Train Epoch 1322 | Loss: 0.143302, Mean Loss: 0.147584
2025-12-19 22:35:56 - preprocess - INFO - Validation Epoch 1322 | Loss: 0.384210
2025-12-19 22:35:56 - preprocess - INFO - Last model saved: results/diffusion/unet-2000-epochs-correct-data/models/last_model.pth
2025-12-19 22:36:04 - preprocess - INFO - Train Epoch 1323 | Loss: 0.147684, Mean Loss: 0.147618
2025-12-19 22:36:05 - preprocess - INFO - Validation Epoch 1323 | Loss: 0.473391
2025-12-19 22:36:05 - preprocess - INFO - Last model saved: results/diffusion/unet-2000-epochs-correct-data/models/last_model.pth
2025-12-19 22:36:13 - preprocess - INFO - Train Epoch 1324 | Loss: 0.137777, Mean Loss: 0.145157
2025-12-19 22:36:15 - preprocess - INFO - Validation Epoch 1324 | Loss: 0.420854
2025-12-19 22:36:15 - preprocess - INFO - Last model saved: results/diffusion/unet-2000-epochs-correct-data/models/last_model.pth
2025-12-19 22:36:27 - preprocess - INFO - Train Epoch 1325 | Loss: 0.143030, Mean Loss: 0.144732
2025-12-19 22:36:28 - preprocess - INFO - Validation Epoch 1325 | Loss: 0.334263
2025-12-19 22:36:28 - preprocess - INFO - Last model saved: results/diffusion/unet-2000-epochs-correct-data/models/last_model.pth
2025-12-19 22:36:37 - preprocess - INFO - Train Epoch 1326 | Loss: 0.137772, Mean Loss: 0.143572
2025-12-19 22:36:38 - preprocess - INFO - Validation Epoch 1326 | Loss: 0.401621
2025-12-19 22:36:38 - preprocess - INFO - Last model saved: results/diffusion/unet-2000-epochs-correct-data/models/last_model.pth
2025-12-19 22:36:47 - preprocess - INFO - Train Epoch 1327 | Loss: 0.154280, Mean Loss: 0.145102
2025-12-19 22:36:48 - preprocess - INFO - Validation Epoch 1327 | Loss: 0.408843
2025-12-19 22:36:49 - preprocess - INFO - Last model saved: results/diffusion/unet-2000-epochs-correct-data/models/last_model.pth
2025-12-19 22:36:57 - preprocess - INFO - Train Epoch 1328 | Loss: 0.167624, Mean Loss: 0.147917
2025-12-19 22:36:58 - preprocess - INFO - Validation Epoch 1328 | Loss: 0.428374
2025-12-19 22:36:58 - preprocess - INFO - Last model saved: results/diffusion/unet-2000-epochs-correct-data/models/last_model.pth
2025-12-19 22:37:07 - preprocess - INFO - Train Epoch 1329 | Loss: 0.138698, Mean Loss: 0.146893
2025-12-19 22:37:09 - preprocess - INFO - Validation Epoch 1329 | Loss: 0.353311
2025-12-19 22:37:09 - preprocess - INFO - Last model saved: results/diffusion/unet-2000-epochs-correct-data/models/last_model.pth
2025-12-19 22:37:17 - preprocess - INFO - Train Epoch 1330 | Loss: 0.131169, Mean Loss: 0.145320
2025-12-19 22:37:19 - preprocess - INFO - Validation Epoch 1330 | Loss: 0.464928
2025-12-19 22:37:19 - preprocess - INFO - Last model saved: results/diffusion/unet-2000-epochs-correct-data/models/last_model.pth
2025-12-19 22:39:16 - preprocess - INFO - Train Epoch 1331 | Loss: 0.164570, Mean Loss: 0.164570
2025-12-19 22:39:18 - preprocess - INFO - Validation Epoch 1331 | Loss: 0.376289
2025-12-19 22:39:18 - preprocess - INFO - Last model saved: results/diffusion/unet-2000-epochs-correct-data/models/last_model.pth
2025-12-19 22:39:24 - preprocess - INFO - Train Epoch 1332 | Loss: 0.142974, Mean Loss: 0.153772
2025-12-19 22:39:26 - preprocess - INFO - Validation Epoch 1332 | Loss: 0.543694
2025-12-19 22:39:26 - preprocess - INFO - Last model saved: results/diffusion/unet-2000-epochs-correct-data/models/last_model.pth
2025-12-19 22:39:33 - preprocess - INFO - Train Epoch 1333 | Loss: 0.160027, Mean Loss: 0.155857
2025-12-19 22:39:34 - preprocess - INFO - Validation Epoch 1333 | Loss: 0.452778
2025-12-19 22:39:34 - preprocess - INFO - Last model saved: results/diffusion/unet-2000-epochs-correct-data/models/last_model.pth
2025-12-19 22:39:41 - preprocess - INFO - Train Epoch 1334 | Loss: 0.150254, Mean Loss: 0.154456
2025-12-19 22:39:43 - preprocess - INFO - Validation Epoch 1334 | Loss: 0.360926
2025-12-19 22:39:43 - preprocess - INFO - Last model saved: results/diffusion/unet-2000-epochs-correct-data/models/last_model.pth
2025-12-19 22:39:50 - preprocess - INFO - Train Epoch 1335 | Loss: 0.143753, Mean Loss: 0.152316
2025-12-19 22:39:52 - preprocess - INFO - Validation Epoch 1335 | Loss: 0.379450
2025-12-19 22:39:52 - preprocess - INFO - Last model saved: results/diffusion/unet-2000-epochs-correct-data/models/last_model.pth
2025-12-19 22:39:59 - preprocess - INFO - Train Epoch 1336 | Loss: 0.152084, Mean Loss: 0.152277
2025-12-19 22:40:01 - preprocess - INFO - Validation Epoch 1336 | Loss: 0.354618
2025-12-19 22:40:01 - preprocess - INFO - Last model saved: results/diffusion/unet-2000-epochs-correct-data/models/last_model.pth
2025-12-19 22:40:09 - preprocess - INFO - Train Epoch 1337 | Loss: 0.156015, Mean Loss: 0.152811
2025-12-19 22:40:11 - preprocess - INFO - Validation Epoch 1337 | Loss: 0.374398
2025-12-19 22:40:11 - preprocess - INFO - Last model saved: results/diffusion/unet-2000-epochs-correct-data/models/last_model.pth
2025-12-19 22:40:19 - preprocess - INFO - Train Epoch 1338 | Loss: 0.141627, Mean Loss: 0.151413
2025-12-19 22:40:21 - preprocess - INFO - Validation Epoch 1338 | Loss: 0.379551
2025-12-19 22:40:21 - preprocess - INFO - Last model saved: results/diffusion/unet-2000-epochs-correct-data/models/last_model.pth
2025-12-19 22:40:29 - preprocess - INFO - Train Epoch 1339 | Loss: 0.131580, Mean Loss: 0.149209
2025-12-19 22:40:31 - preprocess - INFO - Validation Epoch 1339 | Loss: 0.385986
2025-12-19 22:40:31 - preprocess - INFO - Last model saved: results/diffusion/unet-2000-epochs-correct-data/models/last_model.pth
2025-12-19 22:40:39 - preprocess - INFO - Train Epoch 1340 | Loss: 0.155820, Mean Loss: 0.149870
2025-12-19 22:40:41 - preprocess - INFO - Validation Epoch 1340 | Loss: 0.441938
2025-12-19 22:40:41 - preprocess - INFO - Last model saved: results/diffusion/unet-2000-epochs-correct-data/models/last_model.pth
2025-12-19 22:42:47 - preprocess - INFO - Train Epoch 1341 | Loss: 0.137924, Mean Loss: 0.137924
2025-12-19 22:42:48 - preprocess - INFO - Validation Epoch 1341 | Loss: 0.489784
2025-12-19 22:42:48 - preprocess - INFO - Last model saved: results/diffusion/unet-2000-epochs-correct-data/models/last_model.pth
2025-12-19 22:42:55 - preprocess - INFO - Train Epoch 1342 | Loss: 0.149679, Mean Loss: 0.143801
2025-12-19 22:42:56 - preprocess - INFO - Validation Epoch 1342 | Loss: 0.397881
2025-12-19 22:42:56 - preprocess - INFO - Last model saved: results/diffusion/unet-2000-epochs-correct-data/models/last_model.pth
2025-12-19 22:43:03 - preprocess - INFO - Train Epoch 1343 | Loss: 0.147046, Mean Loss: 0.144883
2025-12-19 22:43:04 - preprocess - INFO - Validation Epoch 1343 | Loss: 0.376940
2025-12-19 22:43:04 - preprocess - INFO - Last model saved: results/diffusion/unet-2000-epochs-correct-data/models/last_model.pth
2025-12-19 22:43:11 - preprocess - INFO - Train Epoch 1344 | Loss: 0.144496, Mean Loss: 0.144786
2025-12-19 22:43:13 - preprocess - INFO - Validation Epoch 1344 | Loss: 0.361098
2025-12-19 22:43:13 - preprocess - INFO - Last model saved: results/diffusion/unet-2000-epochs-correct-data/models/last_model.pth
2025-12-19 22:43:20 - preprocess - INFO - Train Epoch 1345 | Loss: 0.144782, Mean Loss: 0.144785
2025-12-19 22:43:22 - preprocess - INFO - Validation Epoch 1345 | Loss: 0.377530
2025-12-19 22:43:22 - preprocess - INFO - Last model saved: results/diffusion/unet-2000-epochs-correct-data/models/last_model.pth
2025-12-19 22:43:30 - preprocess - INFO - Train Epoch 1346 | Loss: 0.122942, Mean Loss: 0.141145
2025-12-19 22:43:31 - preprocess - INFO - Validation Epoch 1346 | Loss: 0.424124
2025-12-19 22:43:31 - preprocess - INFO - Last model saved: results/diffusion/unet-2000-epochs-correct-data/models/last_model.pth
2025-12-19 22:43:39 - preprocess - INFO - Train Epoch 1347 | Loss: 0.153409, Mean Loss: 0.142897
2025-12-19 22:43:40 - preprocess - INFO - Validation Epoch 1347 | Loss: 0.392673
2025-12-19 22:43:40 - preprocess - INFO - Last model saved: results/diffusion/unet-2000-epochs-correct-data/models/last_model.pth
2025-12-19 22:43:48 - preprocess - INFO - Train Epoch 1348 | Loss: 0.139744, Mean Loss: 0.142503
2025-12-19 22:43:49 - preprocess - INFO - Validation Epoch 1348 | Loss: 0.379684
2025-12-19 22:43:49 - preprocess - INFO - Last model saved: results/diffusion/unet-2000-epochs-correct-data/models/last_model.pth
2025-12-19 22:43:57 - preprocess - INFO - Train Epoch 1349 | Loss: 0.147926, Mean Loss: 0.143105
2025-12-19 22:43:58 - preprocess - INFO - Validation Epoch 1349 | Loss: 0.373457
2025-12-19 22:43:58 - preprocess - INFO - Last model saved: results/diffusion/unet-2000-epochs-correct-data/models/last_model.pth
2025-12-19 22:44:09 - preprocess - INFO - Train Epoch 1350 | Loss: 0.149884, Mean Loss: 0.143783
2025-12-19 22:44:10 - preprocess - INFO - Validation Epoch 1350 | Loss: 0.366614
2025-12-19 22:44:10 - preprocess - INFO - Last model saved: results/diffusion/unet-2000-epochs-correct-data/models/last_model.pth
2025-12-19 22:46:03 - preprocess - INFO - Train Epoch 1351 | Loss: 0.136190, Mean Loss: 0.136190
2025-12-19 22:46:04 - preprocess - INFO - Validation Epoch 1351 | Loss: 0.265873
2025-12-19 22:46:04 - preprocess - INFO - Last model saved: results/diffusion/unet-2000-epochs-correct-data/models/last_model.pth
2025-12-19 22:46:12 - preprocess - INFO - Train Epoch 1352 | Loss: 0.147230, Mean Loss: 0.141710
2025-12-19 22:46:13 - preprocess - INFO - Validation Epoch 1352 | Loss: 0.359172
2025-12-19 22:46:13 - preprocess - INFO - Last model saved: results/diffusion/unet-2000-epochs-correct-data/models/last_model.pth
2025-12-19 22:46:21 - preprocess - INFO - Train Epoch 1353 | Loss: 0.170390, Mean Loss: 0.151270
2025-12-19 22:46:22 - preprocess - INFO - Validation Epoch 1353 | Loss: 0.460606
2025-12-19 22:46:22 - preprocess - INFO - Last model saved: results/diffusion/unet-2000-epochs-correct-data/models/last_model.pth
2025-12-19 22:46:31 - preprocess - INFO - Train Epoch 1354 | Loss: 0.156663, Mean Loss: 0.152618
2025-12-19 22:46:32 - preprocess - INFO - Validation Epoch 1354 | Loss: 0.464914
2025-12-19 22:46:32 - preprocess - INFO - Last model saved: results/diffusion/unet-2000-epochs-correct-data/models/last_model.pth
2025-12-19 22:46:41 - preprocess - INFO - Train Epoch 1355 | Loss: 0.145798, Mean Loss: 0.151254
2025-12-19 22:46:43 - preprocess - INFO - Validation Epoch 1355 | Loss: 0.430732
2025-12-19 22:46:43 - preprocess - INFO - Last model saved: results/diffusion/unet-2000-epochs-correct-data/models/last_model.pth
2025-12-19 22:46:51 - preprocess - INFO - Train Epoch 1356 | Loss: 0.165942, Mean Loss: 0.153702
2025-12-19 22:46:52 - preprocess - INFO - Validation Epoch 1356 | Loss: 0.456448
2025-12-19 22:46:52 - preprocess - INFO - Last model saved: results/diffusion/unet-2000-epochs-correct-data/models/last_model.pth
2025-12-19 22:47:00 - preprocess - INFO - Train Epoch 1357 | Loss: 0.139391, Mean Loss: 0.151658
2025-12-19 22:47:01 - preprocess - INFO - Validation Epoch 1357 | Loss: 0.448637
2025-12-19 22:47:01 - preprocess - INFO - Last model saved: results/diffusion/unet-2000-epochs-correct-data/models/last_model.pth
2025-12-19 22:47:09 - preprocess - INFO - Train Epoch 1358 | Loss: 0.146539, Mean Loss: 0.151018
2025-12-19 22:47:10 - preprocess - INFO - Validation Epoch 1358 | Loss: 0.357717
2025-12-19 22:47:10 - preprocess - INFO - Last model saved: results/diffusion/unet-2000-epochs-correct-data/models/last_model.pth
2025-12-19 22:47:17 - preprocess - INFO - Train Epoch 1359 | Loss: 0.132274, Mean Loss: 0.148935
2025-12-19 22:47:19 - preprocess - INFO - Validation Epoch 1359 | Loss: 0.413169
2025-12-19 22:47:19 - preprocess - INFO - Last model saved: results/diffusion/unet-2000-epochs-correct-data/models/last_model.pth
2025-12-19 22:47:25 - preprocess - INFO - Train Epoch 1360 | Loss: 0.146300, Mean Loss: 0.148672
2025-12-19 22:47:26 - preprocess - INFO - Validation Epoch 1360 | Loss: 0.444383
2025-12-19 22:47:26 - preprocess - INFO - Last model saved: results/diffusion/unet-2000-epochs-correct-data/models/last_model.pth
2025-12-19 22:48:36 - preprocess - INFO - Train Epoch 1361 | Loss: 0.147486, Mean Loss: 0.147486
2025-12-19 22:48:37 - preprocess - INFO - Validation Epoch 1361 | Loss: 0.398792
2025-12-19 22:48:37 - preprocess - INFO - Last model saved: results/diffusion/unet-2000-epochs-correct-data/models/last_model.pth
2025-12-19 22:48:42 - preprocess - INFO - Train Epoch 1362 | Loss: 0.154040, Mean Loss: 0.150763
2025-12-19 22:48:43 - preprocess - INFO - Validation Epoch 1362 | Loss: 0.453346
2025-12-19 22:48:43 - preprocess - INFO - Last model saved: results/diffusion/unet-2000-epochs-correct-data/models/last_model.pth
2025-12-19 22:48:48 - preprocess - INFO - Train Epoch 1363 | Loss: 0.150994, Mean Loss: 0.150840
2025-12-19 22:48:49 - preprocess - INFO - Validation Epoch 1363 | Loss: 0.421706
2025-12-19 22:48:49 - preprocess - INFO - Last model saved: results/diffusion/unet-2000-epochs-correct-data/models/last_model.pth
2025-12-19 22:48:54 - preprocess - INFO - Train Epoch 1364 | Loss: 0.144950, Mean Loss: 0.149367
2025-12-19 22:48:55 - preprocess - INFO - Validation Epoch 1364 | Loss: 0.384089
2025-12-19 22:48:55 - preprocess - INFO - Last model saved: results/diffusion/unet-2000-epochs-correct-data/models/last_model.pth
2025-12-19 22:49:01 - preprocess - INFO - Train Epoch 1365 | Loss: 0.146885, Mean Loss: 0.148871
2025-12-19 22:49:02 - preprocess - INFO - Validation Epoch 1365 | Loss: 0.416344
2025-12-19 22:49:02 - preprocess - INFO - Last model saved: results/diffusion/unet-2000-epochs-correct-data/models/last_model.pth
2025-12-19 22:49:08 - preprocess - INFO - Train Epoch 1366 | Loss: 0.159372, Mean Loss: 0.150621
2025-12-19 22:49:09 - preprocess - INFO - Validation Epoch 1366 | Loss: 0.437493
2025-12-19 22:49:09 - preprocess - INFO - Last model saved: results/diffusion/unet-2000-epochs-correct-data/models/last_model.pth
2025-12-19 22:49:15 - preprocess - INFO - Train Epoch 1367 | Loss: 0.130411, Mean Loss: 0.147734
2025-12-19 22:49:16 - preprocess - INFO - Validation Epoch 1367 | Loss: 0.395568
2025-12-19 22:49:16 - preprocess - INFO - Last model saved: results/diffusion/unet-2000-epochs-correct-data/models/last_model.pth
2025-12-19 22:49:22 - preprocess - INFO - Train Epoch 1368 | Loss: 0.134950, Mean Loss: 0.146136
2025-12-19 22:49:23 - preprocess - INFO - Validation Epoch 1368 | Loss: 0.420054
2025-12-19 22:49:23 - preprocess - INFO - Last model saved: results/diffusion/unet-2000-epochs-correct-data/models/last_model.pth
2025-12-19 22:49:29 - preprocess - INFO - Train Epoch 1369 | Loss: 0.136266, Mean Loss: 0.145039
2025-12-19 22:49:30 - preprocess - INFO - Validation Epoch 1369 | Loss: 0.322594
2025-12-19 22:49:30 - preprocess - INFO - Last model saved: results/diffusion/unet-2000-epochs-correct-data/models/last_model.pth
2025-12-19 22:49:36 - preprocess - INFO - Train Epoch 1370 | Loss: 0.122125, Mean Loss: 0.142748
2025-12-19 22:49:37 - preprocess - INFO - Validation Epoch 1370 | Loss: 0.327994
2025-12-19 22:49:37 - preprocess - INFO - Last model saved: results/diffusion/unet-2000-epochs-correct-data/models/last_model.pth
2025-12-19 22:50:43 - preprocess - INFO - Train Epoch 1371 | Loss: 0.146368, Mean Loss: 0.146368
2025-12-19 22:50:43 - preprocess - INFO - Validation Epoch 1371 | Loss: 0.379799
2025-12-19 22:50:43 - preprocess - INFO - Last model saved: results/diffusion/unet-2000-epochs-correct-data/models/last_model.pth
2025-12-19 22:50:47 - preprocess - INFO - Train Epoch 1372 | Loss: 0.166788, Mean Loss: 0.156578
2025-12-19 22:50:48 - preprocess - INFO - Validation Epoch 1372 | Loss: 0.378543
2025-12-19 22:50:48 - preprocess - INFO - Last model saved: results/diffusion/unet-2000-epochs-correct-data/models/last_model.pth
2025-12-19 22:50:52 - preprocess - INFO - Train Epoch 1373 | Loss: 0.126435, Mean Loss: 0.146530
2025-12-19 22:50:53 - preprocess - INFO - Validation Epoch 1373 | Loss: 0.436529
2025-12-19 22:50:53 - preprocess - INFO - Last model saved: results/diffusion/unet-2000-epochs-correct-data/models/last_model.pth
2025-12-19 22:50:58 - preprocess - INFO - Train Epoch 1374 | Loss: 0.137331, Mean Loss: 0.144230
2025-12-19 22:50:59 - preprocess - INFO - Validation Epoch 1374 | Loss: 0.393106
2025-12-19 22:50:59 - preprocess - INFO - Last model saved: results/diffusion/unet-2000-epochs-correct-data/models/last_model.pth
2025-12-19 22:51:07 - preprocess - INFO - Train Epoch 1375 | Loss: 0.153997, Mean Loss: 0.146184
2025-12-19 22:51:08 - preprocess - INFO - Validation Epoch 1375 | Loss: 0.340769
2025-12-19 22:51:08 - preprocess - INFO - Last model saved: results/diffusion/unet-2000-epochs-correct-data/models/last_model.pth
2025-12-19 22:51:14 - preprocess - INFO - Train Epoch 1376 | Loss: 0.130411, Mean Loss: 0.143555
2025-12-19 22:51:15 - preprocess - INFO - Validation Epoch 1376 | Loss: 0.456099
2025-12-19 22:51:15 - preprocess - INFO - Last model saved: results/diffusion/unet-2000-epochs-correct-data/models/last_model.pth
2025-12-19 22:51:21 - preprocess - INFO - Train Epoch 1377 | Loss: 0.138819, Mean Loss: 0.142878
2025-12-19 22:51:22 - preprocess - INFO - Validation Epoch 1377 | Loss: 0.383208
2025-12-19 22:51:22 - preprocess - INFO - Last model saved: results/diffusion/unet-2000-epochs-correct-data/models/last_model.pth
2025-12-19 22:51:27 - preprocess - INFO - Train Epoch 1378 | Loss: 0.130070, Mean Loss: 0.141277
2025-12-19 22:51:28 - preprocess - INFO - Validation Epoch 1378 | Loss: 0.407461
2025-12-19 22:51:28 - preprocess - INFO - Last model saved: results/diffusion/unet-2000-epochs-correct-data/models/last_model.pth
2025-12-19 22:51:34 - preprocess - INFO - Train Epoch 1379 | Loss: 0.148799, Mean Loss: 0.142113
2025-12-19 22:51:35 - preprocess - INFO - Validation Epoch 1379 | Loss: 0.462140
2025-12-19 22:51:35 - preprocess - INFO - Last model saved: results/diffusion/unet-2000-epochs-correct-data/models/last_model.pth
2025-12-19 22:51:41 - preprocess - INFO - Train Epoch 1380 | Loss: 0.145538, Mean Loss: 0.142456
2025-12-19 22:51:42 - preprocess - INFO - Validation Epoch 1380 | Loss: 0.287122
2025-12-19 22:51:42 - preprocess - INFO - Last model saved: results/diffusion/unet-2000-epochs-correct-data/models/last_model.pth
2025-12-19 22:52:55 - preprocess - INFO - Train Epoch 1381 | Loss: 0.152687, Mean Loss: 0.152687
2025-12-19 22:52:56 - preprocess - INFO - Validation Epoch 1381 | Loss: 0.386865
2025-12-19 22:52:56 - preprocess - INFO - Last model saved: results/diffusion/unet-2000-epochs-correct-data/models/last_model.pth
2025-12-19 22:53:00 - preprocess - INFO - Train Epoch 1382 | Loss: 0.133131, Mean Loss: 0.142909
2025-12-19 22:53:01 - preprocess - INFO - Validation Epoch 1382 | Loss: 0.420184
2025-12-19 22:53:01 - preprocess - INFO - Last model saved: results/diffusion/unet-2000-epochs-correct-data/models/last_model.pth
2025-12-19 22:53:05 - preprocess - INFO - Train Epoch 1383 | Loss: 0.133789, Mean Loss: 0.139869
2025-12-19 22:53:06 - preprocess - INFO - Validation Epoch 1383 | Loss: 0.408137
2025-12-19 22:53:06 - preprocess - INFO - Last model saved: results/diffusion/unet-2000-epochs-correct-data/models/last_model.pth
2025-12-19 22:53:10 - preprocess - INFO - Train Epoch 1384 | Loss: 0.146041, Mean Loss: 0.141412
2025-12-19 22:53:11 - preprocess - INFO - Validation Epoch 1384 | Loss: 0.445997
2025-12-19 22:53:11 - preprocess - INFO - Last model saved: results/diffusion/unet-2000-epochs-correct-data/models/last_model.pth
2025-12-19 22:53:16 - preprocess - INFO - Train Epoch 1385 | Loss: 0.139391, Mean Loss: 0.141008
2025-12-19 22:53:16 - preprocess - INFO - Validation Epoch 1385 | Loss: 0.439674
2025-12-19 22:53:17 - preprocess - INFO - Last model saved: results/diffusion/unet-2000-epochs-correct-data/models/last_model.pth
2025-12-19 22:53:21 - preprocess - INFO - Train Epoch 1386 | Loss: 0.147872, Mean Loss: 0.142152
2025-12-19 22:53:22 - preprocess - INFO - Validation Epoch 1386 | Loss: 0.558873
2025-12-19 22:53:22 - preprocess - INFO - Last model saved: results/diffusion/unet-2000-epochs-correct-data/models/last_model.pth
2025-12-19 22:53:27 - preprocess - INFO - Train Epoch 1387 | Loss: 0.128575, Mean Loss: 0.140212
2025-12-19 22:53:28 - preprocess - INFO - Validation Epoch 1387 | Loss: 0.363813
2025-12-19 22:53:28 - preprocess - INFO - Last model saved: results/diffusion/unet-2000-epochs-correct-data/models/last_model.pth
2025-12-19 22:53:33 - preprocess - INFO - Train Epoch 1388 | Loss: 0.154873, Mean Loss: 0.142045
2025-12-19 22:53:34 - preprocess - INFO - Validation Epoch 1388 | Loss: 0.490848
2025-12-19 22:53:34 - preprocess - INFO - Last model saved: results/diffusion/unet-2000-epochs-correct-data/models/last_model.pth
2025-12-19 22:53:39 - preprocess - INFO - Train Epoch 1389 | Loss: 0.149947, Mean Loss: 0.142923
2025-12-19 22:53:40 - preprocess - INFO - Validation Epoch 1389 | Loss: 0.387194
2025-12-19 22:53:40 - preprocess - INFO - Last model saved: results/diffusion/unet-2000-epochs-correct-data/models/last_model.pth
2025-12-19 22:53:45 - preprocess - INFO - Train Epoch 1390 | Loss: 0.155940, Mean Loss: 0.144225
2025-12-19 22:53:46 - preprocess - INFO - Validation Epoch 1390 | Loss: 0.520263
2025-12-19 22:53:46 - preprocess - INFO - Last model saved: results/diffusion/unet-2000-epochs-correct-data/models/last_model.pth
2025-12-19 22:55:06 - preprocess - INFO - Train Epoch 1391 | Loss: 0.162039, Mean Loss: 0.162039
2025-12-19 22:55:07 - preprocess - INFO - Validation Epoch 1391 | Loss: 0.296292
2025-12-19 22:55:07 - preprocess - INFO - Last model saved: results/diffusion/unet-2000-epochs-correct-data/models/last_model.pth
2025-12-19 22:55:12 - preprocess - INFO - Train Epoch 1392 | Loss: 0.133850, Mean Loss: 0.147944
2025-12-19 22:55:13 - preprocess - INFO - Validation Epoch 1392 | Loss: 0.436633
2025-12-19 22:55:13 - preprocess - INFO - Last model saved: results/diffusion/unet-2000-epochs-correct-data/models/last_model.pth
2025-12-19 22:55:17 - preprocess - INFO - Train Epoch 1393 | Loss: 0.155610, Mean Loss: 0.150500
2025-12-19 22:55:18 - preprocess - INFO - Validation Epoch 1393 | Loss: 0.377081
2025-12-19 22:55:18 - preprocess - INFO - Last model saved: results/diffusion/unet-2000-epochs-correct-data/models/last_model.pth
2025-12-19 22:55:22 - preprocess - INFO - Train Epoch 1394 | Loss: 0.150087, Mean Loss: 0.150396
2025-12-19 22:55:23 - preprocess - INFO - Validation Epoch 1394 | Loss: 0.405153
2025-12-19 22:55:23 - preprocess - INFO - Last model saved: results/diffusion/unet-2000-epochs-correct-data/models/last_model.pth
2025-12-19 22:55:28 - preprocess - INFO - Train Epoch 1395 | Loss: 0.143568, Mean Loss: 0.149031
2025-12-19 22:55:29 - preprocess - INFO - Validation Epoch 1395 | Loss: 0.442051
2025-12-19 22:55:29 - preprocess - INFO - Last model saved: results/diffusion/unet-2000-epochs-correct-data/models/last_model.pth
2025-12-19 22:55:34 - preprocess - INFO - Train Epoch 1396 | Loss: 0.154500, Mean Loss: 0.149942
2025-12-19 22:55:35 - preprocess - INFO - Validation Epoch 1396 | Loss: 0.390638
2025-12-19 22:55:35 - preprocess - INFO - Last model saved: results/diffusion/unet-2000-epochs-correct-data/models/last_model.pth
2025-12-19 22:55:40 - preprocess - INFO - Train Epoch 1397 | Loss: 0.151926, Mean Loss: 0.150226
2025-12-19 22:55:40 - preprocess - INFO - Validation Epoch 1397 | Loss: 0.300980
2025-12-19 22:55:40 - preprocess - INFO - Last model saved: results/diffusion/unet-2000-epochs-correct-data/models/last_model.pth
2025-12-19 22:55:45 - preprocess - INFO - Train Epoch 1398 | Loss: 0.141523, Mean Loss: 0.149138
2025-12-19 22:55:46 - preprocess - INFO - Validation Epoch 1398 | Loss: 0.368674
2025-12-19 22:55:46 - preprocess - INFO - Last model saved: results/diffusion/unet-2000-epochs-correct-data/models/last_model.pth
2025-12-19 22:55:51 - preprocess - INFO - Train Epoch 1399 | Loss: 0.118988, Mean Loss: 0.145788
2025-12-19 22:55:52 - preprocess - INFO - Validation Epoch 1399 | Loss: 0.435568
2025-12-19 22:55:52 - preprocess - INFO - Last model saved: results/diffusion/unet-2000-epochs-correct-data/models/last_model.pth
2025-12-19 22:55:58 - preprocess - INFO - Train Epoch 1400 | Loss: 0.157356, Mean Loss: 0.146945
2025-12-19 22:55:59 - preprocess - INFO - Validation Epoch 1400 | Loss: 0.409693
2025-12-19 22:55:59 - preprocess - INFO - Last model saved: results/diffusion/unet-2000-epochs-correct-data/models/last_model.pth
2025-12-19 22:57:16 - preprocess - INFO - Train Epoch 1401 | Loss: 0.145779, Mean Loss: 0.145779
2025-12-19 22:57:17 - preprocess - INFO - Validation Epoch 1401 | Loss: 0.415777
2025-12-19 22:57:17 - preprocess - INFO - Last model saved: results/diffusion/unet-2000-epochs-correct-data/models/last_model.pth
2025-12-19 22:57:22 - preprocess - INFO - Train Epoch 1402 | Loss: 0.148773, Mean Loss: 0.147276
2025-12-19 22:57:23 - preprocess - INFO - Validation Epoch 1402 | Loss: 0.420314
2025-12-19 22:57:23 - preprocess - INFO - Last model saved: results/diffusion/unet-2000-epochs-correct-data/models/last_model.pth
2025-12-19 22:57:28 - preprocess - INFO - Train Epoch 1403 | Loss: 0.141246, Mean Loss: 0.145266
2025-12-19 22:57:29 - preprocess - INFO - Validation Epoch 1403 | Loss: 0.353971
2025-12-19 22:57:29 - preprocess - INFO - Last model saved: results/diffusion/unet-2000-epochs-correct-data/models/last_model.pth
2025-12-19 22:57:34 - preprocess - INFO - Train Epoch 1404 | Loss: 0.147833, Mean Loss: 0.145908
2025-12-19 22:57:35 - preprocess - INFO - Validation Epoch 1404 | Loss: 0.445885
2025-12-19 22:57:35 - preprocess - INFO - Last model saved: results/diffusion/unet-2000-epochs-correct-data/models/last_model.pth
2025-12-19 22:57:41 - preprocess - INFO - Train Epoch 1405 | Loss: 0.143921, Mean Loss: 0.145511
2025-12-19 22:57:42 - preprocess - INFO - Validation Epoch 1405 | Loss: 0.304177
2025-12-19 22:57:42 - preprocess - INFO - Last model saved: results/diffusion/unet-2000-epochs-correct-data/models/last_model.pth
2025-12-19 22:57:48 - preprocess - INFO - Train Epoch 1406 | Loss: 0.130911, Mean Loss: 0.143077
2025-12-19 22:57:49 - preprocess - INFO - Validation Epoch 1406 | Loss: 0.329318
2025-12-19 22:57:49 - preprocess - INFO - Last model saved: results/diffusion/unet-2000-epochs-correct-data/models/last_model.pth
2025-12-19 22:57:55 - preprocess - INFO - Train Epoch 1407 | Loss: 0.122911, Mean Loss: 0.140196
2025-12-19 22:57:56 - preprocess - INFO - Validation Epoch 1407 | Loss: 0.411500
2025-12-19 22:57:56 - preprocess - INFO - Last model saved: results/diffusion/unet-2000-epochs-correct-data/models/last_model.pth
2025-12-19 22:58:02 - preprocess - INFO - Train Epoch 1408 | Loss: 0.136214, Mean Loss: 0.139699
2025-12-19 22:58:03 - preprocess - INFO - Validation Epoch 1408 | Loss: 0.512064
2025-12-19 22:58:03 - preprocess - INFO - Last model saved: results/diffusion/unet-2000-epochs-correct-data/models/last_model.pth
2025-12-19 22:58:07 - preprocess - INFO - Train Epoch 1409 | Loss: 0.146961, Mean Loss: 0.140506
2025-12-19 22:58:08 - preprocess - INFO - Validation Epoch 1409 | Loss: 0.390271
2025-12-19 22:58:08 - preprocess - INFO - Last model saved: results/diffusion/unet-2000-epochs-correct-data/models/last_model.pth
2025-12-19 22:58:13 - preprocess - INFO - Train Epoch 1410 | Loss: 0.148998, Mean Loss: 0.141355
2025-12-19 22:58:14 - preprocess - INFO - Validation Epoch 1410 | Loss: 0.451051
2025-12-19 22:58:14 - preprocess - INFO - Last model saved: results/diffusion/unet-2000-epochs-correct-data/models/last_model.pth
2025-12-19 22:59:21 - preprocess - INFO - Train Epoch 1411 | Loss: 0.143918, Mean Loss: 0.143918
2025-12-19 22:59:22 - preprocess - INFO - Validation Epoch 1411 | Loss: 0.404437
2025-12-19 22:59:22 - preprocess - INFO - Last model saved: results/diffusion/unet-2000-epochs-correct-data/models/last_model.pth
2025-12-19 22:59:27 - preprocess - INFO - Train Epoch 1412 | Loss: 0.155230, Mean Loss: 0.149574
2025-12-19 22:59:28 - preprocess - INFO - Validation Epoch 1412 | Loss: 0.425672
2025-12-19 22:59:28 - preprocess - INFO - Last model saved: results/diffusion/unet-2000-epochs-correct-data/models/last_model.pth
2025-12-19 22:59:33 - preprocess - INFO - Train Epoch 1413 | Loss: 0.160013, Mean Loss: 0.153053
2025-12-19 22:59:34 - preprocess - INFO - Validation Epoch 1413 | Loss: 0.366980
2025-12-19 22:59:34 - preprocess - INFO - Last model saved: results/diffusion/unet-2000-epochs-correct-data/models/last_model.pth
2025-12-19 22:59:40 - preprocess - INFO - Train Epoch 1414 | Loss: 0.142299, Mean Loss: 0.150365
2025-12-19 22:59:41 - preprocess - INFO - Validation Epoch 1414 | Loss: 0.344132
2025-12-19 22:59:41 - preprocess - INFO - Last model saved: results/diffusion/unet-2000-epochs-correct-data/models/last_model.pth
2025-12-19 22:59:46 - preprocess - INFO - Train Epoch 1415 | Loss: 0.150775, Mean Loss: 0.150447
2025-12-19 22:59:48 - preprocess - INFO - Validation Epoch 1415 | Loss: 0.479689
2025-12-19 22:59:48 - preprocess - INFO - Last model saved: results/diffusion/unet-2000-epochs-correct-data/models/last_model.pth
2025-12-19 22:59:53 - preprocess - INFO - Train Epoch 1416 | Loss: 0.133381, Mean Loss: 0.147603
2025-12-19 22:59:54 - preprocess - INFO - Validation Epoch 1416 | Loss: 0.414493
2025-12-19 22:59:54 - preprocess - INFO - Last model saved: results/diffusion/unet-2000-epochs-correct-data/models/last_model.pth
2025-12-19 23:00:00 - preprocess - INFO - Train Epoch 1417 | Loss: 0.138478, Mean Loss: 0.146299
2025-12-19 23:00:01 - preprocess - INFO - Validation Epoch 1417 | Loss: 0.473382
2025-12-19 23:00:01 - preprocess - INFO - Last model saved: results/diffusion/unet-2000-epochs-correct-data/models/last_model.pth
2025-12-19 23:00:07 - preprocess - INFO - Train Epoch 1418 | Loss: 0.146022, Mean Loss: 0.146265
2025-12-19 23:00:08 - preprocess - INFO - Validation Epoch 1418 | Loss: 0.424342
2025-12-19 23:00:08 - preprocess - INFO - Last model saved: results/diffusion/unet-2000-epochs-correct-data/models/last_model.pth
2025-12-19 23:00:14 - preprocess - INFO - Train Epoch 1419 | Loss: 0.148923, Mean Loss: 0.146560
2025-12-19 23:00:15 - preprocess - INFO - Validation Epoch 1419 | Loss: 0.473282
2025-12-19 23:00:15 - preprocess - INFO - Last model saved: results/diffusion/unet-2000-epochs-correct-data/models/last_model.pth
2025-12-19 23:00:22 - preprocess - INFO - Train Epoch 1420 | Loss: 0.165222, Mean Loss: 0.148426
2025-12-19 23:00:24 - preprocess - INFO - Validation Epoch 1420 | Loss: 0.417127
2025-12-19 23:00:24 - preprocess - INFO - Last model saved: results/diffusion/unet-2000-epochs-correct-data/models/last_model.pth
2025-12-19 23:02:25 - preprocess - INFO - Train Epoch 1421 | Loss: 0.145501, Mean Loss: 0.145501
2025-12-19 23:02:26 - preprocess - INFO - Validation Epoch 1421 | Loss: 0.438701
2025-12-19 23:02:26 - preprocess - INFO - Last model saved: results/diffusion/unet-2000-epochs-correct-data/models/last_model.pth
2025-12-19 23:02:33 - preprocess - INFO - Train Epoch 1422 | Loss: 0.142296, Mean Loss: 0.143898
2025-12-19 23:02:34 - preprocess - INFO - Validation Epoch 1422 | Loss: 0.344269
2025-12-19 23:02:34 - preprocess - INFO - Last model saved: results/diffusion/unet-2000-epochs-correct-data/models/last_model.pth
2025-12-19 23:02:42 - preprocess - INFO - Train Epoch 1423 | Loss: 0.127903, Mean Loss: 0.138566
2025-12-19 23:02:43 - preprocess - INFO - Validation Epoch 1423 | Loss: 0.472503
2025-12-19 23:02:43 - preprocess - INFO - Last model saved: results/diffusion/unet-2000-epochs-correct-data/models/last_model.pth
2025-12-19 23:02:50 - preprocess - INFO - Train Epoch 1424 | Loss: 0.150718, Mean Loss: 0.141604
2025-12-19 23:02:52 - preprocess - INFO - Validation Epoch 1424 | Loss: 0.488895
2025-12-19 23:02:52 - preprocess - INFO - Last model saved: results/diffusion/unet-2000-epochs-correct-data/models/last_model.pth
2025-12-19 23:03:03 - preprocess - INFO - Train Epoch 1425 | Loss: 0.119898, Mean Loss: 0.137263
2025-12-19 23:03:04 - preprocess - INFO - Validation Epoch 1425 | Loss: 0.432868
2025-12-19 23:03:04 - preprocess - INFO - Last model saved: results/diffusion/unet-2000-epochs-correct-data/models/last_model.pth
2025-12-19 23:03:13 - preprocess - INFO - Train Epoch 1426 | Loss: 0.134267, Mean Loss: 0.136764
2025-12-19 23:03:14 - preprocess - INFO - Validation Epoch 1426 | Loss: 0.430152
2025-12-19 23:03:14 - preprocess - INFO - Last model saved: results/diffusion/unet-2000-epochs-correct-data/models/last_model.pth
2025-12-19 23:03:21 - preprocess - INFO - Train Epoch 1427 | Loss: 0.138986, Mean Loss: 0.137081
2025-12-19 23:03:22 - preprocess - INFO - Validation Epoch 1427 | Loss: 0.374193
2025-12-19 23:03:22 - preprocess - INFO - Last model saved: results/diffusion/unet-2000-epochs-correct-data/models/last_model.pth
2025-12-19 23:03:28 - preprocess - INFO - Train Epoch 1428 | Loss: 0.152006, Mean Loss: 0.138947
2025-12-19 23:03:29 - preprocess - INFO - Validation Epoch 1428 | Loss: 0.446408
2025-12-19 23:03:29 - preprocess - INFO - Last model saved: results/diffusion/unet-2000-epochs-correct-data/models/last_model.pth
2025-12-19 23:03:35 - preprocess - INFO - Train Epoch 1429 | Loss: 0.133879, Mean Loss: 0.138384
2025-12-19 23:03:36 - preprocess - INFO - Validation Epoch 1429 | Loss: 0.398524
2025-12-19 23:03:36 - preprocess - INFO - Last model saved: results/diffusion/unet-2000-epochs-correct-data/models/last_model.pth
2025-12-19 23:03:42 - preprocess - INFO - Train Epoch 1430 | Loss: 0.144900, Mean Loss: 0.139035
2025-12-19 23:03:43 - preprocess - INFO - Validation Epoch 1430 | Loss: 0.470553
2025-12-19 23:03:43 - preprocess - INFO - Last model saved: results/diffusion/unet-2000-epochs-correct-data/models/last_model.pth
2025-12-19 23:04:59 - preprocess - INFO - Train Epoch 1431 | Loss: 0.139575, Mean Loss: 0.139575
2025-12-19 23:05:00 - preprocess - INFO - Validation Epoch 1431 | Loss: 0.439032
2025-12-19 23:05:00 - preprocess - INFO - Last model saved: results/diffusion/unet-2000-epochs-correct-data/models/last_model.pth
2025-12-19 23:05:04 - preprocess - INFO - Train Epoch 1432 | Loss: 0.136949, Mean Loss: 0.138262
2025-12-19 23:05:04 - preprocess - INFO - Validation Epoch 1432 | Loss: 0.417919
2025-12-19 23:05:04 - preprocess - INFO - Last model saved: results/diffusion/unet-2000-epochs-correct-data/models/last_model.pth
2025-12-19 23:05:08 - preprocess - INFO - Train Epoch 1433 | Loss: 0.154831, Mean Loss: 0.143785
2025-12-19 23:05:09 - preprocess - INFO - Validation Epoch 1433 | Loss: 0.339358
2025-12-19 23:05:09 - preprocess - INFO - Last model saved: results/diffusion/unet-2000-epochs-correct-data/models/last_model.pth
2025-12-19 23:05:14 - preprocess - INFO - Train Epoch 1434 | Loss: 0.131682, Mean Loss: 0.140759
2025-12-19 23:05:15 - preprocess - INFO - Validation Epoch 1434 | Loss: 0.364298
2025-12-19 23:05:15 - preprocess - INFO - Last model saved: results/diffusion/unet-2000-epochs-correct-data/models/last_model.pth
2025-12-19 23:05:20 - preprocess - INFO - Train Epoch 1435 | Loss: 0.141574, Mean Loss: 0.140922
2025-12-19 23:05:20 - preprocess - INFO - Validation Epoch 1435 | Loss: 0.447434
2025-12-19 23:05:20 - preprocess - INFO - Last model saved: results/diffusion/unet-2000-epochs-correct-data/models/last_model.pth
2025-12-19 23:05:25 - preprocess - INFO - Train Epoch 1436 | Loss: 0.134118, Mean Loss: 0.139788
2025-12-19 23:05:26 - preprocess - INFO - Validation Epoch 1436 | Loss: 0.457437
2025-12-19 23:05:26 - preprocess - INFO - Last model saved: results/diffusion/unet-2000-epochs-correct-data/models/last_model.pth
2025-12-19 23:05:31 - preprocess - INFO - Train Epoch 1437 | Loss: 0.137916, Mean Loss: 0.139521
2025-12-19 23:05:32 - preprocess - INFO - Validation Epoch 1437 | Loss: 0.308144
2025-12-19 23:05:32 - preprocess - INFO - Last model saved: results/diffusion/unet-2000-epochs-correct-data/models/last_model.pth
2025-12-19 23:05:37 - preprocess - INFO - Train Epoch 1438 | Loss: 0.149676, Mean Loss: 0.140790
2025-12-19 23:05:38 - preprocess - INFO - Validation Epoch 1438 | Loss: 0.376821
2025-12-19 23:05:38 - preprocess - INFO - Last model saved: results/diffusion/unet-2000-epochs-correct-data/models/last_model.pth
2025-12-19 23:05:43 - preprocess - INFO - Train Epoch 1439 | Loss: 0.129647, Mean Loss: 0.139552
2025-12-19 23:05:44 - preprocess - INFO - Validation Epoch 1439 | Loss: 0.317868
2025-12-19 23:05:44 - preprocess - INFO - Last model saved: results/diffusion/unet-2000-epochs-correct-data/models/last_model.pth
2025-12-19 23:05:49 - preprocess - INFO - Train Epoch 1440 | Loss: 0.162357, Mean Loss: 0.141833
2025-12-19 23:05:50 - preprocess - INFO - Validation Epoch 1440 | Loss: 0.440029
2025-12-19 23:05:50 - preprocess - INFO - Last model saved: results/diffusion/unet-2000-epochs-correct-data/models/last_model.pth
2025-12-19 23:07:08 - preprocess - INFO - Train Epoch 1441 | Loss: 0.141692, Mean Loss: 0.141692
2025-12-19 23:07:09 - preprocess - INFO - Validation Epoch 1441 | Loss: 0.370753
2025-12-19 23:07:09 - preprocess - INFO - Last model saved: results/diffusion/unet-2000-epochs-correct-data/models/last_model.pth
2025-12-19 23:07:14 - preprocess - INFO - Train Epoch 1442 | Loss: 0.130376, Mean Loss: 0.136034
2025-12-19 23:07:15 - preprocess - INFO - Validation Epoch 1442 | Loss: 0.457709
2025-12-19 23:07:15 - preprocess - INFO - Last model saved: results/diffusion/unet-2000-epochs-correct-data/models/last_model.pth
2025-12-19 23:07:21 - preprocess - INFO - Train Epoch 1443 | Loss: 0.153256, Mean Loss: 0.141775
2025-12-19 23:07:23 - preprocess - INFO - Validation Epoch 1443 | Loss: 0.437495
2025-12-19 23:07:23 - preprocess - INFO - Last model saved: results/diffusion/unet-2000-epochs-correct-data/models/last_model.pth
2025-12-19 23:07:31 - preprocess - INFO - Train Epoch 1444 | Loss: 0.156854, Mean Loss: 0.145545
2025-12-19 23:07:33 - preprocess - INFO - Validation Epoch 1444 | Loss: 0.397612
2025-12-19 23:07:33 - preprocess - INFO - Last model saved: results/diffusion/unet-2000-epochs-correct-data/models/last_model.pth
2025-12-19 23:07:41 - preprocess - INFO - Train Epoch 1445 | Loss: 0.144120, Mean Loss: 0.145260
2025-12-19 23:07:43 - preprocess - INFO - Validation Epoch 1445 | Loss: 0.439005
2025-12-19 23:07:43 - preprocess - INFO - Last model saved: results/diffusion/unet-2000-epochs-correct-data/models/last_model.pth
2025-12-19 23:07:50 - preprocess - INFO - Train Epoch 1446 | Loss: 0.145613, Mean Loss: 0.145318
2025-12-19 23:07:52 - preprocess - INFO - Validation Epoch 1446 | Loss: 0.398034
2025-12-19 23:07:52 - preprocess - INFO - Last model saved: results/diffusion/unet-2000-epochs-correct-data/models/last_model.pth
2025-12-19 23:07:59 - preprocess - INFO - Train Epoch 1447 | Loss: 0.156330, Mean Loss: 0.146892
2025-12-19 23:08:01 - preprocess - INFO - Validation Epoch 1447 | Loss: 0.420662
2025-12-19 23:08:01 - preprocess - INFO - Last model saved: results/diffusion/unet-2000-epochs-correct-data/models/last_model.pth
2025-12-19 23:08:09 - preprocess - INFO - Train Epoch 1448 | Loss: 0.147459, Mean Loss: 0.146963
2025-12-19 23:08:10 - preprocess - INFO - Validation Epoch 1448 | Loss: 0.410294
2025-12-19 23:08:10 - preprocess - INFO - Last model saved: results/diffusion/unet-2000-epochs-correct-data/models/last_model.pth
2025-12-19 23:08:18 - preprocess - INFO - Train Epoch 1449 | Loss: 0.168062, Mean Loss: 0.149307
2025-12-19 23:08:19 - preprocess - INFO - Validation Epoch 1449 | Loss: 0.350203
2025-12-19 23:08:19 - preprocess - INFO - Last model saved: results/diffusion/unet-2000-epochs-correct-data/models/last_model.pth
2025-12-19 23:08:30 - preprocess - INFO - Train Epoch 1450 | Loss: 0.142021, Mean Loss: 0.148578
2025-12-19 23:08:31 - preprocess - INFO - Validation Epoch 1450 | Loss: 0.389825
2025-12-19 23:08:31 - preprocess - INFO - Last model saved: results/diffusion/unet-2000-epochs-correct-data/models/last_model.pth
2025-12-19 23:10:29 - preprocess - INFO - Train Epoch 1451 | Loss: 0.152591, Mean Loss: 0.152591
2025-12-19 23:10:30 - preprocess - INFO - Validation Epoch 1451 | Loss: 0.459076
2025-12-19 23:10:30 - preprocess - INFO - Last model saved: results/diffusion/unet-2000-epochs-correct-data/models/last_model.pth
2025-12-19 23:10:35 - preprocess - INFO - Train Epoch 1452 | Loss: 0.123695, Mean Loss: 0.138143
2025-12-19 23:10:36 - preprocess - INFO - Validation Epoch 1452 | Loss: 0.422427
2025-12-19 23:10:36 - preprocess - INFO - Last model saved: results/diffusion/unet-2000-epochs-correct-data/models/last_model.pth
2025-12-19 23:10:41 - preprocess - INFO - Train Epoch 1453 | Loss: 0.141977, Mean Loss: 0.139421
2025-12-19 23:10:42 - preprocess - INFO - Validation Epoch 1453 | Loss: 0.476221
2025-12-19 23:10:42 - preprocess - INFO - Last model saved: results/diffusion/unet-2000-epochs-correct-data/models/last_model.pth
2025-12-19 23:10:48 - preprocess - INFO - Train Epoch 1454 | Loss: 0.144397, Mean Loss: 0.140665
2025-12-19 23:10:48 - preprocess - INFO - Validation Epoch 1454 | Loss: 0.360808
2025-12-19 23:10:48 - preprocess - INFO - Last model saved: results/diffusion/unet-2000-epochs-correct-data/models/last_model.pth
2025-12-19 23:10:54 - preprocess - INFO - Train Epoch 1455 | Loss: 0.142771, Mean Loss: 0.141086
2025-12-19 23:10:55 - preprocess - INFO - Validation Epoch 1455 | Loss: 0.511456
2025-12-19 23:10:55 - preprocess - INFO - Last model saved: results/diffusion/unet-2000-epochs-correct-data/models/last_model.pth
2025-12-19 23:11:01 - preprocess - INFO - Train Epoch 1456 | Loss: 0.141658, Mean Loss: 0.141182
2025-12-19 23:11:02 - preprocess - INFO - Validation Epoch 1456 | Loss: 0.429746
2025-12-19 23:11:02 - preprocess - INFO - Last model saved: results/diffusion/unet-2000-epochs-correct-data/models/last_model.pth
2025-12-19 23:11:08 - preprocess - INFO - Train Epoch 1457 | Loss: 0.137691, Mean Loss: 0.140683
2025-12-19 23:11:09 - preprocess - INFO - Validation Epoch 1457 | Loss: 0.456923
2025-12-19 23:11:09 - preprocess - INFO - Last model saved: results/diffusion/unet-2000-epochs-correct-data/models/last_model.pth
2025-12-19 23:11:14 - preprocess - INFO - Train Epoch 1458 | Loss: 0.143386, Mean Loss: 0.141021
2025-12-19 23:11:15 - preprocess - INFO - Validation Epoch 1458 | Loss: 0.438030
2025-12-19 23:11:15 - preprocess - INFO - Last model saved: results/diffusion/unet-2000-epochs-correct-data/models/last_model.pth
2025-12-19 23:11:21 - preprocess - INFO - Train Epoch 1459 | Loss: 0.137764, Mean Loss: 0.140659
2025-12-19 23:11:22 - preprocess - INFO - Validation Epoch 1459 | Loss: 0.429877
2025-12-19 23:11:22 - preprocess - INFO - Last model saved: results/diffusion/unet-2000-epochs-correct-data/models/last_model.pth
2025-12-19 23:11:28 - preprocess - INFO - Train Epoch 1460 | Loss: 0.142579, Mean Loss: 0.140851
2025-12-19 23:11:29 - preprocess - INFO - Validation Epoch 1460 | Loss: 0.376081
2025-12-19 23:11:29 - preprocess - INFO - Last model saved: results/diffusion/unet-2000-epochs-correct-data/models/last_model.pth
2025-12-19 23:12:34 - preprocess - INFO - Train Epoch 1461 | Loss: 0.134558, Mean Loss: 0.134558
2025-12-19 23:12:35 - preprocess - INFO - Validation Epoch 1461 | Loss: 0.336617
2025-12-19 23:12:35 - preprocess - INFO - Last model saved: results/diffusion/unet-2000-epochs-correct-data/models/last_model.pth
2025-12-19 23:12:39 - preprocess - INFO - Train Epoch 1462 | Loss: 0.146989, Mean Loss: 0.140773
2025-12-19 23:12:40 - preprocess - INFO - Validation Epoch 1462 | Loss: 0.343285
2025-12-19 23:12:40 - preprocess - INFO - Last model saved: results/diffusion/unet-2000-epochs-correct-data/models/last_model.pth
2025-12-19 23:12:45 - preprocess - INFO - Train Epoch 1463 | Loss: 0.137742, Mean Loss: 0.139763
2025-12-19 23:12:46 - preprocess - INFO - Validation Epoch 1463 | Loss: 0.427108
2025-12-19 23:12:46 - preprocess - INFO - Last model saved: results/diffusion/unet-2000-epochs-correct-data/models/last_model.pth
2025-12-19 23:12:52 - preprocess - INFO - Train Epoch 1464 | Loss: 0.139492, Mean Loss: 0.139695
2025-12-19 23:12:53 - preprocess - INFO - Validation Epoch 1464 | Loss: 0.448552
2025-12-19 23:12:53 - preprocess - INFO - Last model saved: results/diffusion/unet-2000-epochs-correct-data/models/last_model.pth
2025-12-19 23:12:59 - preprocess - INFO - Train Epoch 1465 | Loss: 0.143318, Mean Loss: 0.140420
2025-12-19 23:13:00 - preprocess - INFO - Validation Epoch 1465 | Loss: 0.250349
2025-12-19 23:13:00 - preprocess - INFO - Last model saved: results/diffusion/unet-2000-epochs-correct-data/models/last_model.pth
2025-12-19 23:13:05 - preprocess - INFO - Train Epoch 1466 | Loss: 0.142866, Mean Loss: 0.140827
2025-12-19 23:13:07 - preprocess - INFO - Validation Epoch 1466 | Loss: 0.392974
2025-12-19 23:13:07 - preprocess - INFO - Last model saved: results/diffusion/unet-2000-epochs-correct-data/models/last_model.pth
2025-12-19 23:13:12 - preprocess - INFO - Train Epoch 1467 | Loss: 0.149631, Mean Loss: 0.142085
2025-12-19 23:13:13 - preprocess - INFO - Validation Epoch 1467 | Loss: 0.413537
2025-12-19 23:13:13 - preprocess - INFO - Last model saved: results/diffusion/unet-2000-epochs-correct-data/models/last_model.pth
2025-12-19 23:13:19 - preprocess - INFO - Train Epoch 1468 | Loss: 0.147170, Mean Loss: 0.142721
2025-12-19 23:13:20 - preprocess - INFO - Validation Epoch 1468 | Loss: 0.446742
2025-12-19 23:13:20 - preprocess - INFO - Last model saved: results/diffusion/unet-2000-epochs-correct-data/models/last_model.pth
2025-12-19 23:13:26 - preprocess - INFO - Train Epoch 1469 | Loss: 0.136487, Mean Loss: 0.142028
2025-12-19 23:13:27 - preprocess - INFO - Validation Epoch 1469 | Loss: 0.425352
2025-12-19 23:13:27 - preprocess - INFO - Last model saved: results/diffusion/unet-2000-epochs-correct-data/models/last_model.pth
2025-12-19 23:13:33 - preprocess - INFO - Train Epoch 1470 | Loss: 0.158166, Mean Loss: 0.143642
2025-12-19 23:13:34 - preprocess - INFO - Validation Epoch 1470 | Loss: 0.318857
2025-12-19 23:13:34 - preprocess - INFO - Last model saved: results/diffusion/unet-2000-epochs-correct-data/models/last_model.pth
2025-12-19 23:14:46 - preprocess - INFO - Train Epoch 1471 | Loss: 0.131639, Mean Loss: 0.131639
2025-12-19 23:14:47 - preprocess - INFO - Validation Epoch 1471 | Loss: 0.335367
2025-12-19 23:14:47 - preprocess - INFO - Last model saved: results/diffusion/unet-2000-epochs-correct-data/models/last_model.pth
2025-12-19 23:14:51 - preprocess - INFO - Train Epoch 1472 | Loss: 0.140579, Mean Loss: 0.136109
2025-12-19 23:14:52 - preprocess - INFO - Validation Epoch 1472 | Loss: 0.414258
2025-12-19 23:14:52 - preprocess - INFO - Last model saved: results/diffusion/unet-2000-epochs-correct-data/models/last_model.pth
2025-12-19 23:14:56 - preprocess - INFO - Train Epoch 1473 | Loss: 0.135762, Mean Loss: 0.135993
2025-12-19 23:14:56 - preprocess - INFO - Validation Epoch 1473 | Loss: 0.506762
2025-12-19 23:14:56 - preprocess - INFO - Last model saved: results/diffusion/unet-2000-epochs-correct-data/models/last_model.pth
2025-12-19 23:15:01 - preprocess - INFO - Train Epoch 1474 | Loss: 0.137278, Mean Loss: 0.136315
2025-12-19 23:15:02 - preprocess - INFO - Validation Epoch 1474 | Loss: 0.448180
2025-12-19 23:15:02 - preprocess - INFO - Last model saved: results/diffusion/unet-2000-epochs-correct-data/models/last_model.pth
2025-12-19 23:15:08 - preprocess - INFO - Train Epoch 1475 | Loss: 0.130676, Mean Loss: 0.135187
2025-12-19 23:15:09 - preprocess - INFO - Validation Epoch 1475 | Loss: 0.377219
2025-12-19 23:15:09 - preprocess - INFO - Last model saved: results/diffusion/unet-2000-epochs-correct-data/models/last_model.pth
2025-12-19 23:15:14 - preprocess - INFO - Train Epoch 1476 | Loss: 0.142405, Mean Loss: 0.136390
2025-12-19 23:15:15 - preprocess - INFO - Validation Epoch 1476 | Loss: 0.404668
2025-12-19 23:15:15 - preprocess - INFO - Last model saved: results/diffusion/unet-2000-epochs-correct-data/models/last_model.pth
2025-12-19 23:15:20 - preprocess - INFO - Train Epoch 1477 | Loss: 0.151225, Mean Loss: 0.138509
2025-12-19 23:15:21 - preprocess - INFO - Validation Epoch 1477 | Loss: 0.465848
2025-12-19 23:15:21 - preprocess - INFO - Last model saved: results/diffusion/unet-2000-epochs-correct-data/models/last_model.pth
2025-12-19 23:15:26 - preprocess - INFO - Train Epoch 1478 | Loss: 0.145827, Mean Loss: 0.139424
2025-12-19 23:15:26 - preprocess - INFO - Validation Epoch 1478 | Loss: 0.453718
2025-12-19 23:15:26 - preprocess - INFO - Last model saved: results/diffusion/unet-2000-epochs-correct-data/models/last_model.pth
2025-12-19 23:15:32 - preprocess - INFO - Train Epoch 1479 | Loss: 0.134381, Mean Loss: 0.138864
2025-12-19 23:15:33 - preprocess - INFO - Validation Epoch 1479 | Loss: 0.394349
2025-12-19 23:15:33 - preprocess - INFO - Last model saved: results/diffusion/unet-2000-epochs-correct-data/models/last_model.pth
2025-12-19 23:15:39 - preprocess - INFO - Train Epoch 1480 | Loss: 0.150807, Mean Loss: 0.140058
2025-12-19 23:15:40 - preprocess - INFO - Validation Epoch 1480 | Loss: 0.496654
2025-12-19 23:15:40 - preprocess - INFO - Last model saved: results/diffusion/unet-2000-epochs-correct-data/models/last_model.pth
2025-12-19 23:16:59 - preprocess - INFO - Train Epoch 1481 | Loss: 0.149092, Mean Loss: 0.149092
2025-12-19 23:17:00 - preprocess - INFO - Validation Epoch 1481 | Loss: 0.434804
2025-12-19 23:17:00 - preprocess - INFO - Last model saved: results/diffusion/unet-2000-epochs-correct-data/models/last_model.pth
2025-12-19 23:17:04 - preprocess - INFO - Train Epoch 1482 | Loss: 0.132879, Mean Loss: 0.140985
2025-12-19 23:17:04 - preprocess - INFO - Validation Epoch 1482 | Loss: 0.425055
2025-12-19 23:17:04 - preprocess - INFO - Last model saved: results/diffusion/unet-2000-epochs-correct-data/models/last_model.pth
2025-12-19 23:17:08 - preprocess - INFO - Train Epoch 1483 | Loss: 0.147985, Mean Loss: 0.143319
2025-12-19 23:17:09 - preprocess - INFO - Validation Epoch 1483 | Loss: 0.448053
2025-12-19 23:17:09 - preprocess - INFO - Last model saved: results/diffusion/unet-2000-epochs-correct-data/models/last_model.pth
2025-12-19 23:17:13 - preprocess - INFO - Train Epoch 1484 | Loss: 0.153429, Mean Loss: 0.145846
2025-12-19 23:17:14 - preprocess - INFO - Validation Epoch 1484 | Loss: 0.387779
2025-12-19 23:17:14 - preprocess - INFO - Last model saved: results/diffusion/unet-2000-epochs-correct-data/models/last_model.pth
2025-12-19 23:17:19 - preprocess - INFO - Train Epoch 1485 | Loss: 0.153597, Mean Loss: 0.147396
2025-12-19 23:17:20 - preprocess - INFO - Validation Epoch 1485 | Loss: 0.493487
2025-12-19 23:17:20 - preprocess - INFO - Last model saved: results/diffusion/unet-2000-epochs-correct-data/models/last_model.pth
2025-12-19 23:17:25 - preprocess - INFO - Train Epoch 1486 | Loss: 0.141461, Mean Loss: 0.146407
2025-12-19 23:17:26 - preprocess - INFO - Validation Epoch 1486 | Loss: 0.384436
2025-12-19 23:17:26 - preprocess - INFO - Last model saved: results/diffusion/unet-2000-epochs-correct-data/models/last_model.pth
2025-12-19 23:17:31 - preprocess - INFO - Train Epoch 1487 | Loss: 0.147940, Mean Loss: 0.146626
2025-12-19 23:17:32 - preprocess - INFO - Validation Epoch 1487 | Loss: 0.431364
2025-12-19 23:17:32 - preprocess - INFO - Last model saved: results/diffusion/unet-2000-epochs-correct-data/models/last_model.pth
2025-12-19 23:17:37 - preprocess - INFO - Train Epoch 1488 | Loss: 0.158174, Mean Loss: 0.148070
2025-12-19 23:17:38 - preprocess - INFO - Validation Epoch 1488 | Loss: 0.432918
2025-12-19 23:17:38 - preprocess - INFO - Last model saved: results/diffusion/unet-2000-epochs-correct-data/models/last_model.pth
2025-12-19 23:17:43 - preprocess - INFO - Train Epoch 1489 | Loss: 0.138620, Mean Loss: 0.147020
2025-12-19 23:17:43 - preprocess - INFO - Validation Epoch 1489 | Loss: 0.495379
2025-12-19 23:17:43 - preprocess - INFO - Last model saved: results/diffusion/unet-2000-epochs-correct-data/models/last_model.pth
2025-12-19 23:17:48 - preprocess - INFO - Train Epoch 1490 | Loss: 0.130727, Mean Loss: 0.145390
2025-12-19 23:17:49 - preprocess - INFO - Validation Epoch 1490 | Loss: 0.499154
2025-12-19 23:17:49 - preprocess - INFO - Last model saved: results/diffusion/unet-2000-epochs-correct-data/models/last_model.pth
2025-12-19 23:19:05 - preprocess - INFO - Train Epoch 1491 | Loss: 0.147749, Mean Loss: 0.147749
2025-12-19 23:19:06 - preprocess - INFO - Validation Epoch 1491 | Loss: 0.472922
2025-12-19 23:19:06 - preprocess - INFO - Last model saved: results/diffusion/unet-2000-epochs-correct-data/models/last_model.pth
2025-12-19 23:19:11 - preprocess - INFO - Train Epoch 1492 | Loss: 0.157298, Mean Loss: 0.152523
2025-12-19 23:19:12 - preprocess - INFO - Validation Epoch 1492 | Loss: 0.463639
2025-12-19 23:19:12 - preprocess - INFO - Last model saved: results/diffusion/unet-2000-epochs-correct-data/models/last_model.pth
2025-12-19 23:19:17 - preprocess - INFO - Train Epoch 1493 | Loss: 0.130855, Mean Loss: 0.145301
2025-12-19 23:19:18 - preprocess - INFO - Validation Epoch 1493 | Loss: 0.366523
2025-12-19 23:19:18 - preprocess - INFO - Last model saved: results/diffusion/unet-2000-epochs-correct-data/models/last_model.pth
2025-12-19 23:19:23 - preprocess - INFO - Train Epoch 1494 | Loss: 0.139875, Mean Loss: 0.143944
2025-12-19 23:19:24 - preprocess - INFO - Validation Epoch 1494 | Loss: 0.479273
2025-12-19 23:19:24 - preprocess - INFO - Last model saved: results/diffusion/unet-2000-epochs-correct-data/models/last_model.pth
2025-12-19 23:19:30 - preprocess - INFO - Train Epoch 1495 | Loss: 0.134424, Mean Loss: 0.142040
2025-12-19 23:19:31 - preprocess - INFO - Validation Epoch 1495 | Loss: 0.445581
2025-12-19 23:19:31 - preprocess - INFO - Last model saved: results/diffusion/unet-2000-epochs-correct-data/models/last_model.pth
2025-12-19 23:19:37 - preprocess - INFO - Train Epoch 1496 | Loss: 0.147454, Mean Loss: 0.142943
2025-12-19 23:19:38 - preprocess - INFO - Validation Epoch 1496 | Loss: 0.478598
2025-12-19 23:19:38 - preprocess - INFO - Last model saved: results/diffusion/unet-2000-epochs-correct-data/models/last_model.pth
2025-12-19 23:19:44 - preprocess - INFO - Train Epoch 1497 | Loss: 0.114320, Mean Loss: 0.138854
2025-12-19 23:19:45 - preprocess - INFO - Validation Epoch 1497 | Loss: 0.367217
2025-12-19 23:19:45 - preprocess - INFO - Last model saved: results/diffusion/unet-2000-epochs-correct-data/models/last_model.pth
2025-12-19 23:19:50 - preprocess - INFO - Train Epoch 1498 | Loss: 0.174340, Mean Loss: 0.143289
2025-12-19 23:19:51 - preprocess - INFO - Validation Epoch 1498 | Loss: 0.445600
2025-12-19 23:19:51 - preprocess - INFO - Last model saved: results/diffusion/unet-2000-epochs-correct-data/models/last_model.pth
2025-12-19 23:19:56 - preprocess - INFO - Train Epoch 1499 | Loss: 0.174999, Mean Loss: 0.146813
2025-12-19 23:19:57 - preprocess - INFO - Validation Epoch 1499 | Loss: 0.472495
2025-12-19 23:19:57 - preprocess - INFO - Last model saved: results/diffusion/unet-2000-epochs-correct-data/models/last_model.pth
2025-12-19 23:20:03 - preprocess - INFO - Train Epoch 1500 | Loss: 0.140302, Mean Loss: 0.146162
2025-12-19 23:20:04 - preprocess - INFO - Validation Epoch 1500 | Loss: 0.465267
2025-12-19 23:20:04 - preprocess - INFO - Last model saved: results/diffusion/unet-2000-epochs-correct-data/models/last_model.pth
2025-12-19 23:21:13 - preprocess - INFO - Train Epoch 1501 | Loss: 0.110549, Mean Loss: 0.110549
2025-12-19 23:21:14 - preprocess - INFO - Validation Epoch 1501 | Loss: 0.409483
2025-12-19 23:21:14 - preprocess - INFO - Last model saved: results/diffusion/unet-2000-epochs-correct-data/models/last_model.pth
2025-12-19 23:21:19 - preprocess - INFO - Train Epoch 1502 | Loss: 0.136406, Mean Loss: 0.123478
2025-12-19 23:21:20 - preprocess - INFO - Validation Epoch 1502 | Loss: 0.385316
2025-12-19 23:21:20 - preprocess - INFO - Last model saved: results/diffusion/unet-2000-epochs-correct-data/models/last_model.pth
2025-12-19 23:21:27 - preprocess - INFO - Train Epoch 1503 | Loss: 0.127249, Mean Loss: 0.124735
2025-12-19 23:21:29 - preprocess - INFO - Validation Epoch 1503 | Loss: 0.433366
2025-12-19 23:21:29 - preprocess - INFO - Last model saved: results/diffusion/unet-2000-epochs-correct-data/models/last_model.pth
2025-12-19 23:21:37 - preprocess - INFO - Train Epoch 1504 | Loss: 0.146513, Mean Loss: 0.130179
2025-12-19 23:21:39 - preprocess - INFO - Validation Epoch 1504 | Loss: 0.441070
2025-12-19 23:21:39 - preprocess - INFO - Last model saved: results/diffusion/unet-2000-epochs-correct-data/models/last_model.pth
2025-12-19 23:21:48 - preprocess - INFO - Train Epoch 1505 | Loss: 0.141397, Mean Loss: 0.132423
2025-12-19 23:21:49 - preprocess - INFO - Validation Epoch 1505 | Loss: 0.407734
2025-12-19 23:21:49 - preprocess - INFO - Last model saved: results/diffusion/unet-2000-epochs-correct-data/models/last_model.pth
2025-12-19 23:21:58 - preprocess - INFO - Train Epoch 1506 | Loss: 0.153452, Mean Loss: 0.135928
2025-12-19 23:22:00 - preprocess - INFO - Validation Epoch 1506 | Loss: 0.319038
2025-12-19 23:22:00 - preprocess - INFO - Last model saved: results/diffusion/unet-2000-epochs-correct-data/models/last_model.pth
2025-12-19 23:22:08 - preprocess - INFO - Train Epoch 1507 | Loss: 0.111777, Mean Loss: 0.132478
2025-12-19 23:22:10 - preprocess - INFO - Validation Epoch 1507 | Loss: 0.284278
2025-12-19 23:22:10 - preprocess - INFO - Last model saved: results/diffusion/unet-2000-epochs-correct-data/models/last_model.pth
2025-12-19 23:22:18 - preprocess - INFO - Train Epoch 1508 | Loss: 0.140780, Mean Loss: 0.133515
2025-12-19 23:22:20 - preprocess - INFO - Validation Epoch 1508 | Loss: 0.451876
2025-12-19 23:22:20 - preprocess - INFO - Last model saved: results/diffusion/unet-2000-epochs-correct-data/models/last_model.pth
2025-12-19 23:22:28 - preprocess - INFO - Train Epoch 1509 | Loss: 0.144600, Mean Loss: 0.134747
2025-12-19 23:22:30 - preprocess - INFO - Validation Epoch 1509 | Loss: 0.431097
2025-12-19 23:22:30 - preprocess - INFO - Last model saved: results/diffusion/unet-2000-epochs-correct-data/models/last_model.pth
2025-12-19 23:22:38 - preprocess - INFO - Train Epoch 1510 | Loss: 0.140913, Mean Loss: 0.135364
2025-12-19 23:22:40 - preprocess - INFO - Validation Epoch 1510 | Loss: 0.543521
2025-12-19 23:22:40 - preprocess - INFO - Last model saved: results/diffusion/unet-2000-epochs-correct-data/models/last_model.pth
2025-12-19 23:24:34 - preprocess - INFO - Train Epoch 1511 | Loss: 0.170188, Mean Loss: 0.170188
2025-12-19 23:24:35 - preprocess - INFO - Validation Epoch 1511 | Loss: 0.473938
2025-12-19 23:24:35 - preprocess - INFO - Last model saved: results/diffusion/unet-2000-epochs-correct-data/models/last_model.pth
2025-12-19 23:24:39 - preprocess - INFO - Train Epoch 1512 | Loss: 0.124943, Mean Loss: 0.147566
2025-12-19 23:24:40 - preprocess - INFO - Validation Epoch 1512 | Loss: 0.337228
2025-12-19 23:24:40 - preprocess - INFO - Last model saved: results/diffusion/unet-2000-epochs-correct-data/models/last_model.pth
2025-12-19 23:24:44 - preprocess - INFO - Train Epoch 1513 | Loss: 0.140621, Mean Loss: 0.145251
2025-12-19 23:24:45 - preprocess - INFO - Validation Epoch 1513 | Loss: 0.407074
2025-12-19 23:24:45 - preprocess - INFO - Last model saved: results/diffusion/unet-2000-epochs-correct-data/models/last_model.pth
2025-12-19 23:24:49 - preprocess - INFO - Train Epoch 1514 | Loss: 0.136864, Mean Loss: 0.143154
2025-12-19 23:24:50 - preprocess - INFO - Validation Epoch 1514 | Loss: 0.322267
2025-12-19 23:24:50 - preprocess - INFO - Last model saved: results/diffusion/unet-2000-epochs-correct-data/models/last_model.pth
2025-12-19 23:24:56 - preprocess - INFO - Train Epoch 1515 | Loss: 0.152548, Mean Loss: 0.145033
2025-12-19 23:24:57 - preprocess - INFO - Validation Epoch 1515 | Loss: 0.511013
2025-12-19 23:24:57 - preprocess - INFO - Last model saved: results/diffusion/unet-2000-epochs-correct-data/models/last_model.pth
2025-12-19 23:25:03 - preprocess - INFO - Train Epoch 1516 | Loss: 0.142977, Mean Loss: 0.144690
2025-12-19 23:25:04 - preprocess - INFO - Validation Epoch 1516 | Loss: 0.508091
2025-12-19 23:25:04 - preprocess - INFO - Last model saved: results/diffusion/unet-2000-epochs-correct-data/models/last_model.pth
2025-12-19 23:25:10 - preprocess - INFO - Train Epoch 1517 | Loss: 0.147620, Mean Loss: 0.145109
2025-12-19 23:25:11 - preprocess - INFO - Validation Epoch 1517 | Loss: 0.385851
2025-12-19 23:25:11 - preprocess - INFO - Last model saved: results/diffusion/unet-2000-epochs-correct-data/models/last_model.pth
2025-12-19 23:25:16 - preprocess - INFO - Train Epoch 1518 | Loss: 0.125241, Mean Loss: 0.142625
2025-12-19 23:25:18 - preprocess - INFO - Validation Epoch 1518 | Loss: 0.498110
2025-12-19 23:25:18 - preprocess - INFO - Last model saved: results/diffusion/unet-2000-epochs-correct-data/models/last_model.pth
2025-12-19 23:25:23 - preprocess - INFO - Train Epoch 1519 | Loss: 0.135102, Mean Loss: 0.141789
2025-12-19 23:25:24 - preprocess - INFO - Validation Epoch 1519 | Loss: 0.336378
2025-12-19 23:25:24 - preprocess - INFO - Last model saved: results/diffusion/unet-2000-epochs-correct-data/models/last_model.pth
2025-12-19 23:25:30 - preprocess - INFO - Train Epoch 1520 | Loss: 0.150644, Mean Loss: 0.142675
2025-12-19 23:25:31 - preprocess - INFO - Validation Epoch 1520 | Loss: 0.476914
2025-12-19 23:25:31 - preprocess - INFO - Last model saved: results/diffusion/unet-2000-epochs-correct-data/models/last_model.pth
2025-12-19 23:26:46 - preprocess - INFO - Train Epoch 1521 | Loss: 0.137350, Mean Loss: 0.137350
2025-12-19 23:26:47 - preprocess - INFO - Validation Epoch 1521 | Loss: 0.429385
2025-12-19 23:26:47 - preprocess - INFO - Last model saved: results/diffusion/unet-2000-epochs-correct-data/models/last_model.pth
2025-12-19 23:26:51 - preprocess - INFO - Train Epoch 1522 | Loss: 0.155737, Mean Loss: 0.146543
2025-12-19 23:26:52 - preprocess - INFO - Validation Epoch 1522 | Loss: 0.456299
2025-12-19 23:26:52 - preprocess - INFO - Last model saved: results/diffusion/unet-2000-epochs-correct-data/models/last_model.pth
2025-12-19 23:26:56 - preprocess - INFO - Train Epoch 1523 | Loss: 0.141917, Mean Loss: 0.145001
2025-12-19 23:26:57 - preprocess - INFO - Validation Epoch 1523 | Loss: 0.354956
2025-12-19 23:26:57 - preprocess - INFO - Last model saved: results/diffusion/unet-2000-epochs-correct-data/models/last_model.pth
2025-12-19 23:27:01 - preprocess - INFO - Train Epoch 1524 | Loss: 0.144010, Mean Loss: 0.144753
2025-12-19 23:27:02 - preprocess - INFO - Validation Epoch 1524 | Loss: 0.430139
2025-12-19 23:27:02 - preprocess - INFO - Last model saved: results/diffusion/unet-2000-epochs-correct-data/models/last_model.pth
2025-12-19 23:27:08 - preprocess - INFO - Train Epoch 1525 | Loss: 0.141436, Mean Loss: 0.144090
2025-12-19 23:27:09 - preprocess - INFO - Validation Epoch 1525 | Loss: 0.470641
2025-12-19 23:27:09 - preprocess - INFO - Last model saved: results/diffusion/unet-2000-epochs-correct-data/models/last_model.pth
2025-12-19 23:27:14 - preprocess - INFO - Train Epoch 1526 | Loss: 0.144303, Mean Loss: 0.144125
2025-12-19 23:27:15 - preprocess - INFO - Validation Epoch 1526 | Loss: 0.429386
2025-12-19 23:27:15 - preprocess - INFO - Last model saved: results/diffusion/unet-2000-epochs-correct-data/models/last_model.pth
2025-12-19 23:27:20 - preprocess - INFO - Train Epoch 1527 | Loss: 0.152501, Mean Loss: 0.145322
2025-12-19 23:27:21 - preprocess - INFO - Validation Epoch 1527 | Loss: 0.501883
2025-12-19 23:27:21 - preprocess - INFO - Last model saved: results/diffusion/unet-2000-epochs-correct-data/models/last_model.pth
2025-12-19 23:27:26 - preprocess - INFO - Train Epoch 1528 | Loss: 0.141709, Mean Loss: 0.144870
2025-12-19 23:27:26 - preprocess - INFO - Validation Epoch 1528 | Loss: 0.457113
2025-12-19 23:27:26 - preprocess - INFO - Last model saved: results/diffusion/unet-2000-epochs-correct-data/models/last_model.pth
2025-12-19 23:27:31 - preprocess - INFO - Train Epoch 1529 | Loss: 0.151860, Mean Loss: 0.145647
2025-12-19 23:27:32 - preprocess - INFO - Validation Epoch 1529 | Loss: 0.499218
2025-12-19 23:27:32 - preprocess - INFO - Last model saved: results/diffusion/unet-2000-epochs-correct-data/models/last_model.pth
2025-12-19 23:27:37 - preprocess - INFO - Train Epoch 1530 | Loss: 0.119841, Mean Loss: 0.143066
2025-12-19 23:27:38 - preprocess - INFO - Validation Epoch 1530 | Loss: 0.438832
2025-12-19 23:27:38 - preprocess - INFO - Last model saved: results/diffusion/unet-2000-epochs-correct-data/models/last_model.pth
2025-12-19 23:28:57 - preprocess - INFO - Train Epoch 1531 | Loss: 0.147756, Mean Loss: 0.147756
2025-12-19 23:28:58 - preprocess - INFO - Validation Epoch 1531 | Loss: 0.454682
2025-12-19 23:28:58 - preprocess - INFO - Last model saved: results/diffusion/unet-2000-epochs-correct-data/models/last_model.pth
2025-12-19 23:29:03 - preprocess - INFO - Train Epoch 1532 | Loss: 0.143818, Mean Loss: 0.145787
2025-12-19 23:29:04 - preprocess - INFO - Validation Epoch 1532 | Loss: 0.489292
2025-12-19 23:29:04 - preprocess - INFO - Last model saved: results/diffusion/unet-2000-epochs-correct-data/models/last_model.pth
2025-12-19 23:29:09 - preprocess - INFO - Train Epoch 1533 | Loss: 0.144872, Mean Loss: 0.145482
2025-12-19 23:29:10 - preprocess - INFO - Validation Epoch 1533 | Loss: 0.349165
2025-12-19 23:29:10 - preprocess - INFO - Last model saved: results/diffusion/unet-2000-epochs-correct-data/models/last_model.pth
2025-12-19 23:29:14 - preprocess - INFO - Train Epoch 1534 | Loss: 0.123227, Mean Loss: 0.139918
2025-12-19 23:29:15 - preprocess - INFO - Validation Epoch 1534 | Loss: 0.428923
2025-12-19 23:29:15 - preprocess - INFO - Last model saved: results/diffusion/unet-2000-epochs-correct-data/models/last_model.pth
2025-12-19 23:29:20 - preprocess - INFO - Train Epoch 1535 | Loss: 0.150271, Mean Loss: 0.141989
2025-12-19 23:29:20 - preprocess - INFO - Validation Epoch 1535 | Loss: 0.399490
2025-12-19 23:29:21 - preprocess - INFO - Last model saved: results/diffusion/unet-2000-epochs-correct-data/models/last_model.pth
2025-12-19 23:29:25 - preprocess - INFO - Train Epoch 1536 | Loss: 0.157689, Mean Loss: 0.144606
2025-12-19 23:29:26 - preprocess - INFO - Validation Epoch 1536 | Loss: 0.482097
2025-12-19 23:29:26 - preprocess - INFO - Last model saved: results/diffusion/unet-2000-epochs-correct-data/models/last_model.pth
2025-12-19 23:29:31 - preprocess - INFO - Train Epoch 1537 | Loss: 0.150197, Mean Loss: 0.145404
2025-12-19 23:29:32 - preprocess - INFO - Validation Epoch 1537 | Loss: 0.395554
2025-12-19 23:29:32 - preprocess - INFO - Last model saved: results/diffusion/unet-2000-epochs-correct-data/models/last_model.pth
2025-12-19 23:29:37 - preprocess - INFO - Train Epoch 1538 | Loss: 0.124753, Mean Loss: 0.142823
2025-12-19 23:29:38 - preprocess - INFO - Validation Epoch 1538 | Loss: 0.377896
2025-12-19 23:29:38 - preprocess - INFO - Last model saved: results/diffusion/unet-2000-epochs-correct-data/models/last_model.pth
2025-12-19 23:29:43 - preprocess - INFO - Train Epoch 1539 | Loss: 0.135417, Mean Loss: 0.142000
2025-12-19 23:29:44 - preprocess - INFO - Validation Epoch 1539 | Loss: 0.426667
2025-12-19 23:29:44 - preprocess - INFO - Last model saved: results/diffusion/unet-2000-epochs-correct-data/models/last_model.pth
2025-12-19 23:29:49 - preprocess - INFO - Train Epoch 1540 | Loss: 0.141816, Mean Loss: 0.141982
2025-12-19 23:29:50 - preprocess - INFO - Validation Epoch 1540 | Loss: 0.491795
2025-12-19 23:29:50 - preprocess - INFO - Last model saved: results/diffusion/unet-2000-epochs-correct-data/models/last_model.pth
2025-12-19 23:31:53 - preprocess - INFO - Train Epoch 1541 | Loss: 0.140853, Mean Loss: 0.140853
2025-12-19 23:31:54 - preprocess - INFO - Validation Epoch 1541 | Loss: 0.444920
2025-12-19 23:31:54 - preprocess - INFO - Last model saved: results/diffusion/unet-2000-epochs-correct-data/models/last_model.pth
2025-12-19 23:32:02 - preprocess - INFO - Train Epoch 1542 | Loss: 0.127035, Mean Loss: 0.133944
2025-12-19 23:32:03 - preprocess - INFO - Validation Epoch 1542 | Loss: 0.418610
2025-12-19 23:32:03 - preprocess - INFO - Last model saved: results/diffusion/unet-2000-epochs-correct-data/models/last_model.pth
2025-12-19 23:32:11 - preprocess - INFO - Train Epoch 1543 | Loss: 0.131516, Mean Loss: 0.133135
2025-12-19 23:32:12 - preprocess - INFO - Validation Epoch 1543 | Loss: 0.439289
2025-12-19 23:32:12 - preprocess - INFO - Last model saved: results/diffusion/unet-2000-epochs-correct-data/models/last_model.pth
2025-12-19 23:32:20 - preprocess - INFO - Train Epoch 1544 | Loss: 0.135315, Mean Loss: 0.133680
2025-12-19 23:32:22 - preprocess - INFO - Validation Epoch 1544 | Loss: 0.375119
2025-12-19 23:32:22 - preprocess - INFO - Last model saved: results/diffusion/unet-2000-epochs-correct-data/models/last_model.pth
2025-12-19 23:32:30 - preprocess - INFO - Train Epoch 1545 | Loss: 0.137515, Mean Loss: 0.134447
2025-12-19 23:32:32 - preprocess - INFO - Validation Epoch 1545 | Loss: 0.358744
2025-12-19 23:32:32 - preprocess - INFO - Last model saved: results/diffusion/unet-2000-epochs-correct-data/models/last_model.pth
2025-12-19 23:32:40 - preprocess - INFO - Train Epoch 1546 | Loss: 0.125808, Mean Loss: 0.133007
2025-12-19 23:32:42 - preprocess - INFO - Validation Epoch 1546 | Loss: 0.525272
2025-12-19 23:32:42 - preprocess - INFO - Last model saved: results/diffusion/unet-2000-epochs-correct-data/models/last_model.pth
2025-12-19 23:32:51 - preprocess - INFO - Train Epoch 1547 | Loss: 0.140683, Mean Loss: 0.134104
2025-12-19 23:32:52 - preprocess - INFO - Validation Epoch 1547 | Loss: 0.465452
2025-12-19 23:32:52 - preprocess - INFO - Last model saved: results/diffusion/unet-2000-epochs-correct-data/models/last_model.pth
2025-12-19 23:33:00 - preprocess - INFO - Train Epoch 1548 | Loss: 0.149940, Mean Loss: 0.136083
2025-12-19 23:33:02 - preprocess - INFO - Validation Epoch 1548 | Loss: 0.560057
2025-12-19 23:33:02 - preprocess - INFO - Last model saved: results/diffusion/unet-2000-epochs-correct-data/models/last_model.pth
2025-12-19 23:33:08 - preprocess - INFO - Train Epoch 1549 | Loss: 0.158671, Mean Loss: 0.138593
2025-12-19 23:33:09 - preprocess - INFO - Validation Epoch 1549 | Loss: 0.387981
2025-12-19 23:33:09 - preprocess - INFO - Last model saved: results/diffusion/unet-2000-epochs-correct-data/models/last_model.pth
2025-12-19 23:33:16 - preprocess - INFO - Train Epoch 1550 | Loss: 0.123925, Mean Loss: 0.137126
2025-12-19 23:33:17 - preprocess - INFO - Validation Epoch 1550 | Loss: 0.406992
2025-12-19 23:33:17 - preprocess - INFO - Last model saved: results/diffusion/unet-2000-epochs-correct-data/models/last_model.pth
2025-12-19 23:34:23 - preprocess - INFO - Train Epoch 1551 | Loss: 0.134857, Mean Loss: 0.134857
2025-12-19 23:34:24 - preprocess - INFO - Validation Epoch 1551 | Loss: 0.434813
2025-12-19 23:34:24 - preprocess - INFO - Last model saved: results/diffusion/unet-2000-epochs-correct-data/models/last_model.pth
2025-12-19 23:34:29 - preprocess - INFO - Train Epoch 1552 | Loss: 0.136710, Mean Loss: 0.135783
2025-12-19 23:34:30 - preprocess - INFO - Validation Epoch 1552 | Loss: 0.450773
2025-12-19 23:34:30 - preprocess - INFO - Last model saved: results/diffusion/unet-2000-epochs-correct-data/models/last_model.pth
2025-12-19 23:34:35 - preprocess - INFO - Train Epoch 1553 | Loss: 0.146171, Mean Loss: 0.139246
2025-12-19 23:34:35 - preprocess - INFO - Validation Epoch 1553 | Loss: 0.333163
2025-12-19 23:34:36 - preprocess - INFO - Last model saved: results/diffusion/unet-2000-epochs-correct-data/models/last_model.pth
2025-12-19 23:34:41 - preprocess - INFO - Train Epoch 1554 | Loss: 0.133292, Mean Loss: 0.137757
2025-12-19 23:34:42 - preprocess - INFO - Validation Epoch 1554 | Loss: 0.472323
2025-12-19 23:34:42 - preprocess - INFO - Last model saved: results/diffusion/unet-2000-epochs-correct-data/models/last_model.pth
2025-12-19 23:34:48 - preprocess - INFO - Train Epoch 1555 | Loss: 0.149238, Mean Loss: 0.140053
2025-12-19 23:34:49 - preprocess - INFO - Validation Epoch 1555 | Loss: 0.419183
2025-12-19 23:34:49 - preprocess - INFO - Last model saved: results/diffusion/unet-2000-epochs-correct-data/models/last_model.pth
2025-12-19 23:34:55 - preprocess - INFO - Train Epoch 1556 | Loss: 0.128998, Mean Loss: 0.138211
2025-12-19 23:34:56 - preprocess - INFO - Validation Epoch 1556 | Loss: 0.377552
2025-12-19 23:34:56 - preprocess - INFO - Last model saved: results/diffusion/unet-2000-epochs-correct-data/models/last_model.pth
2025-12-19 23:35:02 - preprocess - INFO - Train Epoch 1557 | Loss: 0.131767, Mean Loss: 0.137290
2025-12-19 23:35:03 - preprocess - INFO - Validation Epoch 1557 | Loss: 0.396199
2025-12-19 23:35:03 - preprocess - INFO - Last model saved: results/diffusion/unet-2000-epochs-correct-data/models/last_model.pth
2025-12-19 23:35:09 - preprocess - INFO - Train Epoch 1558 | Loss: 0.159555, Mean Loss: 0.140073
2025-12-19 23:35:10 - preprocess - INFO - Validation Epoch 1558 | Loss: 0.551573
2025-12-19 23:35:10 - preprocess - INFO - Last model saved: results/diffusion/unet-2000-epochs-correct-data/models/last_model.pth
2025-12-19 23:35:15 - preprocess - INFO - Train Epoch 1559 | Loss: 0.126252, Mean Loss: 0.138538
2025-12-19 23:35:16 - preprocess - INFO - Validation Epoch 1559 | Loss: 0.339928
2025-12-19 23:35:16 - preprocess - INFO - Last model saved: results/diffusion/unet-2000-epochs-correct-data/models/last_model.pth
2025-12-19 23:35:22 - preprocess - INFO - Train Epoch 1560 | Loss: 0.132316, Mean Loss: 0.137915
2025-12-19 23:35:23 - preprocess - INFO - Validation Epoch 1560 | Loss: 0.466289
2025-12-19 23:35:23 - preprocess - INFO - Last model saved: results/diffusion/unet-2000-epochs-correct-data/models/last_model.pth
2025-12-19 23:36:34 - preprocess - INFO - Train Epoch 1561 | Loss: 0.146263, Mean Loss: 0.146263
2025-12-19 23:36:34 - preprocess - INFO - Validation Epoch 1561 | Loss: 0.382193
2025-12-19 23:36:34 - preprocess - INFO - Last model saved: results/diffusion/unet-2000-epochs-correct-data/models/last_model.pth
2025-12-19 23:36:38 - preprocess - INFO - Train Epoch 1562 | Loss: 0.124710, Mean Loss: 0.135487
2025-12-19 23:36:39 - preprocess - INFO - Validation Epoch 1562 | Loss: 0.355781
2025-12-19 23:36:39 - preprocess - INFO - Last model saved: results/diffusion/unet-2000-epochs-correct-data/models/last_model.pth
2025-12-19 23:36:43 - preprocess - INFO - Train Epoch 1563 | Loss: 0.145886, Mean Loss: 0.138953
2025-12-19 23:36:44 - preprocess - INFO - Validation Epoch 1563 | Loss: 0.435424
2025-12-19 23:36:44 - preprocess - INFO - Last model saved: results/diffusion/unet-2000-epochs-correct-data/models/last_model.pth
2025-12-19 23:36:48 - preprocess - INFO - Train Epoch 1564 | Loss: 0.120617, Mean Loss: 0.134369
2025-12-19 23:36:49 - preprocess - INFO - Validation Epoch 1564 | Loss: 0.484550
2025-12-19 23:36:49 - preprocess - INFO - Last model saved: results/diffusion/unet-2000-epochs-correct-data/models/last_model.pth
2025-12-19 23:36:54 - preprocess - INFO - Train Epoch 1565 | Loss: 0.130995, Mean Loss: 0.133694
2025-12-19 23:36:54 - preprocess - INFO - Validation Epoch 1565 | Loss: 0.428996
2025-12-19 23:36:55 - preprocess - INFO - Last model saved: results/diffusion/unet-2000-epochs-correct-data/models/last_model.pth
2025-12-19 23:37:00 - preprocess - INFO - Train Epoch 1566 | Loss: 0.148986, Mean Loss: 0.136243
2025-12-19 23:37:00 - preprocess - INFO - Validation Epoch 1566 | Loss: 0.446403
2025-12-19 23:37:00 - preprocess - INFO - Last model saved: results/diffusion/unet-2000-epochs-correct-data/models/last_model.pth
2025-12-19 23:37:05 - preprocess - INFO - Train Epoch 1567 | Loss: 0.135877, Mean Loss: 0.136191
2025-12-19 23:37:06 - preprocess - INFO - Validation Epoch 1567 | Loss: 0.436219
2025-12-19 23:37:06 - preprocess - INFO - Last model saved: results/diffusion/unet-2000-epochs-correct-data/models/last_model.pth
2025-12-19 23:37:12 - preprocess - INFO - Train Epoch 1568 | Loss: 0.124508, Mean Loss: 0.134730
2025-12-19 23:37:13 - preprocess - INFO - Validation Epoch 1568 | Loss: 0.495714
2025-12-19 23:37:13 - preprocess - INFO - Last model saved: results/diffusion/unet-2000-epochs-correct-data/models/last_model.pth
2025-12-19 23:37:19 - preprocess - INFO - Train Epoch 1569 | Loss: 0.137484, Mean Loss: 0.135036
2025-12-19 23:37:20 - preprocess - INFO - Validation Epoch 1569 | Loss: 0.447026
2025-12-19 23:37:20 - preprocess - INFO - Last model saved: results/diffusion/unet-2000-epochs-correct-data/models/last_model.pth
2025-12-19 23:37:25 - preprocess - INFO - Train Epoch 1570 | Loss: 0.137193, Mean Loss: 0.135252
2025-12-19 23:37:26 - preprocess - INFO - Validation Epoch 1570 | Loss: 0.460307
2025-12-19 23:37:26 - preprocess - INFO - Last model saved: results/diffusion/unet-2000-epochs-correct-data/models/last_model.pth
2025-12-19 23:38:46 - preprocess - INFO - Train Epoch 1571 | Loss: 0.147010, Mean Loss: 0.147010
2025-12-19 23:38:46 - preprocess - INFO - Validation Epoch 1571 | Loss: 0.400129
2025-12-19 23:38:46 - preprocess - INFO - Last model saved: results/diffusion/unet-2000-epochs-correct-data/models/last_model.pth
2025-12-19 23:38:50 - preprocess - INFO - Train Epoch 1572 | Loss: 0.145912, Mean Loss: 0.146461
2025-12-19 23:38:51 - preprocess - INFO - Validation Epoch 1572 | Loss: 0.425565
2025-12-19 23:38:51 - preprocess - INFO - Last model saved: results/diffusion/unet-2000-epochs-correct-data/models/last_model.pth
2025-12-19 23:38:55 - preprocess - INFO - Train Epoch 1573 | Loss: 0.148139, Mean Loss: 0.147021
2025-12-19 23:38:56 - preprocess - INFO - Validation Epoch 1573 | Loss: 0.364534
2025-12-19 23:38:56 - preprocess - INFO - Last model saved: results/diffusion/unet-2000-epochs-correct-data/models/last_model.pth
2025-12-19 23:39:00 - preprocess - INFO - Train Epoch 1574 | Loss: 0.138129, Mean Loss: 0.144798
2025-12-19 23:39:01 - preprocess - INFO - Validation Epoch 1574 | Loss: 0.488670
2025-12-19 23:39:01 - preprocess - INFO - Last model saved: results/diffusion/unet-2000-epochs-correct-data/models/last_model.pth
2025-12-19 23:39:07 - preprocess - INFO - Train Epoch 1575 | Loss: 0.116776, Mean Loss: 0.139193
2025-12-19 23:39:07 - preprocess - INFO - Validation Epoch 1575 | Loss: 0.454903
2025-12-19 23:39:07 - preprocess - INFO - Last model saved: results/diffusion/unet-2000-epochs-correct-data/models/last_model.pth
2025-12-19 23:39:12 - preprocess - INFO - Train Epoch 1576 | Loss: 0.135271, Mean Loss: 0.138540
2025-12-19 23:39:13 - preprocess - INFO - Validation Epoch 1576 | Loss: 0.400480
2025-12-19 23:39:13 - preprocess - INFO - Last model saved: results/diffusion/unet-2000-epochs-correct-data/models/last_model.pth
2025-12-19 23:39:18 - preprocess - INFO - Train Epoch 1577 | Loss: 0.139936, Mean Loss: 0.138739
2025-12-19 23:39:19 - preprocess - INFO - Validation Epoch 1577 | Loss: 0.350411
2025-12-19 23:39:19 - preprocess - INFO - Last model saved: results/diffusion/unet-2000-epochs-correct-data/models/last_model.pth
2025-12-19 23:39:24 - preprocess - INFO - Train Epoch 1578 | Loss: 0.147815, Mean Loss: 0.139874
2025-12-19 23:39:25 - preprocess - INFO - Validation Epoch 1578 | Loss: 0.438142
2025-12-19 23:39:25 - preprocess - INFO - Last model saved: results/diffusion/unet-2000-epochs-correct-data/models/last_model.pth
2025-12-19 23:39:30 - preprocess - INFO - Train Epoch 1579 | Loss: 0.151516, Mean Loss: 0.141167
2025-12-19 23:39:31 - preprocess - INFO - Validation Epoch 1579 | Loss: 0.427279
2025-12-19 23:39:31 - preprocess - INFO - Last model saved: results/diffusion/unet-2000-epochs-correct-data/models/last_model.pth
2025-12-19 23:39:36 - preprocess - INFO - Train Epoch 1580 | Loss: 0.162715, Mean Loss: 0.143322
2025-12-19 23:39:37 - preprocess - INFO - Validation Epoch 1580 | Loss: 0.425027
2025-12-19 23:39:37 - preprocess - INFO - Last model saved: results/diffusion/unet-2000-epochs-correct-data/models/last_model.pth
2025-12-19 23:40:54 - preprocess - INFO - Train Epoch 1581 | Loss: 0.137885, Mean Loss: 0.137885
2025-12-19 23:40:54 - preprocess - INFO - Validation Epoch 1581 | Loss: 0.378649
2025-12-19 23:40:54 - preprocess - INFO - Last model saved: results/diffusion/unet-2000-epochs-correct-data/models/last_model.pth
2025-12-19 23:40:59 - preprocess - INFO - Train Epoch 1582 | Loss: 0.133380, Mean Loss: 0.135632
2025-12-19 23:41:00 - preprocess - INFO - Validation Epoch 1582 | Loss: 0.451261
2025-12-19 23:41:00 - preprocess - INFO - Last model saved: results/diffusion/unet-2000-epochs-correct-data/models/last_model.pth
2025-12-19 23:41:05 - preprocess - INFO - Train Epoch 1583 | Loss: 0.122977, Mean Loss: 0.131414
2025-12-19 23:41:06 - preprocess - INFO - Validation Epoch 1583 | Loss: 0.413012
2025-12-19 23:41:06 - preprocess - INFO - Last model saved: results/diffusion/unet-2000-epochs-correct-data/models/last_model.pth
2025-12-19 23:41:11 - preprocess - INFO - Train Epoch 1584 | Loss: 0.135891, Mean Loss: 0.132533
2025-12-19 23:41:12 - preprocess - INFO - Validation Epoch 1584 | Loss: 0.314791
2025-12-19 23:41:12 - preprocess - INFO - Last model saved: results/diffusion/unet-2000-epochs-correct-data/models/last_model.pth
2025-12-19 23:41:18 - preprocess - INFO - Train Epoch 1585 | Loss: 0.127833, Mean Loss: 0.131593
2025-12-19 23:41:19 - preprocess - INFO - Validation Epoch 1585 | Loss: 0.467201
2025-12-19 23:41:19 - preprocess - INFO - Last model saved: results/diffusion/unet-2000-epochs-correct-data/models/last_model.pth
2025-12-19 23:41:25 - preprocess - INFO - Train Epoch 1586 | Loss: 0.127960, Mean Loss: 0.130988
2025-12-19 23:41:26 - preprocess - INFO - Validation Epoch 1586 | Loss: 0.450770
2025-12-19 23:41:26 - preprocess - INFO - Last model saved: results/diffusion/unet-2000-epochs-correct-data/models/last_model.pth
2025-12-19 23:41:31 - preprocess - INFO - Train Epoch 1587 | Loss: 0.118278, Mean Loss: 0.129172
2025-12-19 23:41:32 - preprocess - INFO - Validation Epoch 1587 | Loss: 0.377270
2025-12-19 23:41:32 - preprocess - INFO - Last model saved: results/diffusion/unet-2000-epochs-correct-data/models/last_model.pth
2025-12-19 23:41:37 - preprocess - INFO - Train Epoch 1588 | Loss: 0.132999, Mean Loss: 0.129650
2025-12-19 23:41:38 - preprocess - INFO - Validation Epoch 1588 | Loss: 0.369882
2025-12-19 23:41:38 - preprocess - INFO - Last model saved: results/diffusion/unet-2000-epochs-correct-data/models/last_model.pth
2025-12-19 23:41:43 - preprocess - INFO - Train Epoch 1589 | Loss: 0.130199, Mean Loss: 0.129711
2025-12-19 23:41:44 - preprocess - INFO - Validation Epoch 1589 | Loss: 0.509427
2025-12-19 23:41:44 - preprocess - INFO - Last model saved: results/diffusion/unet-2000-epochs-correct-data/models/last_model.pth
2025-12-19 23:41:49 - preprocess - INFO - Train Epoch 1590 | Loss: 0.123455, Mean Loss: 0.129086
2025-12-19 23:41:50 - preprocess - INFO - Validation Epoch 1590 | Loss: 0.452502
2025-12-19 23:41:50 - preprocess - INFO - Last model saved: results/diffusion/unet-2000-epochs-correct-data/models/last_model.pth
2025-12-19 23:43:23 - preprocess - INFO - Train Epoch 1591 | Loss: 0.119647, Mean Loss: 0.119647
2025-12-19 23:43:25 - preprocess - INFO - Validation Epoch 1591 | Loss: 0.400588
2025-12-19 23:43:25 - preprocess - INFO - Last model saved: results/diffusion/unet-2000-epochs-correct-data/models/last_model.pth
2025-12-19 23:43:32 - preprocess - INFO - Train Epoch 1592 | Loss: 0.154370, Mean Loss: 0.137008
2025-12-19 23:43:34 - preprocess - INFO - Validation Epoch 1592 | Loss: 0.386986
2025-12-19 23:43:34 - preprocess - INFO - Last model saved: results/diffusion/unet-2000-epochs-correct-data/models/last_model.pth
2025-12-19 23:43:42 - preprocess - INFO - Train Epoch 1593 | Loss: 0.149250, Mean Loss: 0.141089
2025-12-19 23:43:43 - preprocess - INFO - Validation Epoch 1593 | Loss: 0.388808
2025-12-19 23:43:43 - preprocess - INFO - Last model saved: results/diffusion/unet-2000-epochs-correct-data/models/last_model.pth
2025-12-19 23:43:51 - preprocess - INFO - Train Epoch 1594 | Loss: 0.149411, Mean Loss: 0.143169
2025-12-19 23:43:53 - preprocess - INFO - Validation Epoch 1594 | Loss: 0.458722
2025-12-19 23:43:53 - preprocess - INFO - Last model saved: results/diffusion/unet-2000-epochs-correct-data/models/last_model.pth
2025-12-19 23:44:01 - preprocess - INFO - Train Epoch 1595 | Loss: 0.141223, Mean Loss: 0.142780
2025-12-19 23:44:03 - preprocess - INFO - Validation Epoch 1595 | Loss: 0.347851
2025-12-19 23:44:03 - preprocess - INFO - Last model saved: results/diffusion/unet-2000-epochs-correct-data/models/last_model.pth
2025-12-19 23:44:11 - preprocess - INFO - Train Epoch 1596 | Loss: 0.135087, Mean Loss: 0.141498
2025-12-19 23:44:13 - preprocess - INFO - Validation Epoch 1596 | Loss: 0.378711
2025-12-19 23:44:13 - preprocess - INFO - Last model saved: results/diffusion/unet-2000-epochs-correct-data/models/last_model.pth
2025-12-19 23:44:21 - preprocess - INFO - Train Epoch 1597 | Loss: 0.141408, Mean Loss: 0.141485
2025-12-19 23:44:23 - preprocess - INFO - Validation Epoch 1597 | Loss: 0.363064
2025-12-19 23:44:23 - preprocess - INFO - Last model saved: results/diffusion/unet-2000-epochs-correct-data/models/last_model.pth
2025-12-19 23:44:29 - preprocess - INFO - Train Epoch 1598 | Loss: 0.159445, Mean Loss: 0.143730
2025-12-19 23:44:30 - preprocess - INFO - Validation Epoch 1598 | Loss: 0.451845
2025-12-19 23:44:30 - preprocess - INFO - Last model saved: results/diffusion/unet-2000-epochs-correct-data/models/last_model.pth
2025-12-19 23:44:36 - preprocess - INFO - Train Epoch 1599 | Loss: 0.139074, Mean Loss: 0.143213
2025-12-19 23:44:37 - preprocess - INFO - Validation Epoch 1599 | Loss: 0.298555
2025-12-19 23:44:38 - preprocess - INFO - Last model saved: results/diffusion/unet-2000-epochs-correct-data/models/last_model.pth
2025-12-19 23:44:49 - preprocess - INFO - Train Epoch 1600 | Loss: 0.137036, Mean Loss: 0.142595
2025-12-19 23:44:50 - preprocess - INFO - Validation Epoch 1600 | Loss: 0.413585
2025-12-19 23:44:50 - preprocess - INFO - Last model saved: results/diffusion/unet-2000-epochs-correct-data/models/last_model.pth
2025-12-19 23:46:49 - preprocess - INFO - Train Epoch 1601 | Loss: 0.149133, Mean Loss: 0.149133
2025-12-19 23:46:50 - preprocess - INFO - Validation Epoch 1601 | Loss: 0.479174
2025-12-19 23:46:50 - preprocess - INFO - Last model saved: results/diffusion/unet-2000-epochs-correct-data/models/last_model.pth
2025-12-19 23:46:57 - preprocess - INFO - Train Epoch 1602 | Loss: 0.134988, Mean Loss: 0.142060
2025-12-19 23:46:59 - preprocess - INFO - Validation Epoch 1602 | Loss: 0.492599
2025-12-19 23:46:59 - preprocess - INFO - Last model saved: results/diffusion/unet-2000-epochs-correct-data/models/last_model.pth
2025-12-19 23:47:06 - preprocess - INFO - Train Epoch 1603 | Loss: 0.139478, Mean Loss: 0.141200
2025-12-19 23:47:07 - preprocess - INFO - Validation Epoch 1603 | Loss: 0.382012
2025-12-19 23:47:07 - preprocess - INFO - Last model saved: results/diffusion/unet-2000-epochs-correct-data/models/last_model.pth
2025-12-19 23:47:16 - preprocess - INFO - Train Epoch 1604 | Loss: 0.138973, Mean Loss: 0.140643
2025-12-19 23:47:18 - preprocess - INFO - Validation Epoch 1604 | Loss: 0.464802
2025-12-19 23:47:18 - preprocess - INFO - Last model saved: results/diffusion/unet-2000-epochs-correct-data/models/last_model.pth
2025-12-19 23:47:26 - preprocess - INFO - Train Epoch 1605 | Loss: 0.129940, Mean Loss: 0.138502
2025-12-19 23:47:28 - preprocess - INFO - Validation Epoch 1605 | Loss: 0.428418
2025-12-19 23:47:28 - preprocess - INFO - Last model saved: results/diffusion/unet-2000-epochs-correct-data/models/last_model.pth
2025-12-19 23:47:36 - preprocess - INFO - Train Epoch 1606 | Loss: 0.156534, Mean Loss: 0.141508
2025-12-19 23:47:38 - preprocess - INFO - Validation Epoch 1606 | Loss: 0.609207
2025-12-19 23:47:38 - preprocess - INFO - Last model saved: results/diffusion/unet-2000-epochs-correct-data/models/last_model.pth
2025-12-19 23:47:45 - preprocess - INFO - Train Epoch 1607 | Loss: 0.158369, Mean Loss: 0.143916
2025-12-19 23:47:46 - preprocess - INFO - Validation Epoch 1607 | Loss: 0.329186
2025-12-19 23:47:46 - preprocess - INFO - Last model saved: results/diffusion/unet-2000-epochs-correct-data/models/last_model.pth
2025-12-19 23:47:52 - preprocess - INFO - Train Epoch 1608 | Loss: 0.151732, Mean Loss: 0.144893
2025-12-19 23:47:53 - preprocess - INFO - Validation Epoch 1608 | Loss: 0.439085
2025-12-19 23:47:53 - preprocess - INFO - Last model saved: results/diffusion/unet-2000-epochs-correct-data/models/last_model.pth
2025-12-19 23:47:58 - preprocess - INFO - Train Epoch 1609 | Loss: 0.138489, Mean Loss: 0.144182
2025-12-19 23:47:59 - preprocess - INFO - Validation Epoch 1609 | Loss: 0.448804
2025-12-19 23:47:59 - preprocess - INFO - Last model saved: results/diffusion/unet-2000-epochs-correct-data/models/last_model.pth
2025-12-19 23:48:05 - preprocess - INFO - Train Epoch 1610 | Loss: 0.142826, Mean Loss: 0.144046
2025-12-19 23:48:06 - preprocess - INFO - Validation Epoch 1610 | Loss: 0.491094
2025-12-19 23:48:06 - preprocess - INFO - Last model saved: results/diffusion/unet-2000-epochs-correct-data/models/last_model.pth
2025-12-19 23:49:19 - preprocess - INFO - Train Epoch 1611 | Loss: 0.145713, Mean Loss: 0.145713
2025-12-19 23:49:20 - preprocess - INFO - Validation Epoch 1611 | Loss: 0.469809
2025-12-19 23:49:20 - preprocess - INFO - Last model saved: results/diffusion/unet-2000-epochs-correct-data/models/last_model.pth
2025-12-19 23:49:24 - preprocess - INFO - Train Epoch 1612 | Loss: 0.127323, Mean Loss: 0.136518
2025-12-19 23:49:25 - preprocess - INFO - Validation Epoch 1612 | Loss: 0.468524
2025-12-19 23:49:25 - preprocess - INFO - Last model saved: results/diffusion/unet-2000-epochs-correct-data/models/last_model.pth
2025-12-19 23:49:29 - preprocess - INFO - Train Epoch 1613 | Loss: 0.164076, Mean Loss: 0.145704
2025-12-19 23:49:30 - preprocess - INFO - Validation Epoch 1613 | Loss: 0.381747
2025-12-19 23:49:30 - preprocess - INFO - Last model saved: results/diffusion/unet-2000-epochs-correct-data/models/last_model.pth
2025-12-19 23:49:34 - preprocess - INFO - Train Epoch 1614 | Loss: 0.152637, Mean Loss: 0.147437
2025-12-19 23:49:35 - preprocess - INFO - Validation Epoch 1614 | Loss: 0.416499
2025-12-19 23:49:35 - preprocess - INFO - Last model saved: results/diffusion/unet-2000-epochs-correct-data/models/last_model.pth
2025-12-19 23:49:40 - preprocess - INFO - Train Epoch 1615 | Loss: 0.129733, Mean Loss: 0.143896
2025-12-19 23:49:41 - preprocess - INFO - Validation Epoch 1615 | Loss: 0.419043
2025-12-19 23:49:41 - preprocess - INFO - Last model saved: results/diffusion/unet-2000-epochs-correct-data/models/last_model.pth
2025-12-19 23:49:45 - preprocess - INFO - Train Epoch 1616 | Loss: 0.120935, Mean Loss: 0.140070
2025-12-19 23:49:46 - preprocess - INFO - Validation Epoch 1616 | Loss: 0.438210
2025-12-19 23:49:46 - preprocess - INFO - Last model saved: results/diffusion/unet-2000-epochs-correct-data/models/last_model.pth
2025-12-19 23:49:51 - preprocess - INFO - Train Epoch 1617 | Loss: 0.124707, Mean Loss: 0.137875
2025-12-19 23:49:52 - preprocess - INFO - Validation Epoch 1617 | Loss: 0.449011
2025-12-19 23:49:52 - preprocess - INFO - Last model saved: results/diffusion/unet-2000-epochs-correct-data/models/last_model.pth
2025-12-19 23:49:57 - preprocess - INFO - Train Epoch 1618 | Loss: 0.123543, Mean Loss: 0.136083
2025-12-19 23:49:58 - preprocess - INFO - Validation Epoch 1618 | Loss: 0.344194
2025-12-19 23:49:58 - preprocess - INFO - Last model saved: results/diffusion/unet-2000-epochs-correct-data/models/last_model.pth
2025-12-19 23:50:03 - preprocess - INFO - Train Epoch 1619 | Loss: 0.115921, Mean Loss: 0.133843
2025-12-19 23:50:04 - preprocess - INFO - Validation Epoch 1619 | Loss: 0.491949
2025-12-19 23:50:04 - preprocess - INFO - Last model saved: results/diffusion/unet-2000-epochs-correct-data/models/last_model.pth
2025-12-19 23:50:09 - preprocess - INFO - Train Epoch 1620 | Loss: 0.161289, Mean Loss: 0.136588
2025-12-19 23:50:10 - preprocess - INFO - Validation Epoch 1620 | Loss: 0.365104
2025-12-19 23:50:10 - preprocess - INFO - Last model saved: results/diffusion/unet-2000-epochs-correct-data/models/last_model.pth
2025-12-19 23:51:31 - preprocess - INFO - Train Epoch 1621 | Loss: 0.120977, Mean Loss: 0.120977
2025-12-19 23:51:31 - preprocess - INFO - Validation Epoch 1621 | Loss: 0.443368
2025-12-19 23:51:31 - preprocess - INFO - Last model saved: results/diffusion/unet-2000-epochs-correct-data/models/last_model.pth
2025-12-19 23:51:37 - preprocess - INFO - Train Epoch 1622 | Loss: 0.131925, Mean Loss: 0.126451
2025-12-19 23:51:38 - preprocess - INFO - Validation Epoch 1622 | Loss: 0.400577
2025-12-19 23:51:38 - preprocess - INFO - Last model saved: results/diffusion/unet-2000-epochs-correct-data/models/last_model.pth
2025-12-19 23:51:43 - preprocess - INFO - Train Epoch 1623 | Loss: 0.150115, Mean Loss: 0.134339
2025-12-19 23:51:44 - preprocess - INFO - Validation Epoch 1623 | Loss: 0.456309
2025-12-19 23:51:45 - preprocess - INFO - Last model saved: results/diffusion/unet-2000-epochs-correct-data/models/last_model.pth
2025-12-19 23:51:52 - preprocess - INFO - Train Epoch 1624 | Loss: 0.132455, Mean Loss: 0.133868
2025-12-19 23:51:53 - preprocess - INFO - Validation Epoch 1624 | Loss: 0.470962
2025-12-19 23:51:53 - preprocess - INFO - Last model saved: results/diffusion/unet-2000-epochs-correct-data/models/last_model.pth
2025-12-19 23:52:04 - preprocess - INFO - Train Epoch 1625 | Loss: 0.130303, Mean Loss: 0.133155
2025-12-19 23:52:05 - preprocess - INFO - Validation Epoch 1625 | Loss: 0.508279
2025-12-19 23:52:05 - preprocess - INFO - Last model saved: results/diffusion/unet-2000-epochs-correct-data/models/last_model.pth
2025-12-19 23:52:13 - preprocess - INFO - Train Epoch 1626 | Loss: 0.125376, Mean Loss: 0.131858
2025-12-19 23:52:15 - preprocess - INFO - Validation Epoch 1626 | Loss: 0.489446
2025-12-19 23:52:15 - preprocess - INFO - Last model saved: results/diffusion/unet-2000-epochs-correct-data/models/last_model.pth
2025-12-19 23:52:22 - preprocess - INFO - Train Epoch 1627 | Loss: 0.133135, Mean Loss: 0.132041
2025-12-19 23:52:24 - preprocess - INFO - Validation Epoch 1627 | Loss: 0.323063
2025-12-19 23:52:24 - preprocess - INFO - Last model saved: results/diffusion/unet-2000-epochs-correct-data/models/last_model.pth
2025-12-19 23:52:32 - preprocess - INFO - Train Epoch 1628 | Loss: 0.146838, Mean Loss: 0.133890
2025-12-19 23:52:33 - preprocess - INFO - Validation Epoch 1628 | Loss: 0.467543
2025-12-19 23:52:33 - preprocess - INFO - Last model saved: results/diffusion/unet-2000-epochs-correct-data/models/last_model.pth
2025-12-19 23:52:41 - preprocess - INFO - Train Epoch 1629 | Loss: 0.136627, Mean Loss: 0.134194
2025-12-19 23:52:42 - preprocess - INFO - Validation Epoch 1629 | Loss: 0.356099
2025-12-19 23:52:42 - preprocess - INFO - Last model saved: results/diffusion/unet-2000-epochs-correct-data/models/last_model.pth
2025-12-19 23:52:50 - preprocess - INFO - Train Epoch 1630 | Loss: 0.136371, Mean Loss: 0.134412
2025-12-19 23:52:51 - preprocess - INFO - Validation Epoch 1630 | Loss: 0.491632
2025-12-19 23:52:51 - preprocess - INFO - Last model saved: results/diffusion/unet-2000-epochs-correct-data/models/last_model.pth
2025-12-19 23:54:46 - preprocess - INFO - Train Epoch 1631 | Loss: 0.131345, Mean Loss: 0.131345
2025-12-19 23:54:48 - preprocess - INFO - Validation Epoch 1631 | Loss: 0.439797
2025-12-19 23:54:48 - preprocess - INFO - Last model saved: results/diffusion/unet-2000-epochs-correct-data/models/last_model.pth
2025-12-19 23:54:56 - preprocess - INFO - Train Epoch 1632 | Loss: 0.141505, Mean Loss: 0.136425
2025-12-19 23:54:57 - preprocess - INFO - Validation Epoch 1632 | Loss: 0.427668
2025-12-19 23:54:57 - preprocess - INFO - Last model saved: results/diffusion/unet-2000-epochs-correct-data/models/last_model.pth
2025-12-19 23:55:05 - preprocess - INFO - Train Epoch 1633 | Loss: 0.143983, Mean Loss: 0.138944
2025-12-19 23:55:06 - preprocess - INFO - Validation Epoch 1633 | Loss: 0.473316
2025-12-19 23:55:07 - preprocess - INFO - Last model saved: results/diffusion/unet-2000-epochs-correct-data/models/last_model.pth
2025-12-19 23:55:14 - preprocess - INFO - Train Epoch 1634 | Loss: 0.134199, Mean Loss: 0.137758
2025-12-19 23:55:16 - preprocess - INFO - Validation Epoch 1634 | Loss: 0.471796
2025-12-19 23:55:16 - preprocess - INFO - Last model saved: results/diffusion/unet-2000-epochs-correct-data/models/last_model.pth
2025-12-19 23:55:25 - preprocess - INFO - Train Epoch 1635 | Loss: 0.135556, Mean Loss: 0.137318
2025-12-19 23:55:26 - preprocess - INFO - Validation Epoch 1635 | Loss: 0.431264
2025-12-19 23:55:26 - preprocess - INFO - Last model saved: results/diffusion/unet-2000-epochs-correct-data/models/last_model.pth
2025-12-19 23:55:35 - preprocess - INFO - Train Epoch 1636 | Loss: 0.129607, Mean Loss: 0.136032
2025-12-19 23:55:36 - preprocess - INFO - Validation Epoch 1636 | Loss: 0.418288
2025-12-19 23:55:36 - preprocess - INFO - Last model saved: results/diffusion/unet-2000-epochs-correct-data/models/last_model.pth
2025-12-19 23:55:45 - preprocess - INFO - Train Epoch 1637 | Loss: 0.134916, Mean Loss: 0.135873
2025-12-19 23:55:47 - preprocess - INFO - Validation Epoch 1637 | Loss: 0.452565
2025-12-19 23:55:47 - preprocess - INFO - Last model saved: results/diffusion/unet-2000-epochs-correct-data/models/last_model.pth
2025-12-19 23:55:55 - preprocess - INFO - Train Epoch 1638 | Loss: 0.130938, Mean Loss: 0.135256
2025-12-19 23:55:57 - preprocess - INFO - Validation Epoch 1638 | Loss: 0.402175
2025-12-19 23:55:57 - preprocess - INFO - Last model saved: results/diffusion/unet-2000-epochs-correct-data/models/last_model.pth
2025-12-19 23:56:06 - preprocess - INFO - Train Epoch 1639 | Loss: 0.139708, Mean Loss: 0.135751
2025-12-19 23:56:07 - preprocess - INFO - Validation Epoch 1639 | Loss: 0.409627
2025-12-19 23:56:07 - preprocess - INFO - Last model saved: results/diffusion/unet-2000-epochs-correct-data/models/last_model.pth
2025-12-19 23:56:15 - preprocess - INFO - Train Epoch 1640 | Loss: 0.142012, Mean Loss: 0.136377
2025-12-19 23:56:17 - preprocess - INFO - Validation Epoch 1640 | Loss: 0.491623
2025-12-19 23:56:17 - preprocess - INFO - Last model saved: results/diffusion/unet-2000-epochs-correct-data/models/last_model.pth
2025-12-19 23:58:04 - preprocess - INFO - Train Epoch 1641 | Loss: 0.129746, Mean Loss: 0.129746
2025-12-19 23:58:05 - preprocess - INFO - Validation Epoch 1641 | Loss: 0.494341
2025-12-19 23:58:05 - preprocess - INFO - Last model saved: results/diffusion/unet-2000-epochs-correct-data/models/last_model.pth
2025-12-19 23:58:10 - preprocess - INFO - Train Epoch 1642 | Loss: 0.122403, Mean Loss: 0.126075
2025-12-19 23:58:11 - preprocess - INFO - Validation Epoch 1642 | Loss: 0.472666
2025-12-19 23:58:11 - preprocess - INFO - Last model saved: results/diffusion/unet-2000-epochs-correct-data/models/last_model.pth
2025-12-19 23:58:16 - preprocess - INFO - Train Epoch 1643 | Loss: 0.135311, Mean Loss: 0.129153
2025-12-19 23:58:17 - preprocess - INFO - Validation Epoch 1643 | Loss: 0.373001
2025-12-19 23:58:17 - preprocess - INFO - Last model saved: results/diffusion/unet-2000-epochs-correct-data/models/last_model.pth
2025-12-19 23:58:22 - preprocess - INFO - Train Epoch 1644 | Loss: 0.138807, Mean Loss: 0.131567
2025-12-19 23:58:23 - preprocess - INFO - Validation Epoch 1644 | Loss: 0.457386
2025-12-19 23:58:23 - preprocess - INFO - Last model saved: results/diffusion/unet-2000-epochs-correct-data/models/last_model.pth
2025-12-19 23:58:29 - preprocess - INFO - Train Epoch 1645 | Loss: 0.150591, Mean Loss: 0.135372
2025-12-19 23:58:30 - preprocess - INFO - Validation Epoch 1645 | Loss: 0.498959
2025-12-19 23:58:30 - preprocess - INFO - Last model saved: results/diffusion/unet-2000-epochs-correct-data/models/last_model.pth
2025-12-19 23:58:36 - preprocess - INFO - Train Epoch 1646 | Loss: 0.121722, Mean Loss: 0.133097
2025-12-19 23:58:37 - preprocess - INFO - Validation Epoch 1646 | Loss: 0.590704
2025-12-19 23:58:37 - preprocess - INFO - Last model saved: results/diffusion/unet-2000-epochs-correct-data/models/last_model.pth
2025-12-19 23:58:43 - preprocess - INFO - Train Epoch 1647 | Loss: 0.116272, Mean Loss: 0.130693
2025-12-19 23:58:44 - preprocess - INFO - Validation Epoch 1647 | Loss: 0.384586
2025-12-19 23:58:44 - preprocess - INFO - Last model saved: results/diffusion/unet-2000-epochs-correct-data/models/last_model.pth
2025-12-19 23:58:49 - preprocess - INFO - Train Epoch 1648 | Loss: 0.163608, Mean Loss: 0.134808
2025-12-19 23:58:50 - preprocess - INFO - Validation Epoch 1648 | Loss: 0.472597
2025-12-19 23:58:51 - preprocess - INFO - Last model saved: results/diffusion/unet-2000-epochs-correct-data/models/last_model.pth
2025-12-19 23:58:56 - preprocess - INFO - Train Epoch 1649 | Loss: 0.126308, Mean Loss: 0.133863
2025-12-19 23:58:57 - preprocess - INFO - Validation Epoch 1649 | Loss: 0.517789
2025-12-19 23:58:57 - preprocess - INFO - Last model saved: results/diffusion/unet-2000-epochs-correct-data/models/last_model.pth
2025-12-19 23:59:04 - preprocess - INFO - Train Epoch 1650 | Loss: 0.120909, Mean Loss: 0.132568
2025-12-19 23:59:05 - preprocess - INFO - Validation Epoch 1650 | Loss: 0.380306
2025-12-19 23:59:05 - preprocess - INFO - Last model saved: results/diffusion/unet-2000-epochs-correct-data/models/last_model.pth
2025-12-20 00:00:15 - preprocess - INFO - Train Epoch 1651 | Loss: 0.132462, Mean Loss: 0.132462
2025-12-20 00:00:16 - preprocess - INFO - Validation Epoch 1651 | Loss: 0.343428
2025-12-20 00:00:16 - preprocess - INFO - Last model saved: results/diffusion/unet-2000-epochs-correct-data/models/last_model.pth
2025-12-20 00:00:20 - preprocess - INFO - Train Epoch 1652 | Loss: 0.137744, Mean Loss: 0.135103
2025-12-20 00:00:21 - preprocess - INFO - Validation Epoch 1652 | Loss: 0.495420
2025-12-20 00:00:21 - preprocess - INFO - Last model saved: results/diffusion/unet-2000-epochs-correct-data/models/last_model.pth
2025-12-20 00:00:25 - preprocess - INFO - Train Epoch 1653 | Loss: 0.132452, Mean Loss: 0.134219
2025-12-20 00:00:26 - preprocess - INFO - Validation Epoch 1653 | Loss: 0.456028
2025-12-20 00:00:26 - preprocess - INFO - Last model saved: results/diffusion/unet-2000-epochs-correct-data/models/last_model.pth
2025-12-20 00:00:30 - preprocess - INFO - Train Epoch 1654 | Loss: 0.142000, Mean Loss: 0.136164
2025-12-20 00:00:30 - preprocess - INFO - Validation Epoch 1654 | Loss: 0.486760
2025-12-20 00:00:30 - preprocess - INFO - Last model saved: results/diffusion/unet-2000-epochs-correct-data/models/last_model.pth
2025-12-20 00:00:35 - preprocess - INFO - Train Epoch 1655 | Loss: 0.132882, Mean Loss: 0.135508
2025-12-20 00:00:36 - preprocess - INFO - Validation Epoch 1655 | Loss: 0.362867
2025-12-20 00:00:36 - preprocess - INFO - Last model saved: results/diffusion/unet-2000-epochs-correct-data/models/last_model.pth
2025-12-20 00:00:41 - preprocess - INFO - Train Epoch 1656 | Loss: 0.138722, Mean Loss: 0.136044
2025-12-20 00:00:42 - preprocess - INFO - Validation Epoch 1656 | Loss: 0.425027
2025-12-20 00:00:42 - preprocess - INFO - Last model saved: results/diffusion/unet-2000-epochs-correct-data/models/last_model.pth
2025-12-20 00:00:48 - preprocess - INFO - Train Epoch 1657 | Loss: 0.132579, Mean Loss: 0.135549
2025-12-20 00:00:49 - preprocess - INFO - Validation Epoch 1657 | Loss: 0.423148
2025-12-20 00:00:49 - preprocess - INFO - Last model saved: results/diffusion/unet-2000-epochs-correct-data/models/last_model.pth
2025-12-20 00:00:55 - preprocess - INFO - Train Epoch 1658 | Loss: 0.134356, Mean Loss: 0.135399
2025-12-20 00:00:55 - preprocess - INFO - Validation Epoch 1658 | Loss: 0.343346
2025-12-20 00:00:56 - preprocess - INFO - Last model saved: results/diffusion/unet-2000-epochs-correct-data/models/last_model.pth
2025-12-20 00:01:01 - preprocess - INFO - Train Epoch 1659 | Loss: 0.119991, Mean Loss: 0.133687
2025-12-20 00:01:02 - preprocess - INFO - Validation Epoch 1659 | Loss: 0.451086
2025-12-20 00:01:02 - preprocess - INFO - Last model saved: results/diffusion/unet-2000-epochs-correct-data/models/last_model.pth
2025-12-20 00:01:08 - preprocess - INFO - Train Epoch 1660 | Loss: 0.144794, Mean Loss: 0.134798
2025-12-20 00:01:09 - preprocess - INFO - Validation Epoch 1660 | Loss: 0.359332
2025-12-20 00:01:09 - preprocess - INFO - Last model saved: results/diffusion/unet-2000-epochs-correct-data/models/last_model.pth
2025-12-20 00:02:27 - preprocess - INFO - Train Epoch 1661 | Loss: 0.124729, Mean Loss: 0.124729
2025-12-20 00:02:27 - preprocess - INFO - Validation Epoch 1661 | Loss: 0.423680
2025-12-20 00:02:27 - preprocess - INFO - Last model saved: results/diffusion/unet-2000-epochs-correct-data/models/last_model.pth
2025-12-20 00:02:31 - preprocess - INFO - Train Epoch 1662 | Loss: 0.135416, Mean Loss: 0.130072
2025-12-20 00:02:32 - preprocess - INFO - Validation Epoch 1662 | Loss: 0.465495
2025-12-20 00:02:32 - preprocess - INFO - Last model saved: results/diffusion/unet-2000-epochs-correct-data/models/last_model.pth
2025-12-20 00:02:36 - preprocess - INFO - Train Epoch 1663 | Loss: 0.127561, Mean Loss: 0.129235
2025-12-20 00:02:37 - preprocess - INFO - Validation Epoch 1663 | Loss: 0.536172
2025-12-20 00:02:37 - preprocess - INFO - Last model saved: results/diffusion/unet-2000-epochs-correct-data/models/last_model.pth
2025-12-20 00:02:41 - preprocess - INFO - Train Epoch 1664 | Loss: 0.141974, Mean Loss: 0.132420
2025-12-20 00:02:42 - preprocess - INFO - Validation Epoch 1664 | Loss: 0.551925
2025-12-20 00:02:42 - preprocess - INFO - Last model saved: results/diffusion/unet-2000-epochs-correct-data/models/last_model.pth
2025-12-20 00:02:46 - preprocess - INFO - Train Epoch 1665 | Loss: 0.145976, Mean Loss: 0.135131
2025-12-20 00:02:47 - preprocess - INFO - Validation Epoch 1665 | Loss: 0.489043
2025-12-20 00:02:47 - preprocess - INFO - Last model saved: results/diffusion/unet-2000-epochs-correct-data/models/last_model.pth
2025-12-20 00:02:52 - preprocess - INFO - Train Epoch 1666 | Loss: 0.148809, Mean Loss: 0.137411
2025-12-20 00:02:52 - preprocess - INFO - Validation Epoch 1666 | Loss: 0.547669
2025-12-20 00:02:52 - preprocess - INFO - Last model saved: results/diffusion/unet-2000-epochs-correct-data/models/last_model.pth
2025-12-20 00:02:57 - preprocess - INFO - Train Epoch 1667 | Loss: 0.146097, Mean Loss: 0.138652
2025-12-20 00:02:58 - preprocess - INFO - Validation Epoch 1667 | Loss: 0.392645
2025-12-20 00:02:58 - preprocess - INFO - Last model saved: results/diffusion/unet-2000-epochs-correct-data/models/last_model.pth
2025-12-20 00:03:03 - preprocess - INFO - Train Epoch 1668 | Loss: 0.135315, Mean Loss: 0.138235
2025-12-20 00:03:04 - preprocess - INFO - Validation Epoch 1668 | Loss: 0.531769
2025-12-20 00:03:04 - preprocess - INFO - Last model saved: results/diffusion/unet-2000-epochs-correct-data/models/last_model.pth
2025-12-20 00:03:09 - preprocess - INFO - Train Epoch 1669 | Loss: 0.135831, Mean Loss: 0.137968
2025-12-20 00:03:10 - preprocess - INFO - Validation Epoch 1669 | Loss: 0.430656
2025-12-20 00:03:10 - preprocess - INFO - Last model saved: results/diffusion/unet-2000-epochs-correct-data/models/last_model.pth
2025-12-20 00:03:15 - preprocess - INFO - Train Epoch 1670 | Loss: 0.129984, Mean Loss: 0.137169
2025-12-20 00:03:16 - preprocess - INFO - Validation Epoch 1670 | Loss: 0.589939
2025-12-20 00:03:16 - preprocess - INFO - Last model saved: results/diffusion/unet-2000-epochs-correct-data/models/last_model.pth
2025-12-20 00:05:23 - preprocess - INFO - Train Epoch 1671 | Loss: 0.125144, Mean Loss: 0.125144
2025-12-20 00:05:24 - preprocess - INFO - Validation Epoch 1671 | Loss: 0.480927
2025-12-20 00:05:24 - preprocess - INFO - Last model saved: results/diffusion/unet-2000-epochs-correct-data/models/last_model.pth
2025-12-20 00:05:32 - preprocess - INFO - Train Epoch 1672 | Loss: 0.143656, Mean Loss: 0.134400
2025-12-20 00:05:34 - preprocess - INFO - Validation Epoch 1672 | Loss: 0.409464
2025-12-20 00:05:34 - preprocess - INFO - Last model saved: results/diffusion/unet-2000-epochs-correct-data/models/last_model.pth
2025-12-20 00:05:42 - preprocess - INFO - Train Epoch 1673 | Loss: 0.119908, Mean Loss: 0.129569
2025-12-20 00:05:43 - preprocess - INFO - Validation Epoch 1673 | Loss: 0.489306
2025-12-20 00:05:43 - preprocess - INFO - Last model saved: results/diffusion/unet-2000-epochs-correct-data/models/last_model.pth
2025-12-20 00:05:51 - preprocess - INFO - Train Epoch 1674 | Loss: 0.132074, Mean Loss: 0.130196
2025-12-20 00:05:52 - preprocess - INFO - Validation Epoch 1674 | Loss: 0.457768
2025-12-20 00:05:52 - preprocess - INFO - Last model saved: results/diffusion/unet-2000-epochs-correct-data/models/last_model.pth
2025-12-20 00:06:04 - preprocess - INFO - Train Epoch 1675 | Loss: 0.153872, Mean Loss: 0.134931
2025-12-20 00:06:05 - preprocess - INFO - Validation Epoch 1675 | Loss: 0.492421
2025-12-20 00:06:05 - preprocess - INFO - Last model saved: results/diffusion/unet-2000-epochs-correct-data/models/last_model.pth
2025-12-20 00:06:14 - preprocess - INFO - Train Epoch 1676 | Loss: 0.144808, Mean Loss: 0.136577
2025-12-20 00:06:15 - preprocess - INFO - Validation Epoch 1676 | Loss: 0.394936
2025-12-20 00:06:16 - preprocess - INFO - Last model saved: results/diffusion/unet-2000-epochs-correct-data/models/last_model.pth
2025-12-20 00:06:23 - preprocess - INFO - Train Epoch 1677 | Loss: 0.136055, Mean Loss: 0.136502
2025-12-20 00:06:25 - preprocess - INFO - Validation Epoch 1677 | Loss: 0.506476
2025-12-20 00:06:25 - preprocess - INFO - Last model saved: results/diffusion/unet-2000-epochs-correct-data/models/last_model.pth
2025-12-20 00:06:31 - preprocess - INFO - Train Epoch 1678 | Loss: 0.114302, Mean Loss: 0.133727
2025-12-20 00:06:33 - preprocess - INFO - Validation Epoch 1678 | Loss: 0.548574
2025-12-20 00:06:33 - preprocess - INFO - Last model saved: results/diffusion/unet-2000-epochs-correct-data/models/last_model.pth
2025-12-20 00:06:38 - preprocess - INFO - Train Epoch 1679 | Loss: 0.116737, Mean Loss: 0.131840
2025-12-20 00:06:39 - preprocess - INFO - Validation Epoch 1679 | Loss: 0.477549
2025-12-20 00:06:39 - preprocess - INFO - Last model saved: results/diffusion/unet-2000-epochs-correct-data/models/last_model.pth
2025-12-20 00:06:44 - preprocess - INFO - Train Epoch 1680 | Loss: 0.135599, Mean Loss: 0.132216
2025-12-20 00:06:45 - preprocess - INFO - Validation Epoch 1680 | Loss: 0.442294
2025-12-20 00:06:45 - preprocess - INFO - Last model saved: results/diffusion/unet-2000-epochs-correct-data/models/last_model.pth
2025-12-20 00:07:55 - preprocess - INFO - Train Epoch 1681 | Loss: 0.123220, Mean Loss: 0.123220
2025-12-20 00:07:56 - preprocess - INFO - Validation Epoch 1681 | Loss: 0.488273
2025-12-20 00:07:56 - preprocess - INFO - Last model saved: results/diffusion/unet-2000-epochs-correct-data/models/last_model.pth
2025-12-20 00:08:00 - preprocess - INFO - Train Epoch 1682 | Loss: 0.130686, Mean Loss: 0.126953
2025-12-20 00:08:01 - preprocess - INFO - Validation Epoch 1682 | Loss: 0.452874
2025-12-20 00:08:01 - preprocess - INFO - Last model saved: results/diffusion/unet-2000-epochs-correct-data/models/last_model.pth
2025-12-20 00:08:06 - preprocess - INFO - Train Epoch 1683 | Loss: 0.152544, Mean Loss: 0.135484
2025-12-20 00:08:07 - preprocess - INFO - Validation Epoch 1683 | Loss: 0.389618
2025-12-20 00:08:07 - preprocess - INFO - Last model saved: results/diffusion/unet-2000-epochs-correct-data/models/last_model.pth
2025-12-20 00:08:12 - preprocess - INFO - Train Epoch 1684 | Loss: 0.150573, Mean Loss: 0.139256
2025-12-20 00:08:13 - preprocess - INFO - Validation Epoch 1684 | Loss: 0.391776
2025-12-20 00:08:13 - preprocess - INFO - Last model saved: results/diffusion/unet-2000-epochs-correct-data/models/last_model.pth
2025-12-20 00:08:18 - preprocess - INFO - Train Epoch 1685 | Loss: 0.125039, Mean Loss: 0.136412
2025-12-20 00:08:20 - preprocess - INFO - Validation Epoch 1685 | Loss: 0.368129
2025-12-20 00:08:20 - preprocess - INFO - Last model saved: results/diffusion/unet-2000-epochs-correct-data/models/last_model.pth
2025-12-20 00:08:25 - preprocess - INFO - Train Epoch 1686 | Loss: 0.129794, Mean Loss: 0.135309
2025-12-20 00:08:27 - preprocess - INFO - Validation Epoch 1686 | Loss: 0.381126
2025-12-20 00:08:27 - preprocess - INFO - Last model saved: results/diffusion/unet-2000-epochs-correct-data/models/last_model.pth
2025-12-20 00:08:32 - preprocess - INFO - Train Epoch 1687 | Loss: 0.127185, Mean Loss: 0.134149
2025-12-20 00:08:33 - preprocess - INFO - Validation Epoch 1687 | Loss: 0.456983
2025-12-20 00:08:33 - preprocess - INFO - Last model saved: results/diffusion/unet-2000-epochs-correct-data/models/last_model.pth
2025-12-20 00:08:39 - preprocess - INFO - Train Epoch 1688 | Loss: 0.159560, Mean Loss: 0.137325
2025-12-20 00:08:40 - preprocess - INFO - Validation Epoch 1688 | Loss: 0.501353
2025-12-20 00:08:40 - preprocess - INFO - Last model saved: results/diffusion/unet-2000-epochs-correct-data/models/last_model.pth
2025-12-20 00:08:46 - preprocess - INFO - Train Epoch 1689 | Loss: 0.146521, Mean Loss: 0.138347
2025-12-20 00:08:47 - preprocess - INFO - Validation Epoch 1689 | Loss: 0.517046
2025-12-20 00:08:47 - preprocess - INFO - Last model saved: results/diffusion/unet-2000-epochs-correct-data/models/last_model.pth
2025-12-20 00:08:53 - preprocess - INFO - Train Epoch 1690 | Loss: 0.130327, Mean Loss: 0.137545
2025-12-20 00:08:54 - preprocess - INFO - Validation Epoch 1690 | Loss: 0.333667
2025-12-20 00:08:54 - preprocess - INFO - Last model saved: results/diffusion/unet-2000-epochs-correct-data/models/last_model.pth
2025-12-20 00:10:02 - preprocess - INFO - Train Epoch 1691 | Loss: 0.136844, Mean Loss: 0.136844
2025-12-20 00:10:02 - preprocess - INFO - Validation Epoch 1691 | Loss: 0.553307
2025-12-20 00:10:02 - preprocess - INFO - Last model saved: results/diffusion/unet-2000-epochs-correct-data/models/last_model.pth
2025-12-20 00:10:06 - preprocess - INFO - Train Epoch 1692 | Loss: 0.126055, Mean Loss: 0.131450
2025-12-20 00:10:07 - preprocess - INFO - Validation Epoch 1692 | Loss: 0.430212
2025-12-20 00:10:07 - preprocess - INFO - Last model saved: results/diffusion/unet-2000-epochs-correct-data/models/last_model.pth
2025-12-20 00:10:11 - preprocess - INFO - Train Epoch 1693 | Loss: 0.148834, Mean Loss: 0.137244
2025-12-20 00:10:12 - preprocess - INFO - Validation Epoch 1693 | Loss: 0.456546
2025-12-20 00:10:12 - preprocess - INFO - Last model saved: results/diffusion/unet-2000-epochs-correct-data/models/last_model.pth
2025-12-20 00:10:17 - preprocess - INFO - Train Epoch 1694 | Loss: 0.136051, Mean Loss: 0.136946
2025-12-20 00:10:18 - preprocess - INFO - Validation Epoch 1694 | Loss: 0.503824
2025-12-20 00:10:18 - preprocess - INFO - Last model saved: results/diffusion/unet-2000-epochs-correct-data/models/last_model.pth
2025-12-20 00:10:23 - preprocess - INFO - Train Epoch 1695 | Loss: 0.148734, Mean Loss: 0.139304
2025-12-20 00:10:24 - preprocess - INFO - Validation Epoch 1695 | Loss: 0.433505
2025-12-20 00:10:24 - preprocess - INFO - Last model saved: results/diffusion/unet-2000-epochs-correct-data/models/last_model.pth
2025-12-20 00:10:30 - preprocess - INFO - Train Epoch 1696 | Loss: 0.137958, Mean Loss: 0.139079
2025-12-20 00:10:31 - preprocess - INFO - Validation Epoch 1696 | Loss: 0.548182
2025-12-20 00:10:31 - preprocess - INFO - Last model saved: results/diffusion/unet-2000-epochs-correct-data/models/last_model.pth
2025-12-20 00:10:37 - preprocess - INFO - Train Epoch 1697 | Loss: 0.127374, Mean Loss: 0.137407
2025-12-20 00:10:38 - preprocess - INFO - Validation Epoch 1697 | Loss: 0.469645
2025-12-20 00:10:38 - preprocess - INFO - Last model saved: results/diffusion/unet-2000-epochs-correct-data/models/last_model.pth
2025-12-20 00:10:44 - preprocess - INFO - Train Epoch 1698 | Loss: 0.147486, Mean Loss: 0.138667
2025-12-20 00:10:45 - preprocess - INFO - Validation Epoch 1698 | Loss: 0.339747
2025-12-20 00:10:45 - preprocess - INFO - Last model saved: results/diffusion/unet-2000-epochs-correct-data/models/last_model.pth
2025-12-20 00:10:51 - preprocess - INFO - Train Epoch 1699 | Loss: 0.143868, Mean Loss: 0.139245
2025-12-20 00:10:52 - preprocess - INFO - Validation Epoch 1699 | Loss: 0.579344
2025-12-20 00:10:52 - preprocess - INFO - Last model saved: results/diffusion/unet-2000-epochs-correct-data/models/last_model.pth
2025-12-20 00:10:59 - preprocess - INFO - Train Epoch 1700 | Loss: 0.142741, Mean Loss: 0.139594
2025-12-20 00:11:00 - preprocess - INFO - Validation Epoch 1700 | Loss: 0.433033
2025-12-20 00:11:00 - preprocess - INFO - Last model saved: results/diffusion/unet-2000-epochs-correct-data/models/last_model.pth
2025-12-20 00:12:14 - preprocess - INFO - Train Epoch 1701 | Loss: 0.135745, Mean Loss: 0.135745
2025-12-20 00:12:15 - preprocess - INFO - Validation Epoch 1701 | Loss: 0.553140
2025-12-20 00:12:15 - preprocess - INFO - Last model saved: results/diffusion/unet-2000-epochs-correct-data/models/last_model.pth
2025-12-20 00:12:19 - preprocess - INFO - Train Epoch 1702 | Loss: 0.138094, Mean Loss: 0.136920
2025-12-20 00:12:20 - preprocess - INFO - Validation Epoch 1702 | Loss: 0.432367
2025-12-20 00:12:20 - preprocess - INFO - Last model saved: results/diffusion/unet-2000-epochs-correct-data/models/last_model.pth
2025-12-20 00:12:24 - preprocess - INFO - Train Epoch 1703 | Loss: 0.138495, Mean Loss: 0.137445
2025-12-20 00:12:25 - preprocess - INFO - Validation Epoch 1703 | Loss: 0.460213
2025-12-20 00:12:25 - preprocess - INFO - Last model saved: results/diffusion/unet-2000-epochs-correct-data/models/last_model.pth
2025-12-20 00:12:29 - preprocess - INFO - Train Epoch 1704 | Loss: 0.119171, Mean Loss: 0.132876
2025-12-20 00:12:29 - preprocess - INFO - Validation Epoch 1704 | Loss: 0.543977
2025-12-20 00:12:29 - preprocess - INFO - Last model saved: results/diffusion/unet-2000-epochs-correct-data/models/last_model.pth
2025-12-20 00:12:34 - preprocess - INFO - Train Epoch 1705 | Loss: 0.129742, Mean Loss: 0.132249
2025-12-20 00:12:34 - preprocess - INFO - Validation Epoch 1705 | Loss: 0.536942
2025-12-20 00:12:35 - preprocess - INFO - Last model saved: results/diffusion/unet-2000-epochs-correct-data/models/last_model.pth
2025-12-20 00:12:39 - preprocess - INFO - Train Epoch 1706 | Loss: 0.113007, Mean Loss: 0.129042
2025-12-20 00:12:40 - preprocess - INFO - Validation Epoch 1706 | Loss: 0.455209
2025-12-20 00:12:40 - preprocess - INFO - Last model saved: results/diffusion/unet-2000-epochs-correct-data/models/last_model.pth
2025-12-20 00:12:45 - preprocess - INFO - Train Epoch 1707 | Loss: 0.119748, Mean Loss: 0.127715
2025-12-20 00:12:46 - preprocess - INFO - Validation Epoch 1707 | Loss: 0.411532
2025-12-20 00:12:46 - preprocess - INFO - Last model saved: results/diffusion/unet-2000-epochs-correct-data/models/last_model.pth
2025-12-20 00:12:51 - preprocess - INFO - Train Epoch 1708 | Loss: 0.127158, Mean Loss: 0.127645
2025-12-20 00:12:52 - preprocess - INFO - Validation Epoch 1708 | Loss: 0.545855
2025-12-20 00:12:52 - preprocess - INFO - Last model saved: results/diffusion/unet-2000-epochs-correct-data/models/last_model.pth
2025-12-20 00:12:57 - preprocess - INFO - Train Epoch 1709 | Loss: 0.136031, Mean Loss: 0.128577
2025-12-20 00:12:58 - preprocess - INFO - Validation Epoch 1709 | Loss: 0.484075
2025-12-20 00:12:58 - preprocess - INFO - Last model saved: results/diffusion/unet-2000-epochs-correct-data/models/last_model.pth
2025-12-20 00:13:02 - preprocess - INFO - Train Epoch 1710 | Loss: 0.134345, Mean Loss: 0.129154
2025-12-20 00:13:03 - preprocess - INFO - Validation Epoch 1710 | Loss: 0.494167
2025-12-20 00:13:03 - preprocess - INFO - Last model saved: results/diffusion/unet-2000-epochs-correct-data/models/last_model.pth
2025-12-20 00:14:58 - preprocess - INFO - Train Epoch 1711 | Loss: 0.127250, Mean Loss: 0.127250
2025-12-20 00:14:59 - preprocess - INFO - Validation Epoch 1711 | Loss: 0.527601
2025-12-20 00:14:59 - preprocess - INFO - Last model saved: results/diffusion/unet-2000-epochs-correct-data/models/last_model.pth
2025-12-20 00:15:07 - preprocess - INFO - Train Epoch 1712 | Loss: 0.128539, Mean Loss: 0.127895
2025-12-20 00:15:08 - preprocess - INFO - Validation Epoch 1712 | Loss: 0.462915
2025-12-20 00:15:08 - preprocess - INFO - Last model saved: results/diffusion/unet-2000-epochs-correct-data/models/last_model.pth
2025-12-20 00:15:16 - preprocess - INFO - Train Epoch 1713 | Loss: 0.142687, Mean Loss: 0.132825
2025-12-20 00:15:18 - preprocess - INFO - Validation Epoch 1713 | Loss: 0.572402
2025-12-20 00:15:18 - preprocess - INFO - Last model saved: results/diffusion/unet-2000-epochs-correct-data/models/last_model.pth
2025-12-20 00:15:25 - preprocess - INFO - Train Epoch 1714 | Loss: 0.124114, Mean Loss: 0.130647
2025-12-20 00:15:26 - preprocess - INFO - Validation Epoch 1714 | Loss: 0.407747
2025-12-20 00:15:26 - preprocess - INFO - Last model saved: results/diffusion/unet-2000-epochs-correct-data/models/last_model.pth
2025-12-20 00:15:33 - preprocess - INFO - Train Epoch 1715 | Loss: 0.131181, Mean Loss: 0.130754
2025-12-20 00:15:35 - preprocess - INFO - Validation Epoch 1715 | Loss: 0.463166
2025-12-20 00:15:35 - preprocess - INFO - Last model saved: results/diffusion/unet-2000-epochs-correct-data/models/last_model.pth
2025-12-20 00:15:43 - preprocess - INFO - Train Epoch 1716 | Loss: 0.142109, Mean Loss: 0.132647
2025-12-20 00:15:44 - preprocess - INFO - Validation Epoch 1716 | Loss: 0.393300
2025-12-20 00:15:44 - preprocess - INFO - Last model saved: results/diffusion/unet-2000-epochs-correct-data/models/last_model.pth
2025-12-20 00:15:52 - preprocess - INFO - Train Epoch 1717 | Loss: 0.135853, Mean Loss: 0.133105
2025-12-20 00:15:53 - preprocess - INFO - Validation Epoch 1717 | Loss: 0.413800
2025-12-20 00:15:53 - preprocess - INFO - Last model saved: results/diffusion/unet-2000-epochs-correct-data/models/last_model.pth
2025-12-20 00:16:01 - preprocess - INFO - Train Epoch 1718 | Loss: 0.131650, Mean Loss: 0.132923
2025-12-20 00:16:03 - preprocess - INFO - Validation Epoch 1718 | Loss: 0.447707
2025-12-20 00:16:03 - preprocess - INFO - Last model saved: results/diffusion/unet-2000-epochs-correct-data/models/last_model.pth
2025-12-20 00:16:10 - preprocess - INFO - Train Epoch 1719 | Loss: 0.133895, Mean Loss: 0.133031
2025-12-20 00:16:12 - preprocess - INFO - Validation Epoch 1719 | Loss: 0.422038
2025-12-20 00:16:12 - preprocess - INFO - Last model saved: results/diffusion/unet-2000-epochs-correct-data/models/last_model.pth
2025-12-20 00:16:20 - preprocess - INFO - Train Epoch 1720 | Loss: 0.134523, Mean Loss: 0.133180
2025-12-20 00:16:21 - preprocess - INFO - Validation Epoch 1720 | Loss: 0.488456
2025-12-20 00:16:21 - preprocess - INFO - Last model saved: results/diffusion/unet-2000-epochs-correct-data/models/last_model.pth
2025-12-20 00:18:16 - preprocess - INFO - Train Epoch 1721 | Loss: 0.142916, Mean Loss: 0.142916
2025-12-20 00:18:18 - preprocess - INFO - Validation Epoch 1721 | Loss: 0.492031
2025-12-20 00:18:18 - preprocess - INFO - Last model saved: results/diffusion/unet-2000-epochs-correct-data/models/last_model.pth
2025-12-20 00:18:25 - preprocess - INFO - Train Epoch 1722 | Loss: 0.147010, Mean Loss: 0.144963
2025-12-20 00:18:27 - preprocess - INFO - Validation Epoch 1722 | Loss: 0.522696
2025-12-20 00:18:27 - preprocess - INFO - Last model saved: results/diffusion/unet-2000-epochs-correct-data/models/last_model.pth
2025-12-20 00:18:35 - preprocess - INFO - Train Epoch 1723 | Loss: 0.135062, Mean Loss: 0.141662
2025-12-20 00:18:36 - preprocess - INFO - Validation Epoch 1723 | Loss: 0.549253
2025-12-20 00:18:36 - preprocess - INFO - Last model saved: results/diffusion/unet-2000-epochs-correct-data/models/last_model.pth
2025-12-20 00:18:44 - preprocess - INFO - Train Epoch 1724 | Loss: 0.144242, Mean Loss: 0.142307
2025-12-20 00:18:45 - preprocess - INFO - Validation Epoch 1724 | Loss: 0.430172
2025-12-20 00:18:45 - preprocess - INFO - Last model saved: results/diffusion/unet-2000-epochs-correct-data/models/last_model.pth
2025-12-20 00:18:57 - preprocess - INFO - Train Epoch 1725 | Loss: 0.141018, Mean Loss: 0.142049
2025-12-20 00:18:58 - preprocess - INFO - Validation Epoch 1725 | Loss: 0.380264
2025-12-20 00:18:58 - preprocess - INFO - Last model saved: results/diffusion/unet-2000-epochs-correct-data/models/last_model.pth
2025-12-20 00:19:07 - preprocess - INFO - Train Epoch 1726 | Loss: 0.141072, Mean Loss: 0.141887
2025-12-20 00:19:09 - preprocess - INFO - Validation Epoch 1726 | Loss: 0.455697
2025-12-20 00:19:09 - preprocess - INFO - Last model saved: results/diffusion/unet-2000-epochs-correct-data/models/last_model.pth
2025-12-20 00:19:17 - preprocess - INFO - Train Epoch 1727 | Loss: 0.137345, Mean Loss: 0.141238
2025-12-20 00:19:19 - preprocess - INFO - Validation Epoch 1727 | Loss: 0.469388
2025-12-20 00:19:19 - preprocess - INFO - Last model saved: results/diffusion/unet-2000-epochs-correct-data/models/last_model.pth
2025-12-20 00:19:27 - preprocess - INFO - Train Epoch 1728 | Loss: 0.116436, Mean Loss: 0.138138
2025-12-20 00:19:29 - preprocess - INFO - Validation Epoch 1728 | Loss: 0.375439
2025-12-20 00:19:29 - preprocess - INFO - Last model saved: results/diffusion/unet-2000-epochs-correct-data/models/last_model.pth
2025-12-20 00:19:38 - preprocess - INFO - Train Epoch 1729 | Loss: 0.154049, Mean Loss: 0.139905
2025-12-20 00:19:39 - preprocess - INFO - Validation Epoch 1729 | Loss: 0.438903
2025-12-20 00:19:39 - preprocess - INFO - Last model saved: results/diffusion/unet-2000-epochs-correct-data/models/last_model.pth
2025-12-20 00:19:48 - preprocess - INFO - Train Epoch 1730 | Loss: 0.123039, Mean Loss: 0.138219
2025-12-20 00:19:50 - preprocess - INFO - Validation Epoch 1730 | Loss: 0.523308
2025-12-20 00:19:50 - preprocess - INFO - Last model saved: results/diffusion/unet-2000-epochs-correct-data/models/last_model.pth
2025-12-20 00:20:59 - preprocess - INFO - Train Epoch 1731 | Loss: 0.116132, Mean Loss: 0.116132
2025-12-20 00:21:00 - preprocess - INFO - Validation Epoch 1731 | Loss: 0.380587
2025-12-20 00:21:00 - preprocess - INFO - Last model saved: results/diffusion/unet-2000-epochs-correct-data/models/last_model.pth
2025-12-20 00:21:05 - preprocess - INFO - Train Epoch 1732 | Loss: 0.146704, Mean Loss: 0.131418
2025-12-20 00:21:06 - preprocess - INFO - Validation Epoch 1732 | Loss: 0.453230
2025-12-20 00:21:06 - preprocess - INFO - Last model saved: results/diffusion/unet-2000-epochs-correct-data/models/last_model.pth
2025-12-20 00:21:11 - preprocess - INFO - Train Epoch 1733 | Loss: 0.137097, Mean Loss: 0.133311
2025-12-20 00:21:12 - preprocess - INFO - Validation Epoch 1733 | Loss: 0.477220
2025-12-20 00:21:12 - preprocess - INFO - Last model saved: results/diffusion/unet-2000-epochs-correct-data/models/last_model.pth
2025-12-20 00:21:17 - preprocess - INFO - Train Epoch 1734 | Loss: 0.128998, Mean Loss: 0.132233
2025-12-20 00:21:18 - preprocess - INFO - Validation Epoch 1734 | Loss: 0.415107
2025-12-20 00:21:18 - preprocess - INFO - Last model saved: results/diffusion/unet-2000-epochs-correct-data/models/last_model.pth
2025-12-20 00:21:23 - preprocess - INFO - Train Epoch 1735 | Loss: 0.125308, Mean Loss: 0.130848
2025-12-20 00:21:24 - preprocess - INFO - Validation Epoch 1735 | Loss: 0.585657
2025-12-20 00:21:24 - preprocess - INFO - Last model saved: results/diffusion/unet-2000-epochs-correct-data/models/last_model.pth
2025-12-20 00:21:30 - preprocess - INFO - Train Epoch 1736 | Loss: 0.132456, Mean Loss: 0.131116
2025-12-20 00:21:31 - preprocess - INFO - Validation Epoch 1736 | Loss: 0.600762
2025-12-20 00:21:31 - preprocess - INFO - Last model saved: results/diffusion/unet-2000-epochs-correct-data/models/last_model.pth
2025-12-20 00:21:37 - preprocess - INFO - Train Epoch 1737 | Loss: 0.142382, Mean Loss: 0.132725
2025-12-20 00:21:37 - preprocess - INFO - Validation Epoch 1737 | Loss: 0.393714
2025-12-20 00:21:38 - preprocess - INFO - Last model saved: results/diffusion/unet-2000-epochs-correct-data/models/last_model.pth
2025-12-20 00:21:43 - preprocess - INFO - Train Epoch 1738 | Loss: 0.149774, Mean Loss: 0.134856
2025-12-20 00:21:44 - preprocess - INFO - Validation Epoch 1738 | Loss: 0.506499
2025-12-20 00:21:44 - preprocess - INFO - Last model saved: results/diffusion/unet-2000-epochs-correct-data/models/last_model.pth
2025-12-20 00:21:50 - preprocess - INFO - Train Epoch 1739 | Loss: 0.142883, Mean Loss: 0.135748
2025-12-20 00:21:51 - preprocess - INFO - Validation Epoch 1739 | Loss: 0.410777
2025-12-20 00:21:51 - preprocess - INFO - Last model saved: results/diffusion/unet-2000-epochs-correct-data/models/last_model.pth
2025-12-20 00:21:57 - preprocess - INFO - Train Epoch 1740 | Loss: 0.119272, Mean Loss: 0.134101
2025-12-20 00:21:58 - preprocess - INFO - Validation Epoch 1740 | Loss: 0.489747
2025-12-20 00:21:58 - preprocess - INFO - Last model saved: results/diffusion/unet-2000-epochs-correct-data/models/last_model.pth
2025-12-20 00:23:11 - preprocess - INFO - Train Epoch 1741 | Loss: 0.140846, Mean Loss: 0.140846
2025-12-20 00:23:12 - preprocess - INFO - Validation Epoch 1741 | Loss: 0.393370
2025-12-20 00:23:12 - preprocess - INFO - Last model saved: results/diffusion/unet-2000-epochs-correct-data/models/last_model.pth
2025-12-20 00:23:16 - preprocess - INFO - Train Epoch 1742 | Loss: 0.126053, Mean Loss: 0.133450
2025-12-20 00:23:16 - preprocess - INFO - Validation Epoch 1742 | Loss: 0.421948
2025-12-20 00:23:16 - preprocess - INFO - Last model saved: results/diffusion/unet-2000-epochs-correct-data/models/last_model.pth
2025-12-20 00:23:20 - preprocess - INFO - Train Epoch 1743 | Loss: 0.112112, Mean Loss: 0.126337
2025-12-20 00:23:21 - preprocess - INFO - Validation Epoch 1743 | Loss: 0.480488
2025-12-20 00:23:21 - preprocess - INFO - Last model saved: results/diffusion/unet-2000-epochs-correct-data/models/last_model.pth
2025-12-20 00:23:25 - preprocess - INFO - Train Epoch 1744 | Loss: 0.132130, Mean Loss: 0.127785
2025-12-20 00:23:26 - preprocess - INFO - Validation Epoch 1744 | Loss: 0.499122
2025-12-20 00:23:26 - preprocess - INFO - Last model saved: results/diffusion/unet-2000-epochs-correct-data/models/last_model.pth
2025-12-20 00:23:30 - preprocess - INFO - Train Epoch 1745 | Loss: 0.136834, Mean Loss: 0.129595
2025-12-20 00:23:30 - preprocess - INFO - Validation Epoch 1745 | Loss: 0.556271
2025-12-20 00:23:31 - preprocess - INFO - Last model saved: results/diffusion/unet-2000-epochs-correct-data/models/last_model.pth
2025-12-20 00:23:36 - preprocess - INFO - Train Epoch 1746 | Loss: 0.152187, Mean Loss: 0.133360
2025-12-20 00:23:36 - preprocess - INFO - Validation Epoch 1746 | Loss: 0.362440
2025-12-20 00:23:36 - preprocess - INFO - Last model saved: results/diffusion/unet-2000-epochs-correct-data/models/last_model.pth
2025-12-20 00:23:41 - preprocess - INFO - Train Epoch 1747 | Loss: 0.131852, Mean Loss: 0.133145
2025-12-20 00:23:42 - preprocess - INFO - Validation Epoch 1747 | Loss: 0.384485
2025-12-20 00:23:42 - preprocess - INFO - Last model saved: results/diffusion/unet-2000-epochs-correct-data/models/last_model.pth
2025-12-20 00:23:47 - preprocess - INFO - Train Epoch 1748 | Loss: 0.121601, Mean Loss: 0.131702
2025-12-20 00:23:48 - preprocess - INFO - Validation Epoch 1748 | Loss: 0.462728
2025-12-20 00:23:48 - preprocess - INFO - Last model saved: results/diffusion/unet-2000-epochs-correct-data/models/last_model.pth
2025-12-20 00:23:54 - preprocess - INFO - Train Epoch 1749 | Loss: 0.146631, Mean Loss: 0.133361
2025-12-20 00:23:55 - preprocess - INFO - Validation Epoch 1749 | Loss: 0.485147
2025-12-20 00:23:55 - preprocess - INFO - Last model saved: results/diffusion/unet-2000-epochs-correct-data/models/last_model.pth
2025-12-20 00:24:02 - preprocess - INFO - Train Epoch 1750 | Loss: 0.125582, Mean Loss: 0.132583
2025-12-20 00:24:03 - preprocess - INFO - Validation Epoch 1750 | Loss: 0.327253
2025-12-20 00:24:03 - preprocess - INFO - Last model saved: results/diffusion/unet-2000-epochs-correct-data/models/last_model.pth
2025-12-20 00:25:23 - preprocess - INFO - Train Epoch 1751 | Loss: 0.145423, Mean Loss: 0.145423
2025-12-20 00:25:24 - preprocess - INFO - Validation Epoch 1751 | Loss: 0.417200
2025-12-20 00:25:24 - preprocess - INFO - Last model saved: results/diffusion/unet-2000-epochs-correct-data/models/last_model.pth
2025-12-20 00:25:28 - preprocess - INFO - Train Epoch 1752 | Loss: 0.143574, Mean Loss: 0.144499
2025-12-20 00:25:29 - preprocess - INFO - Validation Epoch 1752 | Loss: 0.412810
2025-12-20 00:25:29 - preprocess - INFO - Last model saved: results/diffusion/unet-2000-epochs-correct-data/models/last_model.pth
2025-12-20 00:25:33 - preprocess - INFO - Train Epoch 1753 | Loss: 0.135901, Mean Loss: 0.141633
2025-12-20 00:25:33 - preprocess - INFO - Validation Epoch 1753 | Loss: 0.428911
2025-12-20 00:25:33 - preprocess - INFO - Last model saved: results/diffusion/unet-2000-epochs-correct-data/models/last_model.pth
2025-12-20 00:25:37 - preprocess - INFO - Train Epoch 1754 | Loss: 0.149853, Mean Loss: 0.143688
2025-12-20 00:25:38 - preprocess - INFO - Validation Epoch 1754 | Loss: 0.487982
2025-12-20 00:25:38 - preprocess - INFO - Last model saved: results/diffusion/unet-2000-epochs-correct-data/models/last_model.pth
2025-12-20 00:25:42 - preprocess - INFO - Train Epoch 1755 | Loss: 0.147283, Mean Loss: 0.144407
2025-12-20 00:25:43 - preprocess - INFO - Validation Epoch 1755 | Loss: 0.422074
2025-12-20 00:25:43 - preprocess - INFO - Last model saved: results/diffusion/unet-2000-epochs-correct-data/models/last_model.pth
2025-12-20 00:25:48 - preprocess - INFO - Train Epoch 1756 | Loss: 0.135935, Mean Loss: 0.142995
2025-12-20 00:25:49 - preprocess - INFO - Validation Epoch 1756 | Loss: 0.470802
2025-12-20 00:25:49 - preprocess - INFO - Last model saved: results/diffusion/unet-2000-epochs-correct-data/models/last_model.pth
2025-12-20 00:25:54 - preprocess - INFO - Train Epoch 1757 | Loss: 0.120565, Mean Loss: 0.139791
2025-12-20 00:25:55 - preprocess - INFO - Validation Epoch 1757 | Loss: 0.465548
2025-12-20 00:25:55 - preprocess - INFO - Last model saved: results/diffusion/unet-2000-epochs-correct-data/models/last_model.pth
2025-12-20 00:26:00 - preprocess - INFO - Train Epoch 1758 | Loss: 0.123341, Mean Loss: 0.137734
2025-12-20 00:26:00 - preprocess - INFO - Validation Epoch 1758 | Loss: 0.492290
2025-12-20 00:26:00 - preprocess - INFO - Last model saved: results/diffusion/unet-2000-epochs-correct-data/models/last_model.pth
2025-12-20 00:26:05 - preprocess - INFO - Train Epoch 1759 | Loss: 0.136161, Mean Loss: 0.137560
2025-12-20 00:26:06 - preprocess - INFO - Validation Epoch 1759 | Loss: 0.460613
2025-12-20 00:26:06 - preprocess - INFO - Last model saved: results/diffusion/unet-2000-epochs-correct-data/models/last_model.pth
2025-12-20 00:26:11 - preprocess - INFO - Train Epoch 1760 | Loss: 0.116117, Mean Loss: 0.135415
2025-12-20 00:26:12 - preprocess - INFO - Validation Epoch 1760 | Loss: 0.417384
2025-12-20 00:26:12 - preprocess - INFO - Last model saved: results/diffusion/unet-2000-epochs-correct-data/models/last_model.pth
2025-12-20 00:27:30 - preprocess - INFO - Train Epoch 1761 | Loss: 0.128569, Mean Loss: 0.128569
2025-12-20 00:27:31 - preprocess - INFO - Validation Epoch 1761 | Loss: 0.454270
2025-12-20 00:27:31 - preprocess - INFO - Last model saved: results/diffusion/unet-2000-epochs-correct-data/models/last_model.pth
2025-12-20 00:27:36 - preprocess - INFO - Train Epoch 1762 | Loss: 0.147989, Mean Loss: 0.138279
2025-12-20 00:27:37 - preprocess - INFO - Validation Epoch 1762 | Loss: 0.414587
2025-12-20 00:27:37 - preprocess - INFO - Last model saved: results/diffusion/unet-2000-epochs-correct-data/models/last_model.pth
2025-12-20 00:27:42 - preprocess - INFO - Train Epoch 1763 | Loss: 0.119371, Mean Loss: 0.131976
2025-12-20 00:27:43 - preprocess - INFO - Validation Epoch 1763 | Loss: 0.508535
2025-12-20 00:27:43 - preprocess - INFO - Last model saved: results/diffusion/unet-2000-epochs-correct-data/models/last_model.pth
2025-12-20 00:27:47 - preprocess - INFO - Train Epoch 1764 | Loss: 0.135731, Mean Loss: 0.132915
2025-12-20 00:27:48 - preprocess - INFO - Validation Epoch 1764 | Loss: 0.400213
2025-12-20 00:27:48 - preprocess - INFO - Last model saved: results/diffusion/unet-2000-epochs-correct-data/models/last_model.pth
2025-12-20 00:27:53 - preprocess - INFO - Train Epoch 1765 | Loss: 0.140630, Mean Loss: 0.134458
2025-12-20 00:27:54 - preprocess - INFO - Validation Epoch 1765 | Loss: 0.500367
2025-12-20 00:27:54 - preprocess - INFO - Last model saved: results/diffusion/unet-2000-epochs-correct-data/models/last_model.pth
2025-12-20 00:28:01 - preprocess - INFO - Train Epoch 1766 | Loss: 0.129486, Mean Loss: 0.133629
2025-12-20 00:28:02 - preprocess - INFO - Validation Epoch 1766 | Loss: 0.636186
2025-12-20 00:28:02 - preprocess - INFO - Last model saved: results/diffusion/unet-2000-epochs-correct-data/models/last_model.pth
2025-12-20 00:28:09 - preprocess - INFO - Train Epoch 1767 | Loss: 0.127021, Mean Loss: 0.132685
2025-12-20 00:28:10 - preprocess - INFO - Validation Epoch 1767 | Loss: 0.486062
2025-12-20 00:28:10 - preprocess - INFO - Last model saved: results/diffusion/unet-2000-epochs-correct-data/models/last_model.pth
2025-12-20 00:28:16 - preprocess - INFO - Train Epoch 1768 | Loss: 0.128438, Mean Loss: 0.132154
2025-12-20 00:28:17 - preprocess - INFO - Validation Epoch 1768 | Loss: 0.468884
2025-12-20 00:28:17 - preprocess - INFO - Last model saved: results/diffusion/unet-2000-epochs-correct-data/models/last_model.pth
2025-12-20 00:28:23 - preprocess - INFO - Train Epoch 1769 | Loss: 0.148833, Mean Loss: 0.134007
2025-12-20 00:28:24 - preprocess - INFO - Validation Epoch 1769 | Loss: 0.547397
2025-12-20 00:28:24 - preprocess - INFO - Last model saved: results/diffusion/unet-2000-epochs-correct-data/models/last_model.pth
2025-12-20 00:28:30 - preprocess - INFO - Train Epoch 1770 | Loss: 0.146185, Mean Loss: 0.135225
2025-12-20 00:28:31 - preprocess - INFO - Validation Epoch 1770 | Loss: 0.560560
2025-12-20 00:28:31 - preprocess - INFO - Last model saved: results/diffusion/unet-2000-epochs-correct-data/models/last_model.pth
2025-12-20 00:30:01 - preprocess - INFO - Train Epoch 1771 | Loss: 0.126079, Mean Loss: 0.126079
2025-12-20 00:30:02 - preprocess - INFO - Validation Epoch 1771 | Loss: 0.424956
2025-12-20 00:30:02 - preprocess - INFO - Last model saved: results/diffusion/unet-2000-epochs-correct-data/models/last_model.pth
2025-12-20 00:30:08 - preprocess - INFO - Train Epoch 1772 | Loss: 0.126453, Mean Loss: 0.126266
2025-12-20 00:30:09 - preprocess - INFO - Validation Epoch 1772 | Loss: 0.577652
2025-12-20 00:30:09 - preprocess - INFO - Last model saved: results/diffusion/unet-2000-epochs-correct-data/models/last_model.pth
2025-12-20 00:30:15 - preprocess - INFO - Train Epoch 1773 | Loss: 0.131844, Mean Loss: 0.128125
2025-12-20 00:30:16 - preprocess - INFO - Validation Epoch 1773 | Loss: 0.458531
2025-12-20 00:30:16 - preprocess - INFO - Last model saved: results/diffusion/unet-2000-epochs-correct-data/models/last_model.pth
2025-12-20 00:30:22 - preprocess - INFO - Train Epoch 1774 | Loss: 0.140433, Mean Loss: 0.131202
2025-12-20 00:30:23 - preprocess - INFO - Validation Epoch 1774 | Loss: 0.450346
2025-12-20 00:30:23 - preprocess - INFO - Last model saved: results/diffusion/unet-2000-epochs-correct-data/models/last_model.pth
2025-12-20 00:30:32 - preprocess - INFO - Train Epoch 1775 | Loss: 0.147383, Mean Loss: 0.134438
2025-12-20 00:30:33 - preprocess - INFO - Validation Epoch 1775 | Loss: 0.535638
2025-12-20 00:30:33 - preprocess - INFO - Last model saved: results/diffusion/unet-2000-epochs-correct-data/models/last_model.pth
2025-12-20 00:30:40 - preprocess - INFO - Train Epoch 1776 | Loss: 0.142193, Mean Loss: 0.135731
2025-12-20 00:30:42 - preprocess - INFO - Validation Epoch 1776 | Loss: 0.459686
2025-12-20 00:30:42 - preprocess - INFO - Last model saved: results/diffusion/unet-2000-epochs-correct-data/models/last_model.pth
2025-12-20 00:30:48 - preprocess - INFO - Train Epoch 1777 | Loss: 0.147104, Mean Loss: 0.137356
2025-12-20 00:30:50 - preprocess - INFO - Validation Epoch 1777 | Loss: 0.476018
2025-12-20 00:30:50 - preprocess - INFO - Last model saved: results/diffusion/unet-2000-epochs-correct-data/models/last_model.pth
2025-12-20 00:30:57 - preprocess - INFO - Train Epoch 1778 | Loss: 0.127201, Mean Loss: 0.136086
2025-12-20 00:30:58 - preprocess - INFO - Validation Epoch 1778 | Loss: 0.496207
2025-12-20 00:30:58 - preprocess - INFO - Last model saved: results/diffusion/unet-2000-epochs-correct-data/models/last_model.pth
2025-12-20 00:31:05 - preprocess - INFO - Train Epoch 1779 | Loss: 0.125268, Mean Loss: 0.134884
2025-12-20 00:31:06 - preprocess - INFO - Validation Epoch 1779 | Loss: 0.394830
2025-12-20 00:31:06 - preprocess - INFO - Last model saved: results/diffusion/unet-2000-epochs-correct-data/models/last_model.pth
2025-12-20 00:31:13 - preprocess - INFO - Train Epoch 1780 | Loss: 0.125353, Mean Loss: 0.133931
2025-12-20 00:31:14 - preprocess - INFO - Validation Epoch 1780 | Loss: 0.486269
2025-12-20 00:31:14 - preprocess - INFO - Last model saved: results/diffusion/unet-2000-epochs-correct-data/models/last_model.pth
2025-12-20 00:32:41 - preprocess - INFO - Train Epoch 1781 | Loss: 0.123253, Mean Loss: 0.123253
2025-12-20 00:32:42 - preprocess - INFO - Validation Epoch 1781 | Loss: 0.482522
2025-12-20 00:32:42 - preprocess - INFO - Last model saved: results/diffusion/unet-2000-epochs-correct-data/models/last_model.pth
2025-12-20 00:32:47 - preprocess - INFO - Train Epoch 1782 | Loss: 0.101201, Mean Loss: 0.112227
2025-12-20 00:32:48 - preprocess - INFO - Validation Epoch 1782 | Loss: 0.401321
2025-12-20 00:32:48 - preprocess - INFO - Last model saved: results/diffusion/unet-2000-epochs-correct-data/models/last_model.pth
2025-12-20 00:32:53 - preprocess - INFO - Train Epoch 1783 | Loss: 0.131478, Mean Loss: 0.118644
2025-12-20 00:32:54 - preprocess - INFO - Validation Epoch 1783 | Loss: 0.502156
2025-12-20 00:32:54 - preprocess - INFO - Last model saved: results/diffusion/unet-2000-epochs-correct-data/models/last_model.pth
2025-12-20 00:32:59 - preprocess - INFO - Train Epoch 1784 | Loss: 0.113676, Mean Loss: 0.117402
2025-12-20 00:33:00 - preprocess - INFO - Validation Epoch 1784 | Loss: 0.506633
2025-12-20 00:33:00 - preprocess - INFO - Last model saved: results/diffusion/unet-2000-epochs-correct-data/models/last_model.pth
2025-12-20 00:33:07 - preprocess - INFO - Train Epoch 1785 | Loss: 0.138625, Mean Loss: 0.121646
2025-12-20 00:33:08 - preprocess - INFO - Validation Epoch 1785 | Loss: 0.476047
2025-12-20 00:33:08 - preprocess - INFO - Last model saved: results/diffusion/unet-2000-epochs-correct-data/models/last_model.pth
2025-12-20 00:33:15 - preprocess - INFO - Train Epoch 1786 | Loss: 0.136849, Mean Loss: 0.124180
2025-12-20 00:33:16 - preprocess - INFO - Validation Epoch 1786 | Loss: 0.585430
2025-12-20 00:33:16 - preprocess - INFO - Last model saved: results/diffusion/unet-2000-epochs-correct-data/models/last_model.pth
2025-12-20 00:33:23 - preprocess - INFO - Train Epoch 1787 | Loss: 0.132639, Mean Loss: 0.125388
2025-12-20 00:33:24 - preprocess - INFO - Validation Epoch 1787 | Loss: 0.504963
2025-12-20 00:33:24 - preprocess - INFO - Last model saved: results/diffusion/unet-2000-epochs-correct-data/models/last_model.pth
2025-12-20 00:33:31 - preprocess - INFO - Train Epoch 1788 | Loss: 0.128267, Mean Loss: 0.125748
2025-12-20 00:33:32 - preprocess - INFO - Validation Epoch 1788 | Loss: 0.496073
2025-12-20 00:33:32 - preprocess - INFO - Last model saved: results/diffusion/unet-2000-epochs-correct-data/models/last_model.pth
2025-12-20 00:33:39 - preprocess - INFO - Train Epoch 1789 | Loss: 0.125324, Mean Loss: 0.125701
2025-12-20 00:33:40 - preprocess - INFO - Validation Epoch 1789 | Loss: 0.429575
2025-12-20 00:33:41 - preprocess - INFO - Last model saved: results/diffusion/unet-2000-epochs-correct-data/models/last_model.pth
2025-12-20 00:33:47 - preprocess - INFO - Train Epoch 1790 | Loss: 0.134167, Mean Loss: 0.126548
2025-12-20 00:33:49 - preprocess - INFO - Validation Epoch 1790 | Loss: 0.547597
2025-12-20 00:33:49 - preprocess - INFO - Last model saved: results/diffusion/unet-2000-epochs-correct-data/models/last_model.pth
2025-12-20 00:35:24 - preprocess - INFO - Train Epoch 1791 | Loss: 0.137253, Mean Loss: 0.137253
2025-12-20 00:35:25 - preprocess - INFO - Validation Epoch 1791 | Loss: 0.393089
2025-12-20 00:35:25 - preprocess - INFO - Last model saved: results/diffusion/unet-2000-epochs-correct-data/models/last_model.pth
2025-12-20 00:35:30 - preprocess - INFO - Train Epoch 1792 | Loss: 0.144600, Mean Loss: 0.140926
2025-12-20 00:35:31 - preprocess - INFO - Validation Epoch 1792 | Loss: 0.528296
2025-12-20 00:35:31 - preprocess - INFO - Last model saved: results/diffusion/unet-2000-epochs-correct-data/models/last_model.pth
2025-12-20 00:35:36 - preprocess - INFO - Train Epoch 1793 | Loss: 0.155152, Mean Loss: 0.145668
2025-12-20 00:35:37 - preprocess - INFO - Validation Epoch 1793 | Loss: 0.437391
2025-12-20 00:35:37 - preprocess - INFO - Last model saved: results/diffusion/unet-2000-epochs-correct-data/models/last_model.pth
2025-12-20 00:35:42 - preprocess - INFO - Train Epoch 1794 | Loss: 0.123883, Mean Loss: 0.140222
2025-12-20 00:35:43 - preprocess - INFO - Validation Epoch 1794 | Loss: 0.538125
2025-12-20 00:35:43 - preprocess - INFO - Last model saved: results/diffusion/unet-2000-epochs-correct-data/models/last_model.pth
2025-12-20 00:35:47 - preprocess - INFO - Train Epoch 1795 | Loss: 0.116776, Mean Loss: 0.135533
2025-12-20 00:35:48 - preprocess - INFO - Validation Epoch 1795 | Loss: 0.461621
2025-12-20 00:35:48 - preprocess - INFO - Last model saved: results/diffusion/unet-2000-epochs-correct-data/models/last_model.pth
2025-12-20 00:35:53 - preprocess - INFO - Train Epoch 1796 | Loss: 0.130511, Mean Loss: 0.134696
2025-12-20 00:35:54 - preprocess - INFO - Validation Epoch 1796 | Loss: 0.411388
2025-12-20 00:35:54 - preprocess - INFO - Last model saved: results/diffusion/unet-2000-epochs-correct-data/models/last_model.pth
2025-12-20 00:35:59 - preprocess - INFO - Train Epoch 1797 | Loss: 0.130617, Mean Loss: 0.134113
2025-12-20 00:36:00 - preprocess - INFO - Validation Epoch 1797 | Loss: 0.444311
2025-12-20 00:36:00 - preprocess - INFO - Last model saved: results/diffusion/unet-2000-epochs-correct-data/models/last_model.pth
2025-12-20 00:36:06 - preprocess - INFO - Train Epoch 1798 | Loss: 0.122695, Mean Loss: 0.132686
2025-12-20 00:36:07 - preprocess - INFO - Validation Epoch 1798 | Loss: 0.459481
2025-12-20 00:36:07 - preprocess - INFO - Last model saved: results/diffusion/unet-2000-epochs-correct-data/models/last_model.pth
2025-12-20 00:36:13 - preprocess - INFO - Train Epoch 1799 | Loss: 0.125144, Mean Loss: 0.131848
2025-12-20 00:36:14 - preprocess - INFO - Validation Epoch 1799 | Loss: 0.314849
2025-12-20 00:36:14 - preprocess - INFO - Last model saved: results/diffusion/unet-2000-epochs-correct-data/models/last_model.pth
2025-12-20 00:36:21 - preprocess - INFO - Train Epoch 1800 | Loss: 0.147945, Mean Loss: 0.133457
2025-12-20 00:36:23 - preprocess - INFO - Validation Epoch 1800 | Loss: 0.474135
2025-12-20 00:36:23 - preprocess - INFO - Last model saved: results/diffusion/unet-2000-epochs-correct-data/models/last_model.pth
2025-12-20 00:38:02 - preprocess - INFO - Train Epoch 1801 | Loss: 0.122726, Mean Loss: 0.122726
2025-12-20 00:38:03 - preprocess - INFO - Validation Epoch 1801 | Loss: 0.458303
2025-12-20 00:38:03 - preprocess - INFO - Last model saved: results/diffusion/unet-2000-epochs-correct-data/models/last_model.pth
2025-12-20 00:38:09 - preprocess - INFO - Train Epoch 1802 | Loss: 0.109410, Mean Loss: 0.116068
2025-12-20 00:38:11 - preprocess - INFO - Validation Epoch 1802 | Loss: 0.452993
2025-12-20 00:38:11 - preprocess - INFO - Last model saved: results/diffusion/unet-2000-epochs-correct-data/models/last_model.pth
2025-12-20 00:38:17 - preprocess - INFO - Train Epoch 1803 | Loss: 0.118243, Mean Loss: 0.116793
2025-12-20 00:38:18 - preprocess - INFO - Validation Epoch 1803 | Loss: 0.549872
2025-12-20 00:38:18 - preprocess - INFO - Last model saved: results/diffusion/unet-2000-epochs-correct-data/models/last_model.pth
2025-12-20 00:38:23 - preprocess - INFO - Train Epoch 1804 | Loss: 0.119272, Mean Loss: 0.117413
2025-12-20 00:38:24 - preprocess - INFO - Validation Epoch 1804 | Loss: 0.531119
2025-12-20 00:38:24 - preprocess - INFO - Last model saved: results/diffusion/unet-2000-epochs-correct-data/models/last_model.pth
2025-12-20 00:38:28 - preprocess - INFO - Train Epoch 1805 | Loss: 0.121721, Mean Loss: 0.118274
2025-12-20 00:38:30 - preprocess - INFO - Validation Epoch 1805 | Loss: 0.384262
2025-12-20 00:38:30 - preprocess - INFO - Last model saved: results/diffusion/unet-2000-epochs-correct-data/models/last_model.pth
2025-12-20 00:38:36 - preprocess - INFO - Train Epoch 1806 | Loss: 0.141075, Mean Loss: 0.122075
2025-12-20 00:38:37 - preprocess - INFO - Validation Epoch 1806 | Loss: 0.494610
2025-12-20 00:38:37 - preprocess - INFO - Last model saved: results/diffusion/unet-2000-epochs-correct-data/models/last_model.pth
2025-12-20 00:38:43 - preprocess - INFO - Train Epoch 1807 | Loss: 0.131024, Mean Loss: 0.123353
2025-12-20 00:38:44 - preprocess - INFO - Validation Epoch 1807 | Loss: 0.481700
2025-12-20 00:38:44 - preprocess - INFO - Last model saved: results/diffusion/unet-2000-epochs-correct-data/models/last_model.pth
2025-12-20 00:38:50 - preprocess - INFO - Train Epoch 1808 | Loss: 0.135735, Mean Loss: 0.124901
2025-12-20 00:38:51 - preprocess - INFO - Validation Epoch 1808 | Loss: 0.459292
2025-12-20 00:38:51 - preprocess - INFO - Last model saved: results/diffusion/unet-2000-epochs-correct-data/models/last_model.pth
2025-12-20 00:38:57 - preprocess - INFO - Train Epoch 1809 | Loss: 0.123700, Mean Loss: 0.124767
2025-12-20 00:38:58 - preprocess - INFO - Validation Epoch 1809 | Loss: 0.435890
2025-12-20 00:38:58 - preprocess - INFO - Last model saved: results/diffusion/unet-2000-epochs-correct-data/models/last_model.pth
2025-12-20 00:39:04 - preprocess - INFO - Train Epoch 1810 | Loss: 0.144992, Mean Loss: 0.126790
2025-12-20 00:39:05 - preprocess - INFO - Validation Epoch 1810 | Loss: 0.438914
2025-12-20 00:39:05 - preprocess - INFO - Last model saved: results/diffusion/unet-2000-epochs-correct-data/models/last_model.pth
2025-12-20 00:40:39 - preprocess - INFO - Train Epoch 1811 | Loss: 0.133604, Mean Loss: 0.133604
2025-12-20 00:40:40 - preprocess - INFO - Validation Epoch 1811 | Loss: 0.497586
2025-12-20 00:40:40 - preprocess - INFO - Last model saved: results/diffusion/unet-2000-epochs-correct-data/models/last_model.pth
2025-12-20 00:40:46 - preprocess - INFO - Train Epoch 1812 | Loss: 0.124319, Mean Loss: 0.128962
2025-12-20 00:40:47 - preprocess - INFO - Validation Epoch 1812 | Loss: 0.402737
2025-12-20 00:40:47 - preprocess - INFO - Last model saved: results/diffusion/unet-2000-epochs-correct-data/models/last_model.pth
2025-12-20 00:40:53 - preprocess - INFO - Train Epoch 1813 | Loss: 0.131269, Mean Loss: 0.129731
2025-12-20 00:40:54 - preprocess - INFO - Validation Epoch 1813 | Loss: 0.424108
2025-12-20 00:40:54 - preprocess - INFO - Last model saved: results/diffusion/unet-2000-epochs-correct-data/models/last_model.pth
2025-12-20 00:41:00 - preprocess - INFO - Train Epoch 1814 | Loss: 0.124831, Mean Loss: 0.128506
2025-12-20 00:41:01 - preprocess - INFO - Validation Epoch 1814 | Loss: 0.496941
2025-12-20 00:41:01 - preprocess - INFO - Last model saved: results/diffusion/unet-2000-epochs-correct-data/models/last_model.pth
2025-12-20 00:41:07 - preprocess - INFO - Train Epoch 1815 | Loss: 0.144552, Mean Loss: 0.131715
2025-12-20 00:41:09 - preprocess - INFO - Validation Epoch 1815 | Loss: 0.370906
2025-12-20 00:41:09 - preprocess - INFO - Last model saved: results/diffusion/unet-2000-epochs-correct-data/models/last_model.pth
2025-12-20 00:41:15 - preprocess - INFO - Train Epoch 1816 | Loss: 0.121243, Mean Loss: 0.129970
2025-12-20 00:41:17 - preprocess - INFO - Validation Epoch 1816 | Loss: 0.498299
2025-12-20 00:41:17 - preprocess - INFO - Last model saved: results/diffusion/unet-2000-epochs-correct-data/models/last_model.pth
2025-12-20 00:41:24 - preprocess - INFO - Train Epoch 1817 | Loss: 0.126519, Mean Loss: 0.129477
2025-12-20 00:41:25 - preprocess - INFO - Validation Epoch 1817 | Loss: 0.570024
2025-12-20 00:41:25 - preprocess - INFO - Last model saved: results/diffusion/unet-2000-epochs-correct-data/models/last_model.pth
2025-12-20 00:41:32 - preprocess - INFO - Train Epoch 1818 | Loss: 0.138432, Mean Loss: 0.130596
2025-12-20 00:41:33 - preprocess - INFO - Validation Epoch 1818 | Loss: 0.490485
2025-12-20 00:41:33 - preprocess - INFO - Last model saved: results/diffusion/unet-2000-epochs-correct-data/models/last_model.pth
2025-12-20 00:41:40 - preprocess - INFO - Train Epoch 1819 | Loss: 0.108774, Mean Loss: 0.128171
2025-12-20 00:41:41 - preprocess - INFO - Validation Epoch 1819 | Loss: 0.422063
2025-12-20 00:41:41 - preprocess - INFO - Last model saved: results/diffusion/unet-2000-epochs-correct-data/models/last_model.pth
2025-12-20 00:41:47 - preprocess - INFO - Train Epoch 1820 | Loss: 0.137659, Mean Loss: 0.129120
2025-12-20 00:41:49 - preprocess - INFO - Validation Epoch 1820 | Loss: 0.449174
2025-12-20 00:41:49 - preprocess - INFO - Last model saved: results/diffusion/unet-2000-epochs-correct-data/models/last_model.pth
2025-12-20 00:43:15 - preprocess - INFO - Train Epoch 1821 | Loss: 0.152995, Mean Loss: 0.152995
2025-12-20 00:43:16 - preprocess - INFO - Validation Epoch 1821 | Loss: 0.493165
2025-12-20 00:43:16 - preprocess - INFO - Last model saved: results/diffusion/unet-2000-epochs-correct-data/models/last_model.pth
2025-12-20 00:43:21 - preprocess - INFO - Train Epoch 1822 | Loss: 0.129507, Mean Loss: 0.141251
2025-12-20 00:43:22 - preprocess - INFO - Validation Epoch 1822 | Loss: 0.424343
2025-12-20 00:43:22 - preprocess - INFO - Last model saved: results/diffusion/unet-2000-epochs-correct-data/models/last_model.pth
2025-12-20 00:43:28 - preprocess - INFO - Train Epoch 1823 | Loss: 0.133911, Mean Loss: 0.138804
2025-12-20 00:43:29 - preprocess - INFO - Validation Epoch 1823 | Loss: 0.530401
2025-12-20 00:43:30 - preprocess - INFO - Last model saved: results/diffusion/unet-2000-epochs-correct-data/models/last_model.pth
2025-12-20 00:43:36 - preprocess - INFO - Train Epoch 1824 | Loss: 0.112675, Mean Loss: 0.132272
2025-12-20 00:43:37 - preprocess - INFO - Validation Epoch 1824 | Loss: 0.430908
2025-12-20 00:43:37 - preprocess - INFO - Last model saved: results/diffusion/unet-2000-epochs-correct-data/models/last_model.pth
2025-12-20 00:43:45 - preprocess - INFO - Train Epoch 1825 | Loss: 0.141379, Mean Loss: 0.134093
2025-12-20 00:43:47 - preprocess - INFO - Validation Epoch 1825 | Loss: 0.394830
2025-12-20 00:43:47 - preprocess - INFO - Last model saved: results/diffusion/unet-2000-epochs-correct-data/models/last_model.pth
2025-12-20 00:43:54 - preprocess - INFO - Train Epoch 1826 | Loss: 0.138441, Mean Loss: 0.134818
2025-12-20 00:43:55 - preprocess - INFO - Validation Epoch 1826 | Loss: 0.457058
2025-12-20 00:43:55 - preprocess - INFO - Last model saved: results/diffusion/unet-2000-epochs-correct-data/models/last_model.pth
2025-12-20 00:44:01 - preprocess - INFO - Train Epoch 1827 | Loss: 0.138409, Mean Loss: 0.135331
2025-12-20 00:44:03 - preprocess - INFO - Validation Epoch 1827 | Loss: 0.423955
2025-12-20 00:44:03 - preprocess - INFO - Last model saved: results/diffusion/unet-2000-epochs-correct-data/models/last_model.pth
2025-12-20 00:44:08 - preprocess - INFO - Train Epoch 1828 | Loss: 0.137177, Mean Loss: 0.135562
2025-12-20 00:44:09 - preprocess - INFO - Validation Epoch 1828 | Loss: 0.480813
2025-12-20 00:44:10 - preprocess - INFO - Last model saved: results/diffusion/unet-2000-epochs-correct-data/models/last_model.pth
2025-12-20 00:44:15 - preprocess - INFO - Train Epoch 1829 | Loss: 0.127281, Mean Loss: 0.134642
2025-12-20 00:44:16 - preprocess - INFO - Validation Epoch 1829 | Loss: 0.552556
2025-12-20 00:44:16 - preprocess - INFO - Last model saved: results/diffusion/unet-2000-epochs-correct-data/models/last_model.pth
2025-12-20 00:44:22 - preprocess - INFO - Train Epoch 1830 | Loss: 0.135619, Mean Loss: 0.134739
2025-12-20 00:44:23 - preprocess - INFO - Validation Epoch 1830 | Loss: 0.519473
2025-12-20 00:44:23 - preprocess - INFO - Last model saved: results/diffusion/unet-2000-epochs-correct-data/models/last_model.pth
2025-12-20 00:45:34 - preprocess - INFO - Train Epoch 1831 | Loss: 0.143905, Mean Loss: 0.143905
2025-12-20 00:45:35 - preprocess - INFO - Validation Epoch 1831 | Loss: 0.536519
2025-12-20 00:45:35 - preprocess - INFO - Last model saved: results/diffusion/unet-2000-epochs-correct-data/models/last_model.pth
2025-12-20 00:45:39 - preprocess - INFO - Train Epoch 1832 | Loss: 0.134844, Mean Loss: 0.139375
2025-12-20 00:45:39 - preprocess - INFO - Validation Epoch 1832 | Loss: 0.507796
2025-12-20 00:45:40 - preprocess - INFO - Last model saved: results/diffusion/unet-2000-epochs-correct-data/models/last_model.pth
2025-12-20 00:45:44 - preprocess - INFO - Train Epoch 1833 | Loss: 0.147016, Mean Loss: 0.141922
2025-12-20 00:45:44 - preprocess - INFO - Validation Epoch 1833 | Loss: 0.519067
2025-12-20 00:45:44 - preprocess - INFO - Last model saved: results/diffusion/unet-2000-epochs-correct-data/models/last_model.pth
2025-12-20 00:45:48 - preprocess - INFO - Train Epoch 1834 | Loss: 0.139331, Mean Loss: 0.141274
2025-12-20 00:45:49 - preprocess - INFO - Validation Epoch 1834 | Loss: 0.433458
2025-12-20 00:45:49 - preprocess - INFO - Last model saved: results/diffusion/unet-2000-epochs-correct-data/models/last_model.pth
2025-12-20 00:45:53 - preprocess - INFO - Train Epoch 1835 | Loss: 0.147594, Mean Loss: 0.142538
2025-12-20 00:45:54 - preprocess - INFO - Validation Epoch 1835 | Loss: 0.423954
2025-12-20 00:45:54 - preprocess - INFO - Last model saved: results/diffusion/unet-2000-epochs-correct-data/models/last_model.pth
2025-12-20 00:45:59 - preprocess - INFO - Train Epoch 1836 | Loss: 0.118517, Mean Loss: 0.138535
2025-12-20 00:46:00 - preprocess - INFO - Validation Epoch 1836 | Loss: 0.414958
2025-12-20 00:46:00 - preprocess - INFO - Last model saved: results/diffusion/unet-2000-epochs-correct-data/models/last_model.pth
2025-12-20 00:46:06 - preprocess - INFO - Train Epoch 1837 | Loss: 0.129418, Mean Loss: 0.137232
2025-12-20 00:46:07 - preprocess - INFO - Validation Epoch 1837 | Loss: 0.541924
2025-12-20 00:46:07 - preprocess - INFO - Last model saved: results/diffusion/unet-2000-epochs-correct-data/models/last_model.pth
2025-12-20 00:46:14 - preprocess - INFO - Train Epoch 1838 | Loss: 0.119031, Mean Loss: 0.134957
2025-12-20 00:46:15 - preprocess - INFO - Validation Epoch 1838 | Loss: 0.539800
2025-12-20 00:46:15 - preprocess - INFO - Last model saved: results/diffusion/unet-2000-epochs-correct-data/models/last_model.pth
2025-12-20 00:46:22 - preprocess - INFO - Train Epoch 1839 | Loss: 0.120532, Mean Loss: 0.133354
2025-12-20 00:46:23 - preprocess - INFO - Validation Epoch 1839 | Loss: 0.414464
2025-12-20 00:46:23 - preprocess - INFO - Last model saved: results/diffusion/unet-2000-epochs-correct-data/models/last_model.pth
2025-12-20 00:46:30 - preprocess - INFO - Train Epoch 1840 | Loss: 0.137566, Mean Loss: 0.133775
2025-12-20 00:46:31 - preprocess - INFO - Validation Epoch 1840 | Loss: 0.396281
2025-12-20 00:46:31 - preprocess - INFO - Last model saved: results/diffusion/unet-2000-epochs-correct-data/models/last_model.pth
2025-12-20 00:48:09 - preprocess - INFO - Train Epoch 1841 | Loss: 0.124208, Mean Loss: 0.124208
2025-12-20 00:48:10 - preprocess - INFO - Validation Epoch 1841 | Loss: 0.570304
2025-12-20 00:48:10 - preprocess - INFO - Last model saved: results/diffusion/unet-2000-epochs-correct-data/models/last_model.pth
2025-12-20 00:48:15 - preprocess - INFO - Train Epoch 1842 | Loss: 0.123586, Mean Loss: 0.123897
2025-12-20 00:48:16 - preprocess - INFO - Validation Epoch 1842 | Loss: 0.431712
2025-12-20 00:48:16 - preprocess - INFO - Last model saved: results/diffusion/unet-2000-epochs-correct-data/models/last_model.pth
2025-12-20 00:48:21 - preprocess - INFO - Train Epoch 1843 | Loss: 0.119420, Mean Loss: 0.122404
2025-12-20 00:48:22 - preprocess - INFO - Validation Epoch 1843 | Loss: 0.461395
2025-12-20 00:48:22 - preprocess - INFO - Last model saved: results/diffusion/unet-2000-epochs-correct-data/models/last_model.pth
2025-12-20 00:48:27 - preprocess - INFO - Train Epoch 1844 | Loss: 0.129167, Mean Loss: 0.124095
2025-12-20 00:48:28 - preprocess - INFO - Validation Epoch 1844 | Loss: 0.490386
2025-12-20 00:48:28 - preprocess - INFO - Last model saved: results/diffusion/unet-2000-epochs-correct-data/models/last_model.pth
2025-12-20 00:48:33 - preprocess - INFO - Train Epoch 1845 | Loss: 0.144954, Mean Loss: 0.128267
2025-12-20 00:48:34 - preprocess - INFO - Validation Epoch 1845 | Loss: 0.475113
2025-12-20 00:48:34 - preprocess - INFO - Last model saved: results/diffusion/unet-2000-epochs-correct-data/models/last_model.pth
2025-12-20 00:48:39 - preprocess - INFO - Train Epoch 1846 | Loss: 0.139366, Mean Loss: 0.130117
2025-12-20 00:48:40 - preprocess - INFO - Validation Epoch 1846 | Loss: 0.441361
2025-12-20 00:48:40 - preprocess - INFO - Last model saved: results/diffusion/unet-2000-epochs-correct-data/models/last_model.pth
2025-12-20 00:48:47 - preprocess - INFO - Train Epoch 1847 | Loss: 0.113904, Mean Loss: 0.127801
2025-12-20 00:48:48 - preprocess - INFO - Validation Epoch 1847 | Loss: 0.482663
2025-12-20 00:48:48 - preprocess - INFO - Last model saved: results/diffusion/unet-2000-epochs-correct-data/models/last_model.pth
2025-12-20 00:48:54 - preprocess - INFO - Train Epoch 1848 | Loss: 0.127589, Mean Loss: 0.127774
2025-12-20 00:48:55 - preprocess - INFO - Validation Epoch 1848 | Loss: 0.447806
2025-12-20 00:48:55 - preprocess - INFO - Last model saved: results/diffusion/unet-2000-epochs-correct-data/models/last_model.pth
2025-12-20 00:49:01 - preprocess - INFO - Train Epoch 1849 | Loss: 0.151466, Mean Loss: 0.130407
2025-12-20 00:49:02 - preprocess - INFO - Validation Epoch 1849 | Loss: 0.503001
2025-12-20 00:49:02 - preprocess - INFO - Last model saved: results/diffusion/unet-2000-epochs-correct-data/models/last_model.pth
2025-12-20 00:49:10 - preprocess - INFO - Train Epoch 1850 | Loss: 0.119432, Mean Loss: 0.129309
2025-12-20 00:49:11 - preprocess - INFO - Validation Epoch 1850 | Loss: 0.416843
2025-12-20 00:49:11 - preprocess - INFO - Last model saved: results/diffusion/unet-2000-epochs-correct-data/models/last_model.pth
2025-12-20 00:50:49 - preprocess - INFO - Train Epoch 1851 | Loss: 0.130807, Mean Loss: 0.130807
2025-12-20 00:50:50 - preprocess - INFO - Validation Epoch 1851 | Loss: 0.428053
2025-12-20 00:50:50 - preprocess - INFO - Last model saved: results/diffusion/unet-2000-epochs-correct-data/models/last_model.pth
2025-12-20 00:50:56 - preprocess - INFO - Train Epoch 1852 | Loss: 0.133880, Mean Loss: 0.132343
2025-12-20 00:50:57 - preprocess - INFO - Validation Epoch 1852 | Loss: 0.459582
2025-12-20 00:50:57 - preprocess - INFO - Last model saved: results/diffusion/unet-2000-epochs-correct-data/models/last_model.pth
2025-12-20 00:51:02 - preprocess - INFO - Train Epoch 1853 | Loss: 0.139650, Mean Loss: 0.134779
2025-12-20 00:51:04 - preprocess - INFO - Validation Epoch 1853 | Loss: 0.411647
2025-12-20 00:51:04 - preprocess - INFO - Last model saved: results/diffusion/unet-2000-epochs-correct-data/models/last_model.pth
2025-12-20 00:51:10 - preprocess - INFO - Train Epoch 1854 | Loss: 0.138673, Mean Loss: 0.135752
2025-12-20 00:51:11 - preprocess - INFO - Validation Epoch 1854 | Loss: 0.489291
2025-12-20 00:51:11 - preprocess - INFO - Last model saved: results/diffusion/unet-2000-epochs-correct-data/models/last_model.pth
2025-12-20 00:51:17 - preprocess - INFO - Train Epoch 1855 | Loss: 0.141917, Mean Loss: 0.136985
2025-12-20 00:51:19 - preprocess - INFO - Validation Epoch 1855 | Loss: 0.533209
2025-12-20 00:51:19 - preprocess - INFO - Last model saved: results/diffusion/unet-2000-epochs-correct-data/models/last_model.pth
2025-12-20 00:51:25 - preprocess - INFO - Train Epoch 1856 | Loss: 0.137577, Mean Loss: 0.137084
2025-12-20 00:51:26 - preprocess - INFO - Validation Epoch 1856 | Loss: 0.498612
2025-12-20 00:51:26 - preprocess - INFO - Last model saved: results/diffusion/unet-2000-epochs-correct-data/models/last_model.pth
2025-12-20 00:51:32 - preprocess - INFO - Train Epoch 1857 | Loss: 0.135451, Mean Loss: 0.136851
2025-12-20 00:51:33 - preprocess - INFO - Validation Epoch 1857 | Loss: 0.374040
2025-12-20 00:51:33 - preprocess - INFO - Last model saved: results/diffusion/unet-2000-epochs-correct-data/models/last_model.pth
2025-12-20 00:51:39 - preprocess - INFO - Train Epoch 1858 | Loss: 0.110706, Mean Loss: 0.133583
2025-12-20 00:51:40 - preprocess - INFO - Validation Epoch 1858 | Loss: 0.553062
2025-12-20 00:51:40 - preprocess - INFO - Last model saved: results/diffusion/unet-2000-epochs-correct-data/models/last_model.pth
2025-12-20 00:51:46 - preprocess - INFO - Train Epoch 1859 | Loss: 0.126698, Mean Loss: 0.132818
2025-12-20 00:51:48 - preprocess - INFO - Validation Epoch 1859 | Loss: 0.484932
2025-12-20 00:51:48 - preprocess - INFO - Last model saved: results/diffusion/unet-2000-epochs-correct-data/models/last_model.pth
2025-12-20 00:51:53 - preprocess - INFO - Train Epoch 1860 | Loss: 0.146163, Mean Loss: 0.134152
2025-12-20 00:51:54 - preprocess - INFO - Validation Epoch 1860 | Loss: 0.524924
2025-12-20 00:51:54 - preprocess - INFO - Last model saved: results/diffusion/unet-2000-epochs-correct-data/models/last_model.pth
2025-12-20 00:53:25 - preprocess - INFO - Train Epoch 1861 | Loss: 0.136167, Mean Loss: 0.136167
2025-12-20 00:53:26 - preprocess - INFO - Validation Epoch 1861 | Loss: 0.586498
2025-12-20 00:53:26 - preprocess - INFO - Last model saved: results/diffusion/unet-2000-epochs-correct-data/models/last_model.pth
2025-12-20 00:53:32 - preprocess - INFO - Train Epoch 1862 | Loss: 0.139063, Mean Loss: 0.137615
2025-12-20 00:53:33 - preprocess - INFO - Validation Epoch 1862 | Loss: 0.415044
2025-12-20 00:53:33 - preprocess - INFO - Last model saved: results/diffusion/unet-2000-epochs-correct-data/models/last_model.pth
2025-12-20 00:53:39 - preprocess - INFO - Train Epoch 1863 | Loss: 0.139069, Mean Loss: 0.138100
2025-12-20 00:53:40 - preprocess - INFO - Validation Epoch 1863 | Loss: 0.595430
2025-12-20 00:53:40 - preprocess - INFO - Last model saved: results/diffusion/unet-2000-epochs-correct-data/models/last_model.pth
2025-12-20 00:53:46 - preprocess - INFO - Train Epoch 1864 | Loss: 0.133389, Mean Loss: 0.136922
2025-12-20 00:53:47 - preprocess - INFO - Validation Epoch 1864 | Loss: 0.436334
2025-12-20 00:53:47 - preprocess - INFO - Last model saved: results/diffusion/unet-2000-epochs-correct-data/models/last_model.pth
2025-12-20 00:53:54 - preprocess - INFO - Train Epoch 1865 | Loss: 0.140842, Mean Loss: 0.137706
2025-12-20 00:53:55 - preprocess - INFO - Validation Epoch 1865 | Loss: 0.475673
2025-12-20 00:53:55 - preprocess - INFO - Last model saved: results/diffusion/unet-2000-epochs-correct-data/models/last_model.pth
2025-12-20 00:54:02 - preprocess - INFO - Train Epoch 1866 | Loss: 0.121559, Mean Loss: 0.135015
2025-12-20 00:54:03 - preprocess - INFO - Validation Epoch 1866 | Loss: 0.479013
2025-12-20 00:54:03 - preprocess - INFO - Last model saved: results/diffusion/unet-2000-epochs-correct-data/models/last_model.pth
2025-12-20 00:54:10 - preprocess - INFO - Train Epoch 1867 | Loss: 0.134617, Mean Loss: 0.134958
2025-12-20 00:54:11 - preprocess - INFO - Validation Epoch 1867 | Loss: 0.595799
2025-12-20 00:54:11 - preprocess - INFO - Last model saved: results/diffusion/unet-2000-epochs-correct-data/models/last_model.pth
2025-12-20 00:54:16 - preprocess - INFO - Train Epoch 1868 | Loss: 0.143514, Mean Loss: 0.136027
2025-12-20 00:54:17 - preprocess - INFO - Validation Epoch 1868 | Loss: 0.431045
2025-12-20 00:54:17 - preprocess - INFO - Last model saved: results/diffusion/unet-2000-epochs-correct-data/models/last_model.pth
2025-12-20 00:54:23 - preprocess - INFO - Train Epoch 1869 | Loss: 0.120499, Mean Loss: 0.134302
2025-12-20 00:54:24 - preprocess - INFO - Validation Epoch 1869 | Loss: 0.563972
2025-12-20 00:54:24 - preprocess - INFO - Last model saved: results/diffusion/unet-2000-epochs-correct-data/models/last_model.pth
2025-12-20 00:54:30 - preprocess - INFO - Train Epoch 1870 | Loss: 0.154005, Mean Loss: 0.136272
2025-12-20 00:54:31 - preprocess - INFO - Validation Epoch 1870 | Loss: 0.404027
2025-12-20 00:54:31 - preprocess - INFO - Last model saved: results/diffusion/unet-2000-epochs-correct-data/models/last_model.pth
2025-12-20 00:55:39 - preprocess - INFO - Train Epoch 1871 | Loss: 0.135312, Mean Loss: 0.135312
2025-12-20 00:55:40 - preprocess - INFO - Validation Epoch 1871 | Loss: 0.484834
2025-12-20 00:55:40 - preprocess - INFO - Last model saved: results/diffusion/unet-2000-epochs-correct-data/models/last_model.pth
2025-12-20 00:55:44 - preprocess - INFO - Train Epoch 1872 | Loss: 0.148907, Mean Loss: 0.142110
2025-12-20 00:55:44 - preprocess - INFO - Validation Epoch 1872 | Loss: 0.503773
2025-12-20 00:55:44 - preprocess - INFO - Last model saved: results/diffusion/unet-2000-epochs-correct-data/models/last_model.pth
2025-12-20 00:55:49 - preprocess - INFO - Train Epoch 1873 | Loss: 0.132277, Mean Loss: 0.138832
2025-12-20 00:55:50 - preprocess - INFO - Validation Epoch 1873 | Loss: 0.418398
2025-12-20 00:55:50 - preprocess - INFO - Last model saved: results/diffusion/unet-2000-epochs-correct-data/models/last_model.pth
2025-12-20 00:55:55 - preprocess - INFO - Train Epoch 1874 | Loss: 0.115722, Mean Loss: 0.133055
2025-12-20 00:55:56 - preprocess - INFO - Validation Epoch 1874 | Loss: 0.433014
2025-12-20 00:55:56 - preprocess - INFO - Last model saved: results/diffusion/unet-2000-epochs-correct-data/models/last_model.pth
2025-12-20 00:56:02 - preprocess - INFO - Train Epoch 1875 | Loss: 0.134377, Mean Loss: 0.133319
2025-12-20 00:56:03 - preprocess - INFO - Validation Epoch 1875 | Loss: 0.450953
2025-12-20 00:56:03 - preprocess - INFO - Last model saved: results/diffusion/unet-2000-epochs-correct-data/models/last_model.pth
2025-12-20 00:56:08 - preprocess - INFO - Train Epoch 1876 | Loss: 0.147123, Mean Loss: 0.135620
2025-12-20 00:56:09 - preprocess - INFO - Validation Epoch 1876 | Loss: 0.446191
2025-12-20 00:56:09 - preprocess - INFO - Last model saved: results/diffusion/unet-2000-epochs-correct-data/models/last_model.pth
2025-12-20 00:56:15 - preprocess - INFO - Train Epoch 1877 | Loss: 0.117168, Mean Loss: 0.132984
2025-12-20 00:56:16 - preprocess - INFO - Validation Epoch 1877 | Loss: 0.463249
2025-12-20 00:56:16 - preprocess - INFO - Last model saved: results/diffusion/unet-2000-epochs-correct-data/models/last_model.pth
2025-12-20 00:56:22 - preprocess - INFO - Train Epoch 1878 | Loss: 0.140184, Mean Loss: 0.133884
2025-12-20 00:56:23 - preprocess - INFO - Validation Epoch 1878 | Loss: 0.548528
2025-12-20 00:56:23 - preprocess - INFO - Last model saved: results/diffusion/unet-2000-epochs-correct-data/models/last_model.pth
2025-12-20 00:56:29 - preprocess - INFO - Train Epoch 1879 | Loss: 0.128459, Mean Loss: 0.133281
2025-12-20 00:56:30 - preprocess - INFO - Validation Epoch 1879 | Loss: 0.506359
2025-12-20 00:56:30 - preprocess - INFO - Last model saved: results/diffusion/unet-2000-epochs-correct-data/models/last_model.pth
2025-12-20 00:56:36 - preprocess - INFO - Train Epoch 1880 | Loss: 0.147094, Mean Loss: 0.134662
2025-12-20 00:56:37 - preprocess - INFO - Validation Epoch 1880 | Loss: 0.491917
2025-12-20 00:56:37 - preprocess - INFO - Last model saved: results/diffusion/unet-2000-epochs-correct-data/models/last_model.pth
2025-12-20 00:57:51 - preprocess - INFO - Train Epoch 1881 | Loss: 0.119442, Mean Loss: 0.119442
2025-12-20 00:57:52 - preprocess - INFO - Validation Epoch 1881 | Loss: 0.391681
2025-12-20 00:57:52 - preprocess - INFO - Last model saved: results/diffusion/unet-2000-epochs-correct-data/models/last_model.pth
2025-12-20 00:57:56 - preprocess - INFO - Train Epoch 1882 | Loss: 0.140202, Mean Loss: 0.129822
2025-12-20 00:57:57 - preprocess - INFO - Validation Epoch 1882 | Loss: 0.589031
2025-12-20 00:57:57 - preprocess - INFO - Last model saved: results/diffusion/unet-2000-epochs-correct-data/models/last_model.pth
2025-12-20 00:58:01 - preprocess - INFO - Train Epoch 1883 | Loss: 0.127011, Mean Loss: 0.128885
2025-12-20 00:58:01 - preprocess - INFO - Validation Epoch 1883 | Loss: 0.591971
2025-12-20 00:58:01 - preprocess - INFO - Last model saved: results/diffusion/unet-2000-epochs-correct-data/models/last_model.pth
2025-12-20 00:58:05 - preprocess - INFO - Train Epoch 1884 | Loss: 0.123735, Mean Loss: 0.127598
2025-12-20 00:58:06 - preprocess - INFO - Validation Epoch 1884 | Loss: 0.457450
2025-12-20 00:58:06 - preprocess - INFO - Last model saved: results/diffusion/unet-2000-epochs-correct-data/models/last_model.pth
2025-12-20 00:58:10 - preprocess - INFO - Train Epoch 1885 | Loss: 0.125540, Mean Loss: 0.127186
2025-12-20 00:58:11 - preprocess - INFO - Validation Epoch 1885 | Loss: 0.509310
2025-12-20 00:58:11 - preprocess - INFO - Last model saved: results/diffusion/unet-2000-epochs-correct-data/models/last_model.pth
2025-12-20 00:58:16 - preprocess - INFO - Train Epoch 1886 | Loss: 0.133161, Mean Loss: 0.128182
2025-12-20 00:58:17 - preprocess - INFO - Validation Epoch 1886 | Loss: 0.435814
2025-12-20 00:58:17 - preprocess - INFO - Last model saved: results/diffusion/unet-2000-epochs-correct-data/models/last_model.pth
2025-12-20 00:58:22 - preprocess - INFO - Train Epoch 1887 | Loss: 0.117655, Mean Loss: 0.126678
2025-12-20 00:58:22 - preprocess - INFO - Validation Epoch 1887 | Loss: 0.339402
2025-12-20 00:58:23 - preprocess - INFO - Last model saved: results/diffusion/unet-2000-epochs-correct-data/models/last_model.pth
2025-12-20 00:58:27 - preprocess - INFO - Train Epoch 1888 | Loss: 0.124516, Mean Loss: 0.126408
2025-12-20 00:58:28 - preprocess - INFO - Validation Epoch 1888 | Loss: 0.519345
2025-12-20 00:58:28 - preprocess - INFO - Last model saved: results/diffusion/unet-2000-epochs-correct-data/models/last_model.pth
2025-12-20 00:58:33 - preprocess - INFO - Train Epoch 1889 | Loss: 0.121951, Mean Loss: 0.125913
2025-12-20 00:58:34 - preprocess - INFO - Validation Epoch 1889 | Loss: 0.517799
2025-12-20 00:58:34 - preprocess - INFO - Last model saved: results/diffusion/unet-2000-epochs-correct-data/models/last_model.pth
2025-12-20 00:58:40 - preprocess - INFO - Train Epoch 1890 | Loss: 0.151408, Mean Loss: 0.128462
2025-12-20 00:58:41 - preprocess - INFO - Validation Epoch 1890 | Loss: 0.405851
2025-12-20 00:58:41 - preprocess - INFO - Last model saved: results/diffusion/unet-2000-epochs-correct-data/models/last_model.pth
2025-12-20 01:00:02 - preprocess - INFO - Train Epoch 1891 | Loss: 0.135268, Mean Loss: 0.135268
2025-12-20 01:00:03 - preprocess - INFO - Validation Epoch 1891 | Loss: 0.510297
2025-12-20 01:00:03 - preprocess - INFO - Last model saved: results/diffusion/unet-2000-epochs-correct-data/models/last_model.pth
2025-12-20 01:00:08 - preprocess - INFO - Train Epoch 1892 | Loss: 0.121238, Mean Loss: 0.128253
2025-12-20 01:00:08 - preprocess - INFO - Validation Epoch 1892 | Loss: 0.577769
2025-12-20 01:00:09 - preprocess - INFO - Last model saved: results/diffusion/unet-2000-epochs-correct-data/models/last_model.pth
2025-12-20 01:00:12 - preprocess - INFO - Train Epoch 1893 | Loss: 0.116355, Mean Loss: 0.124287
2025-12-20 01:00:13 - preprocess - INFO - Validation Epoch 1893 | Loss: 0.550605
2025-12-20 01:00:13 - preprocess - INFO - Last model saved: results/diffusion/unet-2000-epochs-correct-data/models/last_model.pth
2025-12-20 01:00:17 - preprocess - INFO - Train Epoch 1894 | Loss: 0.131811, Mean Loss: 0.126168
2025-12-20 01:00:18 - preprocess - INFO - Validation Epoch 1894 | Loss: 0.472856
2025-12-20 01:00:18 - preprocess - INFO - Last model saved: results/diffusion/unet-2000-epochs-correct-data/models/last_model.pth
2025-12-20 01:00:22 - preprocess - INFO - Train Epoch 1895 | Loss: 0.150931, Mean Loss: 0.131121
2025-12-20 01:00:23 - preprocess - INFO - Validation Epoch 1895 | Loss: 0.452299
2025-12-20 01:00:23 - preprocess - INFO - Last model saved: results/diffusion/unet-2000-epochs-correct-data/models/last_model.pth
2025-12-20 01:00:27 - preprocess - INFO - Train Epoch 1896 | Loss: 0.118395, Mean Loss: 0.129000
2025-12-20 01:00:28 - preprocess - INFO - Validation Epoch 1896 | Loss: 0.572836
2025-12-20 01:00:28 - preprocess - INFO - Last model saved: results/diffusion/unet-2000-epochs-correct-data/models/last_model.pth
2025-12-20 01:00:33 - preprocess - INFO - Train Epoch 1897 | Loss: 0.126876, Mean Loss: 0.128696
2025-12-20 01:00:34 - preprocess - INFO - Validation Epoch 1897 | Loss: 0.427211
2025-12-20 01:00:34 - preprocess - INFO - Last model saved: results/diffusion/unet-2000-epochs-correct-data/models/last_model.pth
2025-12-20 01:00:39 - preprocess - INFO - Train Epoch 1898 | Loss: 0.142475, Mean Loss: 0.130419
2025-12-20 01:00:40 - preprocess - INFO - Validation Epoch 1898 | Loss: 0.579480
2025-12-20 01:00:40 - preprocess - INFO - Last model saved: results/diffusion/unet-2000-epochs-correct-data/models/last_model.pth
2025-12-20 01:00:45 - preprocess - INFO - Train Epoch 1899 | Loss: 0.137394, Mean Loss: 0.131194
2025-12-20 01:00:46 - preprocess - INFO - Validation Epoch 1899 | Loss: 0.470155
2025-12-20 01:00:46 - preprocess - INFO - Last model saved: results/diffusion/unet-2000-epochs-correct-data/models/last_model.pth
2025-12-20 01:00:52 - preprocess - INFO - Train Epoch 1900 | Loss: 0.120955, Mean Loss: 0.130170
2025-12-20 01:00:53 - preprocess - INFO - Validation Epoch 1900 | Loss: 0.463825
2025-12-20 01:00:53 - preprocess - INFO - Last model saved: results/diffusion/unet-2000-epochs-correct-data/models/last_model.pth
2025-12-20 01:02:09 - preprocess - INFO - Train Epoch 1901 | Loss: 0.116772, Mean Loss: 0.116772
2025-12-20 01:02:10 - preprocess - INFO - Validation Epoch 1901 | Loss: 0.639598
2025-12-20 01:02:10 - preprocess - INFO - Last model saved: results/diffusion/unet-2000-epochs-correct-data/models/last_model.pth
2025-12-20 01:02:15 - preprocess - INFO - Train Epoch 1902 | Loss: 0.133807, Mean Loss: 0.125290
2025-12-20 01:02:16 - preprocess - INFO - Validation Epoch 1902 | Loss: 0.575532
2025-12-20 01:02:16 - preprocess - INFO - Last model saved: results/diffusion/unet-2000-epochs-correct-data/models/last_model.pth
2025-12-20 01:02:21 - preprocess - INFO - Train Epoch 1903 | Loss: 0.126016, Mean Loss: 0.125532
2025-12-20 01:02:22 - preprocess - INFO - Validation Epoch 1903 | Loss: 0.439729
2025-12-20 01:02:22 - preprocess - INFO - Last model saved: results/diffusion/unet-2000-epochs-correct-data/models/last_model.pth
2025-12-20 01:02:27 - preprocess - INFO - Train Epoch 1904 | Loss: 0.125842, Mean Loss: 0.125610
2025-12-20 01:02:28 - preprocess - INFO - Validation Epoch 1904 | Loss: 0.585882
2025-12-20 01:02:28 - preprocess - INFO - Last model saved: results/diffusion/unet-2000-epochs-correct-data/models/last_model.pth
2025-12-20 01:02:33 - preprocess - INFO - Train Epoch 1905 | Loss: 0.133059, Mean Loss: 0.127099
2025-12-20 01:02:34 - preprocess - INFO - Validation Epoch 1905 | Loss: 0.342581
2025-12-20 01:02:34 - preprocess - INFO - Last model saved: results/diffusion/unet-2000-epochs-correct-data/models/last_model.pth
2025-12-20 01:02:40 - preprocess - INFO - Train Epoch 1906 | Loss: 0.132741, Mean Loss: 0.128040
2025-12-20 01:02:41 - preprocess - INFO - Validation Epoch 1906 | Loss: 0.445430
2025-12-20 01:02:41 - preprocess - INFO - Last model saved: results/diffusion/unet-2000-epochs-correct-data/models/last_model.pth
2025-12-20 01:02:46 - preprocess - INFO - Train Epoch 1907 | Loss: 0.154637, Mean Loss: 0.131839
2025-12-20 01:02:47 - preprocess - INFO - Validation Epoch 1907 | Loss: 0.672578
2025-12-20 01:02:47 - preprocess - INFO - Last model saved: results/diffusion/unet-2000-epochs-correct-data/models/last_model.pth
2025-12-20 01:02:53 - preprocess - INFO - Train Epoch 1908 | Loss: 0.132422, Mean Loss: 0.131912
2025-12-20 01:02:54 - preprocess - INFO - Validation Epoch 1908 | Loss: 0.456701
2025-12-20 01:02:54 - preprocess - INFO - Last model saved: results/diffusion/unet-2000-epochs-correct-data/models/last_model.pth
2025-12-20 01:02:59 - preprocess - INFO - Train Epoch 1909 | Loss: 0.116178, Mean Loss: 0.130164
2025-12-20 01:03:00 - preprocess - INFO - Validation Epoch 1909 | Loss: 0.606004
2025-12-20 01:03:00 - preprocess - INFO - Last model saved: results/diffusion/unet-2000-epochs-correct-data/models/last_model.pth
2025-12-20 01:03:05 - preprocess - INFO - Train Epoch 1910 | Loss: 0.118362, Mean Loss: 0.128984
2025-12-20 01:03:05 - preprocess - INFO - Validation Epoch 1910 | Loss: 0.553157
2025-12-20 01:03:05 - preprocess - INFO - Last model saved: results/diffusion/unet-2000-epochs-correct-data/models/last_model.pth
2025-12-20 01:04:14 - preprocess - INFO - Train Epoch 1911 | Loss: 0.120041, Mean Loss: 0.120041
2025-12-20 01:04:15 - preprocess - INFO - Validation Epoch 1911 | Loss: 0.477675
2025-12-20 01:04:15 - preprocess - INFO - Last model saved: results/diffusion/unet-2000-epochs-correct-data/models/last_model.pth
2025-12-20 01:04:20 - preprocess - INFO - Train Epoch 1912 | Loss: 0.114266, Mean Loss: 0.117153
2025-12-20 01:04:21 - preprocess - INFO - Validation Epoch 1912 | Loss: 0.454565
2025-12-20 01:04:21 - preprocess - INFO - Last model saved: results/diffusion/unet-2000-epochs-correct-data/models/last_model.pth
2025-12-20 01:04:26 - preprocess - INFO - Train Epoch 1913 | Loss: 0.112046, Mean Loss: 0.115451
2025-12-20 01:04:27 - preprocess - INFO - Validation Epoch 1913 | Loss: 0.522147
2025-12-20 01:04:27 - preprocess - INFO - Last model saved: results/diffusion/unet-2000-epochs-correct-data/models/last_model.pth
2025-12-20 01:04:32 - preprocess - INFO - Train Epoch 1914 | Loss: 0.127332, Mean Loss: 0.118421
2025-12-20 01:04:33 - preprocess - INFO - Validation Epoch 1914 | Loss: 0.438158
2025-12-20 01:04:33 - preprocess - INFO - Last model saved: results/diffusion/unet-2000-epochs-correct-data/models/last_model.pth
2025-12-20 01:04:38 - preprocess - INFO - Train Epoch 1915 | Loss: 0.157008, Mean Loss: 0.126139
2025-12-20 01:04:39 - preprocess - INFO - Validation Epoch 1915 | Loss: 0.452930
2025-12-20 01:04:39 - preprocess - INFO - Last model saved: results/diffusion/unet-2000-epochs-correct-data/models/last_model.pth
2025-12-20 01:04:45 - preprocess - INFO - Train Epoch 1916 | Loss: 0.124600, Mean Loss: 0.125882
2025-12-20 01:04:46 - preprocess - INFO - Validation Epoch 1916 | Loss: 0.612731
2025-12-20 01:04:46 - preprocess - INFO - Last model saved: results/diffusion/unet-2000-epochs-correct-data/models/last_model.pth
2025-12-20 01:04:52 - preprocess - INFO - Train Epoch 1917 | Loss: 0.132475, Mean Loss: 0.126824
2025-12-20 01:04:53 - preprocess - INFO - Validation Epoch 1917 | Loss: 0.484432
2025-12-20 01:04:53 - preprocess - INFO - Last model saved: results/diffusion/unet-2000-epochs-correct-data/models/last_model.pth
2025-12-20 01:04:58 - preprocess - INFO - Train Epoch 1918 | Loss: 0.126235, Mean Loss: 0.126750
2025-12-20 01:05:00 - preprocess - INFO - Validation Epoch 1918 | Loss: 0.431964
2025-12-20 01:05:00 - preprocess - INFO - Last model saved: results/diffusion/unet-2000-epochs-correct-data/models/last_model.pth
2025-12-20 01:05:05 - preprocess - INFO - Train Epoch 1919 | Loss: 0.106811, Mean Loss: 0.124535
2025-12-20 01:05:06 - preprocess - INFO - Validation Epoch 1919 | Loss: 0.484598
2025-12-20 01:05:06 - preprocess - INFO - Last model saved: results/diffusion/unet-2000-epochs-correct-data/models/last_model.pth
2025-12-20 01:05:12 - preprocess - INFO - Train Epoch 1920 | Loss: 0.142483, Mean Loss: 0.126330
2025-12-20 01:05:13 - preprocess - INFO - Validation Epoch 1920 | Loss: 0.600907
2025-12-20 01:05:13 - preprocess - INFO - Last model saved: results/diffusion/unet-2000-epochs-correct-data/models/last_model.pth
2025-12-20 01:06:27 - preprocess - INFO - Train Epoch 1921 | Loss: 0.122559, Mean Loss: 0.122559
2025-12-20 01:06:28 - preprocess - INFO - Validation Epoch 1921 | Loss: 0.622883
2025-12-20 01:06:28 - preprocess - INFO - Last model saved: results/diffusion/unet-2000-epochs-correct-data/models/last_model.pth
2025-12-20 01:06:33 - preprocess - INFO - Train Epoch 1922 | Loss: 0.131201, Mean Loss: 0.126880
2025-12-20 01:06:34 - preprocess - INFO - Validation Epoch 1922 | Loss: 0.559460
2025-12-20 01:06:34 - preprocess - INFO - Last model saved: results/diffusion/unet-2000-epochs-correct-data/models/last_model.pth
2025-12-20 01:06:39 - preprocess - INFO - Train Epoch 1923 | Loss: 0.120697, Mean Loss: 0.124819
2025-12-20 01:06:40 - preprocess - INFO - Validation Epoch 1923 | Loss: 0.458633
2025-12-20 01:06:40 - preprocess - INFO - Last model saved: results/diffusion/unet-2000-epochs-correct-data/models/last_model.pth
2025-12-20 01:06:45 - preprocess - INFO - Train Epoch 1924 | Loss: 0.151472, Mean Loss: 0.131482
2025-12-20 01:06:46 - preprocess - INFO - Validation Epoch 1924 | Loss: 0.423423
2025-12-20 01:06:46 - preprocess - INFO - Last model saved: results/diffusion/unet-2000-epochs-correct-data/models/last_model.pth
2025-12-20 01:06:52 - preprocess - INFO - Train Epoch 1925 | Loss: 0.140628, Mean Loss: 0.133311
2025-12-20 01:06:53 - preprocess - INFO - Validation Epoch 1925 | Loss: 0.606332
2025-12-20 01:06:53 - preprocess - INFO - Last model saved: results/diffusion/unet-2000-epochs-correct-data/models/last_model.pth
2025-12-20 01:07:00 - preprocess - INFO - Train Epoch 1926 | Loss: 0.123205, Mean Loss: 0.131627
2025-12-20 01:07:01 - preprocess - INFO - Validation Epoch 1926 | Loss: 0.480604
2025-12-20 01:07:01 - preprocess - INFO - Last model saved: results/diffusion/unet-2000-epochs-correct-data/models/last_model.pth
2025-12-20 01:07:07 - preprocess - INFO - Train Epoch 1927 | Loss: 0.132693, Mean Loss: 0.131779
2025-12-20 01:07:08 - preprocess - INFO - Validation Epoch 1927 | Loss: 0.414370
2025-12-20 01:07:08 - preprocess - INFO - Last model saved: results/diffusion/unet-2000-epochs-correct-data/models/last_model.pth
2025-12-20 01:07:14 - preprocess - INFO - Train Epoch 1928 | Loss: 0.139889, Mean Loss: 0.132793
2025-12-20 01:07:15 - preprocess - INFO - Validation Epoch 1928 | Loss: 0.491039
2025-12-20 01:07:15 - preprocess - INFO - Last model saved: results/diffusion/unet-2000-epochs-correct-data/models/last_model.pth
2025-12-20 01:07:21 - preprocess - INFO - Train Epoch 1929 | Loss: 0.121813, Mean Loss: 0.131573
2025-12-20 01:07:22 - preprocess - INFO - Validation Epoch 1929 | Loss: 0.537336
2025-12-20 01:07:22 - preprocess - INFO - Last model saved: results/diffusion/unet-2000-epochs-correct-data/models/last_model.pth
2025-12-20 01:07:27 - preprocess - INFO - Train Epoch 1930 | Loss: 0.116543, Mean Loss: 0.130070
2025-12-20 01:07:28 - preprocess - INFO - Validation Epoch 1930 | Loss: 0.577406
2025-12-20 01:07:28 - preprocess - INFO - Last model saved: results/diffusion/unet-2000-epochs-correct-data/models/last_model.pth
2025-12-20 01:08:50 - preprocess - INFO - Train Epoch 1931 | Loss: 0.122957, Mean Loss: 0.122957
2025-12-20 01:08:51 - preprocess - INFO - Validation Epoch 1931 | Loss: 0.429827
2025-12-20 01:08:51 - preprocess - INFO - Last model saved: results/diffusion/unet-2000-epochs-correct-data/models/last_model.pth
2025-12-20 01:08:55 - preprocess - INFO - Train Epoch 1932 | Loss: 0.139716, Mean Loss: 0.131337
2025-12-20 01:08:55 - preprocess - INFO - Validation Epoch 1932 | Loss: 0.488032
2025-12-20 01:08:55 - preprocess - INFO - Last model saved: results/diffusion/unet-2000-epochs-correct-data/models/last_model.pth
2025-12-20 01:08:59 - preprocess - INFO - Train Epoch 1933 | Loss: 0.119450, Mean Loss: 0.127374
2025-12-20 01:09:00 - preprocess - INFO - Validation Epoch 1933 | Loss: 0.507678
2025-12-20 01:09:00 - preprocess - INFO - Last model saved: results/diffusion/unet-2000-epochs-correct-data/models/last_model.pth
2025-12-20 01:09:05 - preprocess - INFO - Train Epoch 1934 | Loss: 0.143328, Mean Loss: 0.131363
2025-12-20 01:09:06 - preprocess - INFO - Validation Epoch 1934 | Loss: 0.398929
2025-12-20 01:09:06 - preprocess - INFO - Last model saved: results/diffusion/unet-2000-epochs-correct-data/models/last_model.pth
2025-12-20 01:09:11 - preprocess - INFO - Train Epoch 1935 | Loss: 0.152673, Mean Loss: 0.135625
2025-12-20 01:09:12 - preprocess - INFO - Validation Epoch 1935 | Loss: 0.734758
2025-12-20 01:09:12 - preprocess - INFO - Last model saved: results/diffusion/unet-2000-epochs-correct-data/models/last_model.pth
2025-12-20 01:09:17 - preprocess - INFO - Train Epoch 1936 | Loss: 0.116957, Mean Loss: 0.132513
2025-12-20 01:09:19 - preprocess - INFO - Validation Epoch 1936 | Loss: 0.443288
2025-12-20 01:09:19 - preprocess - INFO - Last model saved: results/diffusion/unet-2000-epochs-correct-data/models/last_model.pth
2025-12-20 01:09:24 - preprocess - INFO - Train Epoch 1937 | Loss: 0.146574, Mean Loss: 0.134522
2025-12-20 01:09:26 - preprocess - INFO - Validation Epoch 1937 | Loss: 0.514526
2025-12-20 01:09:26 - preprocess - INFO - Last model saved: results/diffusion/unet-2000-epochs-correct-data/models/last_model.pth
2025-12-20 01:09:32 - preprocess - INFO - Train Epoch 1938 | Loss: 0.123305, Mean Loss: 0.133120
2025-12-20 01:09:33 - preprocess - INFO - Validation Epoch 1938 | Loss: 0.441232
2025-12-20 01:09:33 - preprocess - INFO - Last model saved: results/diffusion/unet-2000-epochs-correct-data/models/last_model.pth
2025-12-20 01:09:39 - preprocess - INFO - Train Epoch 1939 | Loss: 0.124019, Mean Loss: 0.132109
2025-12-20 01:09:40 - preprocess - INFO - Validation Epoch 1939 | Loss: 0.412371
2025-12-20 01:09:40 - preprocess - INFO - Last model saved: results/diffusion/unet-2000-epochs-correct-data/models/last_model.pth
2025-12-20 01:09:46 - preprocess - INFO - Train Epoch 1940 | Loss: 0.123844, Mean Loss: 0.131282
2025-12-20 01:09:47 - preprocess - INFO - Validation Epoch 1940 | Loss: 0.506593
2025-12-20 01:09:47 - preprocess - INFO - Last model saved: results/diffusion/unet-2000-epochs-correct-data/models/last_model.pth
2025-12-20 01:11:24 - preprocess - INFO - Train Epoch 1941 | Loss: 0.127551, Mean Loss: 0.127551
2025-12-20 01:11:26 - preprocess - INFO - Validation Epoch 1941 | Loss: 0.560176
2025-12-20 01:11:26 - preprocess - INFO - Last model saved: results/diffusion/unet-2000-epochs-correct-data/models/last_model.pth
2025-12-20 01:11:32 - preprocess - INFO - Train Epoch 1942 | Loss: 0.133423, Mean Loss: 0.130487
2025-12-20 01:11:33 - preprocess - INFO - Validation Epoch 1942 | Loss: 0.515907
2025-12-20 01:11:33 - preprocess - INFO - Last model saved: results/diffusion/unet-2000-epochs-correct-data/models/last_model.pth
2025-12-20 01:11:39 - preprocess - INFO - Train Epoch 1943 | Loss: 0.124452, Mean Loss: 0.128475
2025-12-20 01:11:40 - preprocess - INFO - Validation Epoch 1943 | Loss: 0.484670
2025-12-20 01:11:40 - preprocess - INFO - Last model saved: results/diffusion/unet-2000-epochs-correct-data/models/last_model.pth
2025-12-20 01:11:46 - preprocess - INFO - Train Epoch 1944 | Loss: 0.112774, Mean Loss: 0.124550
2025-12-20 01:11:47 - preprocess - INFO - Validation Epoch 1944 | Loss: 0.549325
2025-12-20 01:11:47 - preprocess - INFO - Last model saved: results/diffusion/unet-2000-epochs-correct-data/models/last_model.pth
2025-12-20 01:11:53 - preprocess - INFO - Train Epoch 1945 | Loss: 0.142417, Mean Loss: 0.128123
2025-12-20 01:11:55 - preprocess - INFO - Validation Epoch 1945 | Loss: 0.483647
2025-12-20 01:11:55 - preprocess - INFO - Last model saved: results/diffusion/unet-2000-epochs-correct-data/models/last_model.pth
2025-12-20 01:12:01 - preprocess - INFO - Train Epoch 1946 | Loss: 0.110250, Mean Loss: 0.125144
2025-12-20 01:12:02 - preprocess - INFO - Validation Epoch 1946 | Loss: 0.513663
2025-12-20 01:12:02 - preprocess - INFO - Last model saved: results/diffusion/unet-2000-epochs-correct-data/models/last_model.pth
2025-12-20 01:12:08 - preprocess - INFO - Train Epoch 1947 | Loss: 0.119398, Mean Loss: 0.124323
2025-12-20 01:12:09 - preprocess - INFO - Validation Epoch 1947 | Loss: 0.436339
2025-12-20 01:12:09 - preprocess - INFO - Last model saved: results/diffusion/unet-2000-epochs-correct-data/models/last_model.pth
2025-12-20 01:12:15 - preprocess - INFO - Train Epoch 1948 | Loss: 0.149198, Mean Loss: 0.127433
2025-12-20 01:12:16 - preprocess - INFO - Validation Epoch 1948 | Loss: 0.544551
2025-12-20 01:12:16 - preprocess - INFO - Last model saved: results/diffusion/unet-2000-epochs-correct-data/models/last_model.pth
2025-12-20 01:12:22 - preprocess - INFO - Train Epoch 1949 | Loss: 0.131360, Mean Loss: 0.127869
2025-12-20 01:12:23 - preprocess - INFO - Validation Epoch 1949 | Loss: 0.522159
2025-12-20 01:12:23 - preprocess - INFO - Last model saved: results/diffusion/unet-2000-epochs-correct-data/models/last_model.pth
2025-12-20 01:12:31 - preprocess - INFO - Train Epoch 1950 | Loss: 0.108866, Mean Loss: 0.125969
2025-12-20 01:12:32 - preprocess - INFO - Validation Epoch 1950 | Loss: 0.440842
2025-12-20 01:12:32 - preprocess - INFO - Last model saved: results/diffusion/unet-2000-epochs-correct-data/models/last_model.pth
2025-12-20 01:14:03 - preprocess - INFO - Train Epoch 1951 | Loss: 0.121035, Mean Loss: 0.121035
2025-12-20 01:14:04 - preprocess - INFO - Validation Epoch 1951 | Loss: 0.449032
2025-12-20 01:14:04 - preprocess - INFO - Last model saved: results/diffusion/unet-2000-epochs-correct-data/models/last_model.pth
2025-12-20 01:14:10 - preprocess - INFO - Train Epoch 1952 | Loss: 0.126058, Mean Loss: 0.123547
2025-12-20 01:14:11 - preprocess - INFO - Validation Epoch 1952 | Loss: 0.660158
2025-12-20 01:14:11 - preprocess - INFO - Last model saved: results/diffusion/unet-2000-epochs-correct-data/models/last_model.pth
2025-12-20 01:14:17 - preprocess - INFO - Train Epoch 1953 | Loss: 0.119691, Mean Loss: 0.122262
2025-12-20 01:14:18 - preprocess - INFO - Validation Epoch 1953 | Loss: 0.434677
2025-12-20 01:14:19 - preprocess - INFO - Last model saved: results/diffusion/unet-2000-epochs-correct-data/models/last_model.pth
2025-12-20 01:14:25 - preprocess - INFO - Train Epoch 1954 | Loss: 0.127364, Mean Loss: 0.123537
2025-12-20 01:14:26 - preprocess - INFO - Validation Epoch 1954 | Loss: 0.440613
2025-12-20 01:14:26 - preprocess - INFO - Last model saved: results/diffusion/unet-2000-epochs-correct-data/models/last_model.pth
2025-12-20 01:14:32 - preprocess - INFO - Train Epoch 1955 | Loss: 0.114863, Mean Loss: 0.121802
2025-12-20 01:14:33 - preprocess - INFO - Validation Epoch 1955 | Loss: 0.389092
2025-12-20 01:14:33 - preprocess - INFO - Last model saved: results/diffusion/unet-2000-epochs-correct-data/models/last_model.pth
2025-12-20 01:14:40 - preprocess - INFO - Train Epoch 1956 | Loss: 0.112868, Mean Loss: 0.120313
2025-12-20 01:14:41 - preprocess - INFO - Validation Epoch 1956 | Loss: 0.463994
2025-12-20 01:14:41 - preprocess - INFO - Last model saved: results/diffusion/unet-2000-epochs-correct-data/models/last_model.pth
2025-12-20 01:14:48 - preprocess - INFO - Train Epoch 1957 | Loss: 0.123708, Mean Loss: 0.120798
2025-12-20 01:14:50 - preprocess - INFO - Validation Epoch 1957 | Loss: 0.520020
2025-12-20 01:14:50 - preprocess - INFO - Last model saved: results/diffusion/unet-2000-epochs-correct-data/models/last_model.pth
2025-12-20 01:14:56 - preprocess - INFO - Train Epoch 1958 | Loss: 0.134579, Mean Loss: 0.122521
2025-12-20 01:14:58 - preprocess - INFO - Validation Epoch 1958 | Loss: 0.386940
2025-12-20 01:14:58 - preprocess - INFO - Last model saved: results/diffusion/unet-2000-epochs-correct-data/models/last_model.pth
2025-12-20 01:15:04 - preprocess - INFO - Train Epoch 1959 | Loss: 0.129074, Mean Loss: 0.123249
2025-12-20 01:15:06 - preprocess - INFO - Validation Epoch 1959 | Loss: 0.639365
2025-12-20 01:15:06 - preprocess - INFO - Last model saved: results/diffusion/unet-2000-epochs-correct-data/models/last_model.pth
2025-12-20 01:15:12 - preprocess - INFO - Train Epoch 1960 | Loss: 0.146772, Mean Loss: 0.125601
2025-12-20 01:15:13 - preprocess - INFO - Validation Epoch 1960 | Loss: 0.530641
2025-12-20 01:15:13 - preprocess - INFO - Last model saved: results/diffusion/unet-2000-epochs-correct-data/models/last_model.pth
2025-12-20 01:16:39 - preprocess - INFO - Train Epoch 1961 | Loss: 0.114911, Mean Loss: 0.114911
2025-12-20 01:16:40 - preprocess - INFO - Validation Epoch 1961 | Loss: 0.363382
2025-12-20 01:16:40 - preprocess - INFO - Last model saved: results/diffusion/unet-2000-epochs-correct-data/models/last_model.pth
2025-12-20 01:16:44 - preprocess - INFO - Train Epoch 1962 | Loss: 0.133157, Mean Loss: 0.124034
2025-12-20 01:16:45 - preprocess - INFO - Validation Epoch 1962 | Loss: 0.418227
2025-12-20 01:16:45 - preprocess - INFO - Last model saved: results/diffusion/unet-2000-epochs-correct-data/models/last_model.pth
2025-12-20 01:16:51 - preprocess - INFO - Train Epoch 1963 | Loss: 0.134238, Mean Loss: 0.127435
2025-12-20 01:16:52 - preprocess - INFO - Validation Epoch 1963 | Loss: 0.510401
2025-12-20 01:16:53 - preprocess - INFO - Last model saved: results/diffusion/unet-2000-epochs-correct-data/models/last_model.pth
2025-12-20 01:16:58 - preprocess - INFO - Train Epoch 1964 | Loss: 0.127906, Mean Loss: 0.127553
2025-12-20 01:16:59 - preprocess - INFO - Validation Epoch 1964 | Loss: 0.444119
2025-12-20 01:16:59 - preprocess - INFO - Last model saved: results/diffusion/unet-2000-epochs-correct-data/models/last_model.pth
2025-12-20 01:17:04 - preprocess - INFO - Train Epoch 1965 | Loss: 0.145082, Mean Loss: 0.131059
2025-12-20 01:17:05 - preprocess - INFO - Validation Epoch 1965 | Loss: 0.424190
2025-12-20 01:17:05 - preprocess - INFO - Last model saved: results/diffusion/unet-2000-epochs-correct-data/models/last_model.pth
2025-12-20 01:17:11 - preprocess - INFO - Train Epoch 1966 | Loss: 0.134486, Mean Loss: 0.131630
2025-12-20 01:17:12 - preprocess - INFO - Validation Epoch 1966 | Loss: 0.442419
2025-12-20 01:17:12 - preprocess - INFO - Last model saved: results/diffusion/unet-2000-epochs-correct-data/models/last_model.pth
2025-12-20 01:17:18 - preprocess - INFO - Train Epoch 1967 | Loss: 0.129834, Mean Loss: 0.131374
2025-12-20 01:17:19 - preprocess - INFO - Validation Epoch 1967 | Loss: 0.507863
2025-12-20 01:17:19 - preprocess - INFO - Last model saved: results/diffusion/unet-2000-epochs-correct-data/models/last_model.pth
2025-12-20 01:17:25 - preprocess - INFO - Train Epoch 1968 | Loss: 0.130123, Mean Loss: 0.131217
2025-12-20 01:17:26 - preprocess - INFO - Validation Epoch 1968 | Loss: 0.499908
2025-12-20 01:17:26 - preprocess - INFO - Last model saved: results/diffusion/unet-2000-epochs-correct-data/models/last_model.pth
2025-12-20 01:17:32 - preprocess - INFO - Train Epoch 1969 | Loss: 0.125253, Mean Loss: 0.130555
2025-12-20 01:17:32 - preprocess - INFO - Validation Epoch 1969 | Loss: 0.562566
2025-12-20 01:17:32 - preprocess - INFO - Last model saved: results/diffusion/unet-2000-epochs-correct-data/models/last_model.pth
2025-12-20 01:17:38 - preprocess - INFO - Train Epoch 1970 | Loss: 0.143803, Mean Loss: 0.131879
2025-12-20 01:17:39 - preprocess - INFO - Validation Epoch 1970 | Loss: 0.565162
2025-12-20 01:17:39 - preprocess - INFO - Last model saved: results/diffusion/unet-2000-epochs-correct-data/models/last_model.pth
2025-12-20 01:18:54 - preprocess - INFO - Train Epoch 1971 | Loss: 0.154072, Mean Loss: 0.154072
2025-12-20 01:18:55 - preprocess - INFO - Validation Epoch 1971 | Loss: 0.549856
2025-12-20 01:18:55 - preprocess - INFO - Last model saved: results/diffusion/unet-2000-epochs-correct-data/models/last_model.pth
2025-12-20 01:18:59 - preprocess - INFO - Train Epoch 1972 | Loss: 0.111073, Mean Loss: 0.132572
2025-12-20 01:19:00 - preprocess - INFO - Validation Epoch 1972 | Loss: 0.597245
2025-12-20 01:19:00 - preprocess - INFO - Last model saved: results/diffusion/unet-2000-epochs-correct-data/models/last_model.pth
2025-12-20 01:19:04 - preprocess - INFO - Train Epoch 1973 | Loss: 0.126982, Mean Loss: 0.130709
2025-12-20 01:19:04 - preprocess - INFO - Validation Epoch 1973 | Loss: 0.418169
2025-12-20 01:19:04 - preprocess - INFO - Last model saved: results/diffusion/unet-2000-epochs-correct-data/models/last_model.pth
2025-12-20 01:19:08 - preprocess - INFO - Train Epoch 1974 | Loss: 0.121878, Mean Loss: 0.128501
2025-12-20 01:19:09 - preprocess - INFO - Validation Epoch 1974 | Loss: 0.384536
2025-12-20 01:19:09 - preprocess - INFO - Last model saved: results/diffusion/unet-2000-epochs-correct-data/models/last_model.pth
2025-12-20 01:19:14 - preprocess - INFO - Train Epoch 1975 | Loss: 0.135535, Mean Loss: 0.129908
2025-12-20 01:19:14 - preprocess - INFO - Validation Epoch 1975 | Loss: 0.463117
2025-12-20 01:19:15 - preprocess - INFO - Last model saved: results/diffusion/unet-2000-epochs-correct-data/models/last_model.pth
2025-12-20 01:19:19 - preprocess - INFO - Train Epoch 1976 | Loss: 0.144944, Mean Loss: 0.132414
2025-12-20 01:19:20 - preprocess - INFO - Validation Epoch 1976 | Loss: 0.549688
2025-12-20 01:19:20 - preprocess - INFO - Last model saved: results/diffusion/unet-2000-epochs-correct-data/models/last_model.pth
2025-12-20 01:19:25 - preprocess - INFO - Train Epoch 1977 | Loss: 0.147310, Mean Loss: 0.134542
2025-12-20 01:19:26 - preprocess - INFO - Validation Epoch 1977 | Loss: 0.593995
2025-12-20 01:19:26 - preprocess - INFO - Last model saved: results/diffusion/unet-2000-epochs-correct-data/models/last_model.pth
2025-12-20 01:19:31 - preprocess - INFO - Train Epoch 1978 | Loss: 0.138993, Mean Loss: 0.135098
2025-12-20 01:19:32 - preprocess - INFO - Validation Epoch 1978 | Loss: 0.487190
2025-12-20 01:19:32 - preprocess - INFO - Last model saved: results/diffusion/unet-2000-epochs-correct-data/models/last_model.pth
2025-12-20 01:19:37 - preprocess - INFO - Train Epoch 1979 | Loss: 0.129300, Mean Loss: 0.134454
2025-12-20 01:19:38 - preprocess - INFO - Validation Epoch 1979 | Loss: 0.543901
2025-12-20 01:19:38 - preprocess - INFO - Last model saved: results/diffusion/unet-2000-epochs-correct-data/models/last_model.pth
2025-12-20 01:19:44 - preprocess - INFO - Train Epoch 1980 | Loss: 0.136099, Mean Loss: 0.134618
2025-12-20 01:19:45 - preprocess - INFO - Validation Epoch 1980 | Loss: 0.512232
2025-12-20 01:19:45 - preprocess - INFO - Last model saved: results/diffusion/unet-2000-epochs-correct-data/models/last_model.pth
2025-12-20 01:21:05 - preprocess - INFO - Train Epoch 1981 | Loss: 0.168635, Mean Loss: 0.168635
2025-12-20 01:21:06 - preprocess - INFO - Validation Epoch 1981 | Loss: 0.516557
2025-12-20 01:21:06 - preprocess - INFO - Last model saved: results/diffusion/unet-2000-epochs-correct-data/models/last_model.pth
2025-12-20 01:21:11 - preprocess - INFO - Train Epoch 1982 | Loss: 0.139547, Mean Loss: 0.154091
2025-12-20 01:21:12 - preprocess - INFO - Validation Epoch 1982 | Loss: 0.442668
2025-12-20 01:21:12 - preprocess - INFO - Last model saved: results/diffusion/unet-2000-epochs-correct-data/models/last_model.pth
2025-12-20 01:21:16 - preprocess - INFO - Train Epoch 1983 | Loss: 0.137807, Mean Loss: 0.148663
2025-12-20 01:21:16 - preprocess - INFO - Validation Epoch 1983 | Loss: 0.525312
2025-12-20 01:21:16 - preprocess - INFO - Last model saved: results/diffusion/unet-2000-epochs-correct-data/models/last_model.pth
2025-12-20 01:21:20 - preprocess - INFO - Train Epoch 1984 | Loss: 0.128447, Mean Loss: 0.143609
2025-12-20 01:21:21 - preprocess - INFO - Validation Epoch 1984 | Loss: 0.609216
2025-12-20 01:21:21 - preprocess - INFO - Last model saved: results/diffusion/unet-2000-epochs-correct-data/models/last_model.pth
2025-12-20 01:21:25 - preprocess - INFO - Train Epoch 1985 | Loss: 0.130796, Mean Loss: 0.141046
2025-12-20 01:21:26 - preprocess - INFO - Validation Epoch 1985 | Loss: 0.498706
2025-12-20 01:21:26 - preprocess - INFO - Last model saved: results/diffusion/unet-2000-epochs-correct-data/models/last_model.pth
2025-12-20 01:21:30 - preprocess - INFO - Train Epoch 1986 | Loss: 0.117157, Mean Loss: 0.137065
2025-12-20 01:21:31 - preprocess - INFO - Validation Epoch 1986 | Loss: 0.463056
2025-12-20 01:21:31 - preprocess - INFO - Last model saved: results/diffusion/unet-2000-epochs-correct-data/models/last_model.pth
2025-12-20 01:21:36 - preprocess - INFO - Train Epoch 1987 | Loss: 0.131796, Mean Loss: 0.136312
2025-12-20 01:21:36 - preprocess - INFO - Validation Epoch 1987 | Loss: 0.598663
2025-12-20 01:21:36 - preprocess - INFO - Last model saved: results/diffusion/unet-2000-epochs-correct-data/models/last_model.pth
2025-12-20 01:21:41 - preprocess - INFO - Train Epoch 1988 | Loss: 0.138528, Mean Loss: 0.136589
2025-12-20 01:21:42 - preprocess - INFO - Validation Epoch 1988 | Loss: 0.490769
2025-12-20 01:21:42 - preprocess - INFO - Last model saved: results/diffusion/unet-2000-epochs-correct-data/models/last_model.pth
2025-12-20 01:21:47 - preprocess - INFO - Train Epoch 1989 | Loss: 0.122353, Mean Loss: 0.135007
2025-12-20 01:21:48 - preprocess - INFO - Validation Epoch 1989 | Loss: 0.509719
2025-12-20 01:21:48 - preprocess - INFO - Last model saved: results/diffusion/unet-2000-epochs-correct-data/models/last_model.pth
2025-12-20 01:21:53 - preprocess - INFO - Train Epoch 1990 | Loss: 0.138699, Mean Loss: 0.135376
2025-12-20 01:21:54 - preprocess - INFO - Validation Epoch 1990 | Loss: 0.540306
2025-12-20 01:21:54 - preprocess - INFO - Last model saved: results/diffusion/unet-2000-epochs-correct-data/models/last_model.pth
2025-12-20 01:23:11 - preprocess - INFO - Train Epoch 1991 | Loss: 0.120283, Mean Loss: 0.120283
2025-12-20 01:23:12 - preprocess - INFO - Validation Epoch 1991 | Loss: 0.579829
2025-12-20 01:23:12 - preprocess - INFO - Last model saved: results/diffusion/unet-2000-epochs-correct-data/models/last_model.pth
2025-12-20 01:23:17 - preprocess - INFO - Train Epoch 1992 | Loss: 0.114945, Mean Loss: 0.117614
2025-12-20 01:23:18 - preprocess - INFO - Validation Epoch 1992 | Loss: 0.454591
2025-12-20 01:23:18 - preprocess - INFO - Last model saved: results/diffusion/unet-2000-epochs-correct-data/models/last_model.pth
2025-12-20 01:23:22 - preprocess - INFO - Train Epoch 1993 | Loss: 0.110998, Mean Loss: 0.115409
2025-12-20 01:23:23 - preprocess - INFO - Validation Epoch 1993 | Loss: 0.604008
2025-12-20 01:23:23 - preprocess - INFO - Last model saved: results/diffusion/unet-2000-epochs-correct-data/models/last_model.pth
2025-12-20 01:23:28 - preprocess - INFO - Train Epoch 1994 | Loss: 0.118456, Mean Loss: 0.116170
2025-12-20 01:23:29 - preprocess - INFO - Validation Epoch 1994 | Loss: 0.367092
2025-12-20 01:23:29 - preprocess - INFO - Last model saved: results/diffusion/unet-2000-epochs-correct-data/models/last_model.pth
2025-12-20 01:23:34 - preprocess - INFO - Train Epoch 1995 | Loss: 0.111557, Mean Loss: 0.115248
2025-12-20 01:23:35 - preprocess - INFO - Validation Epoch 1995 | Loss: 0.562477
2025-12-20 01:23:35 - preprocess - INFO - Last model saved: results/diffusion/unet-2000-epochs-correct-data/models/last_model.pth
2025-12-20 01:23:40 - preprocess - INFO - Train Epoch 1996 | Loss: 0.124592, Mean Loss: 0.116805
2025-12-20 01:23:41 - preprocess - INFO - Validation Epoch 1996 | Loss: 0.574173
2025-12-20 01:23:41 - preprocess - INFO - Last model saved: results/diffusion/unet-2000-epochs-correct-data/models/last_model.pth
2025-12-20 01:23:47 - preprocess - INFO - Train Epoch 1997 | Loss: 0.119838, Mean Loss: 0.117238
2025-12-20 01:23:48 - preprocess - INFO - Validation Epoch 1997 | Loss: 0.459983
2025-12-20 01:23:48 - preprocess - INFO - Last model saved: results/diffusion/unet-2000-epochs-correct-data/models/last_model.pth
2025-12-20 01:23:54 - preprocess - INFO - Train Epoch 1998 | Loss: 0.117923, Mean Loss: 0.117324
2025-12-20 01:23:55 - preprocess - INFO - Validation Epoch 1998 | Loss: 0.612634
2025-12-20 01:23:55 - preprocess - INFO - Last model saved: results/diffusion/unet-2000-epochs-correct-data/models/last_model.pth
2025-12-20 01:24:00 - preprocess - INFO - Train Epoch 1999 | Loss: 0.134169, Mean Loss: 0.119196
2025-12-20 01:24:01 - preprocess - INFO - Validation Epoch 1999 | Loss: 0.582773
2025-12-20 01:24:02 - preprocess - INFO - Last model saved: results/diffusion/unet-2000-epochs-correct-data/models/last_model.pth
2025-12-20 01:24:08 - preprocess - INFO - Train Epoch 2000 | Loss: 0.159191, Mean Loss: 0.123195
2025-12-20 01:24:09 - preprocess - INFO - Validation Epoch 2000 | Loss: 0.465284
2025-12-20 01:24:09 - preprocess - INFO - Last model saved: results/diffusion/unet-2000-epochs-correct-data/models/last_model.pth
2025-12-20 01:25:13 - preprocess - INFO - Final model saved: results/diffusion/unet-2000-epochs-correct-data/models/last_model.pth
2025-12-20 01:25:13 - preprocess - INFO - Best validation loss: 0.191574
2025-12-20 01:25:13 - preprocess - INFO - ============================================================
2025-12-20 01:25:13 - preprocess - INFO - Diffusion model training completed successfully
2025-12-20 01:25:13 - preprocess - INFO - ============================================================
