{"mean": -75.45652770996094, "std": 82.84485626220703}