{"loudness": {"cl": 0.006074338685721159, "fl": 0.006387063767760992, "ob": 0.008980192244052887, "sax": 0.006330019794404507, "tpt": 0.005784901790320873, "vn": 0.0068174367770552635, "tbn": 0.004175092559307814, "vc": 0.006025755777955055, "hn": 0.004504915326833725, "tba": 0.004255295731127262, "va": 0.007605116814374924, "bn": 0.008975844830274582, "db": 0.004542762879282236}, "pitch": {"cl": 220.34326171875, "fl": 487.2261657714844, "ob": 79.70655059814453, "sax": 194.4798583984375, "tpt": 244.4947509765625, "vn": 268.4123840332031, "tbn": 80.9791259765625, "vc": 51.64138412475586, "hn": 210.9226837158203, "tba": 40.1650390625, "va": 85.15654754638672, "bn": 132.50479125976562, "db": 36.54466247558594}, "z_feature": {"cl": [0.0004301282751839608, 0.0002273897989653051, 0.0003084543568547815, 0.00042155839037150145, 0.0002587854105513543, 0.00031401016167365015, 0.0004036592144984752, 0.00036151905078440905, 0.00047648363397456706, 0.00025056488811969757, 0.00018083944451063871, 0.0005135153769515455, 0.0004223682335577905, 0.0002146015758626163, 0.00022331767831929028, 0.00024720135843381286], "fl": [0.0004469111154321581, 0.0002540784771554172, 0.00025985707179643214, 0.00048017740482464433, 0.000306691974401474, 0.00036970138899050653, 0.00039505193126387894, 0.0003422657900955528, 0.0004800900933332741, 0.0002524671726860106, 0.0002674004063010216, 0.00070337945362553, 0.0005534915835596621, 0.00020044413395226002, 0.00021100549201946706, 0.00022664974676445127], "ob": [0.0002645096101332456, 0.00018491967057343572, 0.00022460060426965356, 0.00024589698296040297, 0.0001810665853554383, 0.00022307955077849329, 0.00023959443205967546, 0.00024437447427771986, 0.0002612037933431566, 0.00015684266691096127, 0.0001872144639492035, 0.0002834975311998278, 0.0003300716634839773, 0.00011236369755351916, 0.00017888157162815332, 0.00013312220107764006], "sax": [0.0003422923036850989, 0.00019649200839921832, 0.0002915312652476132, 0.00043945637298747897, 0.0002850954479072243, 0.00029527628794312477, 0.0004022098146378994, 0.0005278924945741892, 0.00037568825064226985, 0.00022407333017326891, 0.0001953739410964772, 0.00046064419439062476, 0.0003774630604311824, 0.00020743414643220603, 0.00022617603826802224, 0.0002526998578105122], "tpt": [0.00043308810563758016, 0.00019949012494180351, 0.0002338928316021338, 0.00043322754208929837, 0.00026406857068650424, 0.00031243189005181193, 0.00032374190050177276, 0.00036134652327746153, 0.00039143319008871913, 0.00020587260951288044, 0.00016354866966139525, 0.00048351704026572406, 0.0003974060236942023, 0.0002002503169933334, 0.00022650029859505594, 0.00014061138790566474], "vn": [0.0004371004179120064, 0.000257985113421455, 0.0002451105392538011, 0.00048777126357890666, 0.00024707018746994436, 0.0003130290424451232, 0.0003175862366333604, 0.0002906602749135345, 0.0004671288770623505, 0.00025324654416181147, 0.00022730129421688616, 0.0004906910471618176, 0.0004349160008132458, 0.00017660912999417633, 0.00024281631340272725, 0.00018651739810593426], "tbn": [0.00031466971267946064, 0.0002682208432815969, 0.00027915186365135014, 0.0005566658219322562, 0.00029579291003756225, 0.0004051209252793342, 0.0003750887990463525, 0.00046479649608954787, 0.0003446919727139175, 0.00031242836848832667, 0.00022626154532190412, 0.0004885322414338589, 0.0003918228321708739, 0.0001988372387131676, 0.0002298584731761366, 0.0002775700995698571], "vc": [0.00037730380427092314, 0.00033658352913334966, 0.0003606957325246185, 0.0005635330453515053, 0.0003850165521726012, 0.000574287143535912, 0.0006404386949725449, 0.0004860338813159615, 0.0004517825145740062, 0.00041924064862541854, 0.0003815599193330854, 0.0005492844502441585, 0.0005613845423795283, 0.0002459501556586474, 0.00030010906630195677, 0.0003478956641629338], "hn": [0.00024482846492901444, 0.0001887747348519042, 0.0002866760769393295, 0.00046245966223068535, 0.0002984813181683421, 0.0003222038794774562, 0.00030155506101436913, 0.0004504486278165132, 0.0002977198164444417, 0.00015079158765729517, 0.00014720125182066113, 0.0003648392448667437, 0.0003166838432662189, 0.0001647156896069646, 0.00017304868379142135, 0.00018318856018595397], "tba": [0.0003406433097552508, 0.00038743673940189183, 0.0004351474344730377, 0.0005843740073032677, 0.00038105694693513215, 0.0004860770422965288, 0.0007457586470991373, 0.000745622266549617, 0.0004846669908147305, 0.00046494905836880207, 0.0002904526190832257, 0.000567584706004709, 0.0005728482501581311, 0.0003334525099489838, 0.0002942951978184283, 0.0003478277940303087], "va": [0.000415779126342386, 0.0002597543643787503, 0.00032681290758773685, 0.0005378697533160448, 0.00029361373162828386, 0.000353498850017786, 0.00041612537461332977, 0.00042238831520080566, 0.0003628022677730769, 0.00024787039728835225, 0.0002706398081500083, 0.0005772932781837881, 0.000497318513225764, 0.00023007729032542557, 0.00027531792875379324, 0.00036662473576143384], "bn": [0.00019796656852122396, 0.0001406386581948027, 0.00014493672642856836, 0.00025483526405878365, 0.00020999120897613466, 0.00019223782874178141, 0.0001986887218663469, 0.0002240263856947422, 0.00016168422007467598, 0.00017168001795653254, 0.0001412439887644723, 0.0002492285566404462, 0.0002407291904091835, 0.00012580252951011062, 0.00011575560347409919, 0.00014028111763764173], "db": [0.0004918728373013437, 0.000329725444316864, 0.00027169150416739285, 0.0005090013146400452, 0.00034613950992934406, 0.0004911075229756534, 0.0005167745403014123, 0.00045646587386727333, 0.00045951417996548116, 0.0003320610849186778, 0.00034065169165842235, 0.0006174814770929515, 0.00045982550363987684, 0.0001981727546080947, 0.00026255164993926883, 0.00033475461532361805]}}