{"loudness": {"cl": 41.68983840942383, "fl": 43.836151123046875, "ob": 61.63349151611328, "sax": 43.44464111328125, "tpt": 39.70334243774414, "vn": 46.7899169921875, "tbn": 28.654788970947266, "vc": 41.35639953613281, "hn": 30.918453216552734, "tba": 29.20524787902832, "va": 52.19597244262695, "bn": 61.60365676879883, "db": 31.178213119506836}, "pitch": {"cl": 220.34326171875, "fl": 487.2261657714844, "ob": 79.70655059814453, "sax": 194.4798583984375, "tpt": 244.4947509765625, "vn": 268.4123840332031, "tbn": 80.9791259765625, "vc": 51.64138412475586, "hn": 210.9226837158203, "tba": 40.1650390625, "va": 85.15654754638672, "bn": 132.50479125976562, "db": 36.54466247558594}, "z_feature": {"cl": [0.0003207705158274621, 0.0004380698665045202, 0.0009986462537199259, 0.0004168599552940577, 0.00037369117490015924, 0.0005841756938025355, 0.00029076699865981936, 0.00045735674211755395, 0.00043276199721731246, 0.0005723679205402732, 0.0005018571391701698, 0.0003855600079987198, 0.00030096215778030455, 0.0004951045848429203, 0.0004297755949664861, 0.00044065536349080503], "fl": [0.0004300778964534402, 0.0004712542286142707, 0.0006234906031750143, 0.0003591397835407406, 0.00044158249511383474, 0.00048673112178221345, 0.00031823525205254555, 0.00046655285404995084, 0.0005140274297446012, 0.000760866270866245, 0.0005903896526433527, 0.0003120301989838481, 0.00034258986124768853, 0.0005903308629058301, 0.0003905312332790345, 0.00046879894216544926], "ob": [0.00020708997908513993, 0.0002853581390809268, 0.0005052416236139834, 0.00018774092313833535, 0.00020720832981169224, 0.00023633928503841162, 0.00013809702068101615, 0.00023160835553426296, 0.00019584612164180726, 0.00033756790799088776, 0.0003068960504606366, 0.00021107953216414899, 0.0002087232714984566, 0.0002612053940538317, 0.0002851680910680443, 0.00026639943826012313], "sax": [0.0003504549968056381, 0.00041791226249188185, 0.0009004134335555136, 0.0004291968944016844, 0.00027857525856234133, 0.0005403351970016956, 0.00031924512586556375, 0.0005237357108853757, 0.00026711702230386436, 0.0006205360405147076, 0.0004516914195846766, 0.0003718448569998145, 0.0003039017610717565, 0.00044660907587967813, 0.00042724781087599695, 0.00041741179302334785], "tpt": [0.00029431088478304446, 0.0003716796054504812, 0.0005930833867751062, 0.0003868284111376852, 0.00024929718347266316, 0.0005213574040681124, 0.00025643466506153345, 0.0004989769659005105, 0.00030071832588873804, 0.0005432359757833183, 0.0003667097771540284, 0.00036733620800077915, 0.0002618002181407064, 0.0004634337383322418, 0.00036748245474882424, 0.0004955851472914219], "vn": [0.00034741542185656726, 0.0003508891968522221, 0.0006817991379648447, 0.00026103347772732377, 0.0003480518935248256, 0.0004014246223960072, 0.0002972755173686892, 0.0003914548724424094, 0.0003118830791208893, 0.0006063836626708508, 0.0003460720181465149, 0.00034833044628612697, 0.000243058311752975, 0.0003641827788669616, 0.0004905677633360028, 0.00037227768916636705], "tbn": [0.00035199563717469573, 0.0003408578922972083, 0.0010628391755744815, 0.0003639910137280822, 0.0003193585725966841, 0.00048631246318109334, 0.00022298278054222465, 0.00044922789675183594, 0.00026731935213319957, 0.0006223797099664807, 0.00033926242031157017, 0.0003325519501231611, 0.0004623711574822664, 0.0005075064837001264, 0.0004077558114659041, 0.0004630938055925071], "vc": [0.0005036266520619392, 0.0006396108074113727, 0.0011155084939673543, 0.0003536008298397064, 0.0004593588528223336, 0.000626373162958771, 0.0003686528652906418, 0.0005180510343052447, 0.00042177102295681834, 0.0008765253005549312, 0.0005428067524917424, 0.0004613934434019029, 0.000567078881431371, 0.0006028914358466864, 0.0005427819560281932, 0.0006664047250524163], "hn": [0.00029761562473140657, 0.0002746421378105879, 0.0007844772189855576, 0.0003597306786105037, 0.00023397755285259336, 0.0005170760559849441, 0.0002670749381650239, 0.0005214817356318235, 0.00019900362531188875, 0.0004313564277254045, 0.0002730543492361903, 0.0003002904704771936, 0.0003305052814539522, 0.0005090027116239071, 0.00028813767130486667, 0.00033909062040038407], "tba": [0.0004547372227534652, 0.0006093263509683311, 0.0009783210698515177, 0.000553212477825582, 0.00048463171697221696, 0.0004430609114933759, 0.0003246261039748788, 0.0007540300139226019, 0.0004964785766787827, 0.0007709537167102098, 0.000467221369035542, 0.0006450758664868772, 0.0007145294803194702, 0.0006276943604461849, 0.00046381677384488285, 0.0008802371448837221], "va": [0.00036250075208954513, 0.0004975007614120841, 0.0013499883934855461, 0.00033430219627916813, 0.0003481291059870273, 0.0004264951276127249, 0.0004202346608508378, 0.0004901313805021346, 0.00032990428735502064, 0.0007540342630818486, 0.00044776813592761755, 0.00040960178012028337, 0.0003089671372435987, 0.0004047913826070726, 0.00046591321006417274, 0.0004538102075457573], "bn": [0.00017244232003577054, 0.0001641168346395716, 0.00040052065742202103, 0.00019007953233085573, 0.0002007608418352902, 0.00027664084336720407, 0.00012507197970990092, 0.0003114144201390445, 0.00014094157086219639, 0.00038488605059683323, 0.0002783220261335373, 0.00022820728190708905, 0.00024546883651055396, 0.00021469917555805296, 0.00023120494734030217, 0.0002161491138394922], "db": [0.0003597404866013676, 0.00043244348489679396, 0.0008892033365555108, 0.00026212967350147665, 0.00038488657446578145, 0.0004260246641933918, 0.0002905083238147199, 0.0004088848945684731, 0.00038126748404465616, 0.0006199304480105639, 0.00034596986370161176, 0.00036433327477425337, 0.00040041166357696056, 0.0004710009670816362, 0.0003824302402790636, 0.0004914840101264417]}}