{"loudness": {"cl": 0.01013941690325737, "fl": 0.011084693484008312, "ob": 0.015340900048613548, "sax": 0.010307983495295048, "tpt": 0.009879768826067448, "vn": 0.011740870773792267, "tbn": 0.006749675143510103, "vc": 0.010156888514757156, "hn": 0.008025282993912697, "tba": 0.006620686035603285, "va": 0.012344993650913239, "bn": 0.015600506216287613, "db": 0.008305870927870274}, "pitch": {"cl": 252.2213134765625, "fl": 587.9820556640625, "ob": 122.24930572509766, "sax": 269.3864440917969, "tpt": 322.3846740722656, "vn": 343.8767395019531, "tbn": 109.8525619506836, "vc": 65.6502914428711, "hn": 209.360107421875, "tba": 49.78549575805664, "va": 96.11063385009766, "bn": 180.19261169433594, "db": 69.73226165771484}, "z_feature": {"cl": [0.00035565084544941783, 0.00019626767607405782, 0.00026563770370557904, 0.0003046306374017149, 0.00024116328859236091, 0.00025554338935762644, 0.0003149438416585326, 0.000304030574625358, 0.00037963237264193594, 0.0002139150892617181, 0.00015109527157619596, 0.00037596526090055704, 0.0003221425286028534, 0.00016985897673293948, 0.00016820973542053252, 0.00021834314975421876], "fl": [0.00038092146860435605, 0.00023955496726557612, 0.0002447596634738147, 0.0003644780663307756, 0.00029127526795491576, 0.0002995126706082374, 0.0002950165653601289, 0.00032013587770052254, 0.0003805433807428926, 0.0002222324110334739, 0.00021750456653535366, 0.000448482867795974, 0.0003799654950853437, 0.0001472253497922793, 0.0001627535093575716, 0.00020044148550368845], "ob": [0.00023465501726604998, 0.00018469657516106963, 0.0002138221898349002, 0.00023068365408107638, 0.00017819611821323633, 0.00022911115956958383, 0.00023116047668736428, 0.00029184180311858654, 0.00023831089492887259, 0.0001470684801461175, 0.00017056500655598938, 0.00026164177688769996, 0.0002273151621920988, 9.064122423296794e-05, 0.0001454398880014196, 0.00015546307258773595], "sax": [0.0002831110905390233, 0.00019466684898361564, 0.0002660142781678587, 0.00036344851832836866, 0.0002549087512306869, 0.0002628361398819834, 0.00032248362549580634, 0.0004454952431842685, 0.00032335068681277335, 0.00019876287842635065, 0.00016781975864432752, 0.0003318539820611477, 0.0003109606623183936, 0.00014796722098253667, 0.00017956600640900433, 0.00024447753094136715], "tpt": [0.0003697251668199897, 0.00018283181998413056, 0.00022043735953047872, 0.00033583532785996795, 0.00023717706790193915, 0.0002709700202103704, 0.00024560929159633815, 0.00029723835177719593, 0.0003245691768825054, 0.00017355519230477512, 0.00014786876272410154, 0.00035443672095425427, 0.0002991874353028834, 0.00014021525566931814, 0.00016294642409775406, 0.00013903490616939962], "vn": [0.0003428216150496155, 0.00021358704543672502, 0.00020017786300741136, 0.0003675346961244941, 0.0002206352655775845, 0.00024910341016948223, 0.00025532610015943646, 0.0002792475279420614, 0.0003614991728682071, 0.00020057112851645797, 0.00018484023166820407, 0.0003756428777705878, 0.0003057253488805145, 0.00012019940186291933, 0.00017291608673986048, 0.00017694084090180695], "tbn": [0.0003083613410126418, 0.00028225581627339125, 0.00027002557180821896, 0.0004935611505061388, 0.0002810449805110693, 0.000400939752580598, 0.0003711524768732488, 0.0004372342664282769, 0.00040330836782231927, 0.0003304601414129138, 0.00023639135179109871, 0.0004732379165943712, 0.00043036017450504005, 0.00016599900845903903, 0.00021529132209252566, 0.0003028495702892542], "vc": [0.000422987446654588, 0.0003470531082712114, 0.0004042625951115042, 0.0004990193992853165, 0.0004229329351801425, 0.000553632213268429, 0.0005926605081185699, 0.000506368582136929, 0.0004702724108938128, 0.0004507839912548661, 0.00037482997868210077, 0.0005350303836166859, 0.0005922963027842343, 0.00023086665896698833, 0.0002846798743121326, 0.00036225703661330044], "hn": [0.00024458253756165504, 0.0001810370886232704, 0.00024661669158376753, 0.00038127301377244294, 0.0002517085522413254, 0.00026919032097794116, 0.0002580231230240315, 0.00034668759326450527, 0.00026367607642896473, 0.00015179702313616872, 0.00014417676720768213, 0.00028337296680547297, 0.0002960216661449522, 0.0001223232684424147, 0.00013866568042431027, 0.0002019346138695255], "tba": [0.00039244708023034036, 0.0003810165508184582, 0.0004459129413589835, 0.0006015136023052037, 0.00039717162144370377, 0.0004986433777958155, 0.0006408319459296763, 0.0006994269788265228, 0.0005463718553073704, 0.0005190809606574476, 0.0003053036634810269, 0.0005857016076333821, 0.0006272073951549828, 0.0002988962223753333, 0.00031333009246736765, 0.000349086825735867], "va": [0.00036173954140394926, 0.0002699906181078404, 0.0003012256638612598, 0.000478499656310305, 0.0002753687440417707, 0.0003478201979305595, 0.00037559037446044385, 0.0004227033059578389, 0.00036870958865620196, 0.0002586458285804838, 0.00025491201085969806, 0.00048180617159232497, 0.00045127427438274026, 0.00016897142631933093, 0.0002289229742018506, 0.00034103187499567866], "bn": [0.0001669416087679565, 0.0001330722006969154, 0.00015023420564830303, 0.00023118077660910785, 0.0001890162384370342, 0.00021875656966585666, 0.00020875406335107982, 0.00020828162087127566, 0.00018842463032342494, 0.00017536197265144438, 0.00013653087080456316, 0.00025712151546031237, 0.000253400910878554, 9.36554788495414e-05, 9.814092481974512e-05, 0.0001492269366281107], "db": [0.0004361642641015351, 0.00033129844814538956, 0.00026877530035562813, 0.00039279498741962016, 0.0003141883935313672, 0.0004563331021927297, 0.0004525527765508741, 0.00038662852603010833, 0.00041980890091508627, 0.00028633876354433596, 0.0002650465758051723, 0.0004375441058073193, 0.00040322294807992876, 0.00016210510511882603, 0.00021550660312641412, 0.0002834402839653194]}}