{"loudness": {"cl": 69.58956146240234, "fl": 76.0772476196289, "ob": 105.28874969482422, "sax": 70.74647521972656, "tpt": 67.8075180053711, "vn": 80.58077239990234, "tbn": 46.32484817504883, "vc": 69.70947265625, "hn": 55.079689025878906, "tba": 45.4395637512207, "va": 84.7270278930664, "bn": 107.07048034667969, "db": 57.00544738769531}, "pitch": {"cl": 252.2213134765625, "fl": 587.9820556640625, "ob": 122.24930572509766, "sax": 269.3864440917969, "tpt": 322.3846740722656, "vn": 343.8767395019531, "tbn": 109.8525619506836, "vc": 65.6502914428711, "hn": 209.360107421875, "tba": 49.78549575805664, "va": 96.11063385009766, "bn": 180.19261169433594, "db": 69.73226165771484}, "z_feature": {"cl": [0.000249063188675791, 0.0002990728535223752, 0.0007228478789329529, 0.0003333798667881638, 0.0003024220932275057, 0.000489251222461462, 0.00020920601673424244, 0.0004176943621132523, 0.00030227075330913067, 0.00042911007767543197, 0.0004185678844805807, 0.0002902809646911919, 0.0002192911779275164, 0.00034912212868221104, 0.0003696410567499697, 0.0003609175037126988], "fl": [0.000301086955005303, 0.00031762756407260895, 0.0005068048485554755, 0.000300505111226812, 0.0002876231446862221, 0.00041694851825013757, 0.00022878953313920647, 0.0004108533903490752, 0.00034601896186359227, 0.0005057686939835548, 0.0005222783074714243, 0.0002526286116335541, 0.000246029143454507, 0.0003709325392264873, 0.00037146921386010945, 0.00039156529237516224], "ob": [0.00018924687174148858, 0.0002164962497772649, 0.0004648798785638064, 0.00019160137162543833, 0.00019669716130010784, 0.00025881174951791763, 0.00014979331172071397, 0.00022633865592069924, 0.00016389627126045525, 0.0003274516493547708, 0.00027504024910740554, 0.0002370650036027655, 0.000179369977558963, 0.00023758297902531922, 0.00026036109193228185, 0.00022520334459841251], "sax": [0.0002845568233169615, 0.00028701499104499817, 0.0007137692882679403, 0.00032709992956370115, 0.00025949414703063667, 0.0004638961690943688, 0.0002503481518942863, 0.0005156632396392524, 0.00021657349134329706, 0.0004965921398252249, 0.0004098073113709688, 0.0002983838494401425, 0.00023273919941857457, 0.000347978639183566, 0.00038282491732388735, 0.00033210866968147457], "tpt": [0.00021612078126054257, 0.00025474652647972107, 0.0005066805169917643, 0.0003089480160269886, 0.00021108187502250075, 0.00040969165274873376, 0.00018416688544675708, 0.00045730493729934096, 0.00020709485397674143, 0.00041316653368994594, 0.00029456650372594595, 0.00030702786170877516, 0.00020260788733139634, 0.00031534471781924367, 0.0003174453740939498, 0.00042045197915285826], "vn": [0.00026561395497992635, 0.0002476584922987968, 0.0005514489603228867, 0.0002075014781439677, 0.00025583719252608716, 0.0003142460191156715, 0.00022150424774736166, 0.0003460189909674227, 0.00021797670342493802, 0.0004605234134942293, 0.0002890580508392304, 0.0002807801647577435, 0.0001907047553686425, 0.00029058323707431555, 0.000386607222026214, 0.00030586792854592204], "tbn": [0.00032196921529248357, 0.0002982326550409198, 0.0008520310511812568, 0.0003139163600280881, 0.00035632643266581, 0.00040928638190962374, 0.00024905777536332607, 0.0004853478749282658, 0.00026975671062245965, 0.0006225428660400212, 0.0003340138355270028, 0.00033859332324936986, 0.00040490709943696856, 0.0004978275974281132, 0.00037002007593400776, 0.00042659294558689], "vc": [0.0004673889488913119, 0.000513626029714942, 0.0009613307774998248, 0.00032608094625175, 0.0005069434992037714, 0.0005781082436442375, 0.0003883408207911998, 0.000571609300095588, 0.00041134507046081126, 0.0008648867951706052, 0.0005438890075311065, 0.0004613908240571618, 0.0005001752288080752, 0.0005657913279719651, 0.0004975488409399986, 0.0005585300968959928], "hn": [0.0002108983462676406, 0.00020314504217822105, 0.000656063377391547, 0.0002733849687501788, 0.00022027171507943422, 0.0004212180501781404, 0.00020319172472227365, 0.0005044056451879442, 0.0001859448238974437, 0.00038622409920208156, 0.00027500581927597523, 0.0002510178601369262, 0.000285045534837991, 0.0003533240233082324, 0.00025476995506323874, 0.0002812127931974828], "tba": [0.0005350439460016787, 0.0005188751965761185, 0.0009514513076283038, 0.0005094612715765834, 0.0005868143634870648, 0.0004399233148433268, 0.000341946491971612, 0.0008428171277046204, 0.0004756300477311015, 0.0008376261685043573, 0.0005234131240285933, 0.0006256868946366012, 0.0006891832454130054, 0.0006512957625091076, 0.00047040710342116654, 0.0006688099238090217], "va": [0.0002972117508761585, 0.00037770194467157125, 0.0009536477155052125, 0.00029694673139601946, 0.00034217844950035214, 0.0003855146933346987, 0.00034351646900177, 0.0004717217234428972, 0.00028401732561178505, 0.0006472492241300642, 0.0003685237606987357, 0.0003719001542776823, 0.00028848665533587337, 0.00039373093750327826, 0.0004161203105468303, 0.000370416120858863], "bn": [0.0001715042017167434, 0.00017715358990244567, 0.0004296047845855355, 0.00016036612214520574, 0.0002225218340754509, 0.00022228305169846863, 0.0001268925698241219, 0.0003059072478208691, 0.00014952084165997803, 0.00040985565283335745, 0.00020878123177681118, 0.00024548149667680264, 0.00026077963411808014, 0.0002503916039131582, 0.0002045582077698782, 0.0002025316352955997], "db": [0.0003167778777424246, 0.00036144748446531594, 0.0006608450203202665, 0.00023865823459345847, 0.00040150366839952767, 0.00035303106415085495, 0.0002661850885488093, 0.0004160977841820568, 0.00031281093833968043, 0.000554863188881427, 0.000310209026793018, 0.00036855830694548786, 0.0003910603409167379, 0.00043796899262815714, 0.0003530198009684682, 0.0004386040091048926]}}